-- phpMyAdmin SQL Dump
-- version 4.7.9
-- https://www.phpmyadmin.net/
--
-- Host: localhost
-- Generation Time: May 29, 2018 at 01:07 PM
-- Server version: 5.7.21-log
-- PHP Version: 7.2.3

SET SQL_MODE = "NO_AUTO_VALUE_ON_ZERO";
SET AUTOCOMMIT = 0;
START TRANSACTION;
SET time_zone = "+00:00";


/*!40101 SET @OLD_CHARACTER_SET_CLIENT=@@CHARACTER_SET_CLIENT */;
/*!40101 SET @OLD_CHARACTER_SET_RESULTS=@@CHARACTER_SET_RESULTS */;
/*!40101 SET @OLD_COLLATION_CONNECTION=@@COLLATION_CONNECTION */;
/*!40101 SET NAMES utf8mb4 */;

--
-- Database: `idolmart_db`
--

DELIMITER $$
--
-- Procedures
--
CREATE DEFINER=`idolmart_db`@`localhost` PROCEDURE `accTime` (IN `i_from` DATETIME, IN `i_to` DATETIME)  BEGIN
	DECLARE EXIT HANDLER FOR SQLEXCEPTION
		BEGIN
			ROLLBACK;
            RESIGNAL;
		END;
    START TRANSACTION;
    
    SELECT product_code, product_name, SUM(order_product.amount) amount, SUM(order_product.amount*order_product.price) total_sales FROM(
		SELECT * FROM `order`
		WHERE order_time >= i_from
		AND   order_time < i_to
		AND `status` = 'SENT'
	) T1
    JOIN order_product USING(order_code)
    LEFT JOIN product USING(product_code)
    GROUP BY product_code;
    
    COMMIT;
END$$

CREATE DEFINER=`idolmart_db`@`localhost` PROCEDURE `addCart` (IN `i_fbid` VARCHAR(100), IN `i_product_code` VARCHAR(30))  BEGIN
	DECLARE EXIT HANDLER FOR SQLEXCEPTION
		BEGIN
			ROLLBACK;
            RESIGNAL;
		END;
    START TRANSACTION;
    
    
    SET @id = (SELECT customer_id FROM customer WHERE fbid = i_fbid);
	INSERT INTO cart (product_code, customer_id, amount)
		SELECT * FROM (SELECT i_product_code, @id, 1) tmp
		WHERE NOT EXISTS (
			SELECT product_code FROM cart WHERE product_code = i_product_code AND customer_id = @id
		) LIMIT 1;
    
    COMMIT;
END$$

CREATE DEFINER=`idolmart_db`@`localhost` PROCEDURE `addCookie` (IN `i_usr` VARCHAR(30))  BEGIN
	DECLARE EXIT HANDLER FOR SQLEXCEPTION
		BEGIN
			ROLLBACK;
            RESIGNAL;
		END;
    START TRANSACTION;
    
	DELETE FROM admin WHERE admin_user = i_usr;
    
    COMMIT;
END$$

CREATE DEFINER=`idolmart_db`@`localhost` PROCEDURE `adminListOrder` (IN `i_status` VARCHAR(5))  BEGIN
	DECLARE EXIT HANDLER FOR SQLEXCEPTION
		BEGIN
			ROLLBACK;
            RESIGNAL;
		END;
    START TRANSACTION;
    
    CALL expOrder();
	
    SELECT * FROM
		(SELECT * FROM `order` WHERE `status` = i_status) T1
	LEFT JOIN customer
	ON T1.customer_id = customer.customer_id
    ORDER BY IF(`status`='FAIL' OR `status` = 'SENT', order_time, null) DESC, order_time ASC;
    
    COMMIT;
END$$

CREATE DEFINER=`idolmart_db`@`localhost` PROCEDURE `allProduct` ()  BEGIN
	DECLARE EXIT HANDLER FOR SQLEXCEPTION
		BEGIN
			ROLLBACK;
            RESIGNAL;
		END;
    START TRANSACTION;
    
    SELECT
		T1.product_code,
        picture_file,
        product_name,
        price,
        old_price,
        amount,
        IFNULL(book_amount, 0) book_amount
    FROM(
		SELECT MIN(picture_file) picture_file, product_code
        FROM picture
        GROUP BY product_code
	) T1
    LEFT JOIN product
    ON product.product_code = T1.product_code
    LEFT JOIN (
		SELECT SUM(amount) book_amount, product_code
        FROM order_product
        WHERE order_code IN (
			SELECT order_code FROM `order` WHERE `status` = 'BOOK'
        )
        GROUP BY product_code
    ) T2
    ON T2.product_code = T1.product_code
    ORDER BY amount <= 0, product_code;
    
    COMMIT;
END$$

CREATE DEFINER=`idolmart_db`@`localhost` PROCEDURE `amountElection` (IN `i_total` INT, IN `i_fbid` VARCHAR(100))  BEGIN
	DECLARE EXIT HANDLER FOR SQLEXCEPTION
		BEGIN
			ROLLBACK;
            RESIGNAL;
		END;
    START TRANSACTION;
    
    call expElection();
    
    SET @id = IFNULL((SELECT customer_id FROM customer WHERE fbid = i_fbid), -1);
    
    SELECT IFNULL((SELECT (i_total - SUM(amount)) total FROM election WHERE customer_id != @id OR `status` != 'BOOK'), i_total);
    
    COMMIT;
END$$

CREATE DEFINER=`idolmart_db`@`localhost` PROCEDURE `billElection` (IN `i_fbid` VARCHAR(100), IN `i_slip` TEXT)  BEGIN
	DECLARE EXIT HANDLER FOR SQLEXCEPTION
		BEGIN
			ROLLBACK;
            RESIGNAL;
		END;
    START TRANSACTION;
    
    SET @id = (SELECT customer_id FROM customer WHERE fbid = i_fbid);
    
    SELECT election_id FROM election WHERE customer_id = @id AND `status` = 'BOOK';
    
	UPDATE election SET `status` = 'BILL', slip = i_slip WHERE customer_id = @id AND `status` = 'BOOK';
    
    COMMIT;
END$$

CREATE DEFINER=`idolmart_db`@`localhost` PROCEDURE `billOrder` (IN `i_order_code` VARCHAR(10), IN `i_fbid` VARCHAR(100), IN `i_payment_detail` TEXT, IN `i_payment_file` VARCHAR(100))  BEGIN
	DECLARE EXIT HANDLER FOR SQLEXCEPTION
		BEGIN
			ROLLBACK;
            RESIGNAL;
		END;
    START TRANSACTION;
    
    CALL expOrder();
    
    SET @id = (SELECT customer_id FROM customer WHERE fbid = i_fbid);
	
    UPDATE `order`
    SET
		`status` = 'BILL',
		payment_detail = i_payment_detail,
        expire_time = NULL,
        payment_file = i_payment_file
    WHERE order_code = i_order_code AND customer_id = @id;
    SELECT ROW_COUNT();
    
    COMMIT;
END$$

CREATE DEFINER=`idolmart_db`@`localhost` PROCEDURE `chargeOrder` (IN `i_order_code` VARCHAR(10), IN `i_fbid` VARCHAR(100))  BEGIN
	DECLARE EXIT HANDLER FOR SQLEXCEPTION
		BEGIN
			ROLLBACK;
            RESIGNAL;
		END;
    START TRANSACTION;
    
    CALL expOrder();
    
    SET @id = (SELECT customer_id FROM customer WHERE fbid = i_fbid);
	
    SELECT payment_detail FROM `order` WHERE order_code = i_order_code AND customer_id = @id;
    
    COMMIT;
END$$

CREATE DEFINER=`idolmart_db`@`localhost` PROCEDURE `countCart` (IN `i_fbid` VARCHAR(100))  BEGIN
	DECLARE EXIT HANDLER FOR SQLEXCEPTION
		BEGIN
			ROLLBACK;
            RESIGNAL;
		END;
    START TRANSACTION;
    
    
    SET @id = (SELECT customer_id FROM customer WHERE fbid = i_fbid);
	SELECT COUNT(product_code) count FROM cart WHERE customer_id = @id GROUP BY customer_id;
    
    COMMIT;
END$$

CREATE DEFINER=`idolmart_db`@`localhost` PROCEDURE `delAdmin` (IN `i_usr` VARCHAR(30))  BEGIN
	DECLARE EXIT HANDLER FOR SQLEXCEPTION
		BEGIN
			ROLLBACK;
            RESIGNAL;
		END;
    START TRANSACTION;
    
	DELETE FROM admin WHERE admin_user = i_usr;
    
    COMMIT;
END$$

CREATE DEFINER=`idolmart_db`@`localhost` PROCEDURE `delCart` (IN `i_fbid` VARCHAR(100), IN `i_product_code` VARCHAR(30))  BEGIN
	DECLARE EXIT HANDLER FOR SQLEXCEPTION
		BEGIN
			ROLLBACK;
            RESIGNAL;
		END;
    START TRANSACTION;
    
    
    SET @id = (SELECT customer_id FROM customer WHERE fbid = i_fbid);
	DELETE FROM cart WHERE customer_id = @id AND product_code = i_product_code;
    
    COMMIT;
END$$

CREATE DEFINER=`idolmart_db`@`localhost` PROCEDURE `delCookie` (IN `in_key` VARCHAR(64))  BEGIN
	DECLARE EXIT HANDLER FOR SQLEXCEPTION
		BEGIN
			ROLLBACK;
            RESIGNAL;
		END;
    START TRANSACTION;
    
	DELETE FROM cookie WHERE CURRENT_TIMESTAMP > expire_time OR cookie_key=in_key;
	
    COMMIT;
END$$

CREATE DEFINER=`idolmart_db`@`localhost` PROCEDURE `delElection` (IN `i_election_id` INT)  BEGIN
	DECLARE EXIT HANDLER FOR SQLEXCEPTION
		BEGIN
			ROLLBACK;
            RESIGNAL;
		END;
    START TRANSACTION;
    
    DELETE FROM election WHERE election_id = i_election_id;
    
    COMMIT;
END$$

CREATE DEFINER=`idolmart_db`@`localhost` PROCEDURE `editAmount` (IN `i_product_code` VARCHAR(30), IN `i_change_amount` INT, IN `i_username` VARCHAR(30))  BEGIN
	DECLARE EXIT HANDLER FOR SQLEXCEPTION
		BEGIN
			ROLLBACK;
            RESIGNAL;
		END;
    START TRANSACTION;
    
    UPDATE product SET amount = amount + i_change_amount WHERE product_code = i_product_code;
    
    INSERT INTO log (admin_user, detail)
    VALUES (i_username, CONCAT('{"action":"editAmount", "product_code":"',i_product_code,'", "change_amount":"',i_change_amount,'"}'));
    
    COMMIT;
END$$

CREATE DEFINER=`idolmart_db`@`localhost` PROCEDURE `editCart` (IN `i_fbid` VARCHAR(100), IN `i_product_code` VARCHAR(30), IN `i_amount` INT)  BEGIN
	DECLARE EXIT HANDLER FOR SQLEXCEPTION
		BEGIN
			ROLLBACK;
            RESIGNAL;
		END;
    START TRANSACTION;
    
    
    SET @id = (SELECT customer_id FROM customer WHERE fbid = i_fbid);
	UPDATE cart SET amount = i_amount WHERE customer_id = @id AND product_code = i_product_code;
    
    COMMIT;
END$$

CREATE DEFINER=`idolmart_db`@`localhost` PROCEDURE `editFB` (IN `in_fbid` VARCHAR(100), IN `in_fbname` VARCHAR(100), IN `in_fbemail` VARCHAR(100), IN `in_address` TEXT)  BEGIN
	DECLARE EXIT HANDLER FOR SQLEXCEPTION
		BEGIN
			ROLLBACK;
            RESIGNAL;
		END;
    START TRANSACTION;
    
	UPDATE customer SET fbname=in_fbname, fbemail=in_fbemail, address=in_address WHERE fbid = in_fbid;
    
    COMMIT;
END$$

CREATE DEFINER=`idolmart_db`@`localhost` PROCEDURE `editPrice` (IN `i_product_code` VARCHAR(30), IN `i_price` INT, IN `i_username` VARCHAR(30))  BEGIN
	DECLARE EXIT HANDLER FOR SQLEXCEPTION
		BEGIN
			ROLLBACK;
            RESIGNAL;
		END;
    START TRANSACTION;
    
    UPDATE product SET price = i_price WHERE product_code = i_product_code;
    
    INSERT INTO log (admin_user, detail)
    VALUES (i_username, CONCAT('{"action":"editPrice", "product_code":"',i_product_code,'", "price":"',i_price,'"}'));
    
    COMMIT;
END$$

CREATE DEFINER=`idolmart_db`@`localhost` PROCEDURE `expElection` ()  BEGIN
	DECLARE EXIT HANDLER FOR SQLEXCEPTION
		BEGIN
			ROLLBACK;
            RESIGNAL;
		END;
    START TRANSACTION;
    
    DELETE FROM election WHERE `status` = 'BOOK' AND order_time < ADDTIME(CURRENT_TIMESTAMP, '-2:00:00');
    
    COMMIT;
END$$

CREATE DEFINER=`idolmart_db`@`localhost` PROCEDURE `expOrder` ()  BEGIN
	DECLARE EXIT HANDLER FOR SQLEXCEPTION
		BEGIN
			ROLLBACK;
            RESIGNAL;
		END;
    START TRANSACTION;
    
    SET @exp = (
		SELECT GROUP_CONCAT(order_code SEPARATOR ',')
        FROM `order`
        WHERE expire_time IS NOT NULL
        AND expire_time < CURRENT_TIMESTAMP
	);
    
    UPDATE product, (
		SELECT product_code, SUM(amount) exp_amount
		FROM order_product
		WHERE FIND_IN_SET(order_code, @exp)
		GROUP BY product_code
	) T1
    SET product.amount = product.amount + T1.exp_amount
    WHERE product.product_code = T1.product_code;
    
    UPDATE `order` SET `status` = 'FAIL', expire_time = NULL WHERE FIND_IN_SET(order_code, @exp);
    
    COMMIT;
END$$

CREATE DEFINER=`idolmart_db`@`localhost` PROCEDURE `getAdmin` (IN `i_usr` VARCHAR(30))  BEGIN
	DECLARE EXIT HANDLER FOR SQLEXCEPTION
		BEGIN
			ROLLBACK;
            RESIGNAL;
		END;
    START TRANSACTION;
    
	SELECT password_hash FROM admin WHERE admin_user = i_usr;
    
    COMMIT;
END$$

CREATE DEFINER=`idolmart_db`@`localhost` PROCEDURE `getCookie` (IN `in_old_key` VARCHAR(64), IN `in_new_key` VARCHAR(64), IN `in_time` VARCHAR(100))  BEGIN
	DECLARE EXIT HANDLER FOR SQLEXCEPTION
		BEGIN
			ROLLBACK;
            RESIGNAL;
		END;
    START TRANSACTION;
    
	DELETE FROM cookie WHERE CURRENT_TIMESTAMP > expire_time;
    UPDATE cookie SET cookie_key=in_new_key, expire_time=ADDTIME(CURRENT_TIMESTAMP, in_time) WHERE cookie_key=in_old_key;
    SELECT fbid, fbname, fbemail FROM customer 
    WHERE customer_id IN (SELECT customer_id FROM cookie WHERE cookie_key=in_new_key);
	
    COMMIT;
END$$

CREATE DEFINER=`idolmart_db`@`localhost` PROCEDURE `getElection` (IN `i_fbid` VARCHAR(100))  BEGIN
	DECLARE EXIT HANDLER FOR SQLEXCEPTION
		BEGIN
			ROLLBACK;
            RESIGNAL;
		END;
    START TRANSACTION;
    
    call expElection();
    
    SET @id = (SELECT customer_id FROM customer WHERE fbid = i_fbid);
    
	SELECT * FROM election WHERE customer_id = @id ORDER BY order_time DESC;
    
    COMMIT;
END$$

CREATE DEFINER=`idolmart_db`@`localhost` PROCEDURE `getFB` (IN `in_fbid` VARCHAR(100))  BEGIN
	DECLARE EXIT HANDLER FOR SQLEXCEPTION
		BEGIN
			ROLLBACK;
            RESIGNAL;
		END;
    START TRANSACTION;
    
	SELECT fbid, fbname, fbemail, address FROM customer WHERE fbid = in_fbid LIMIT 1;
    
    COMMIT;
END$$

CREATE DEFINER=`idolmart_db`@`localhost` PROCEDURE `getOrder` (IN `i_order_code` VARCHAR(10), IN `i_fbid` VARCHAR(100))  BEGIN
	DECLARE EXIT HANDLER FOR SQLEXCEPTION
		BEGIN
			ROLLBACK;
            RESIGNAL;
		END;
    START TRANSACTION;
    
    CALL expOrder();
    
    SET @id = (SELECT customer_id FROM customer WHERE fbid = i_fbid);
	
    SELECT * FROM
		(SELECT * FROM `order` WHERE order_code = i_order_code AND customer_id = @id) T1
	LEFT JOIN
		(SELECT * FROM customer WHERE customer_id = @id) T2
	ON T1.customer_id = T2.customer_id;
    
    COMMIT;
END$$

CREATE DEFINER=`idolmart_db`@`localhost` PROCEDURE `getOrder_product` (IN `i_order_code` VARCHAR(10), IN `i_fbid` VARCHAR(100))  BEGIN
	DECLARE EXIT HANDLER FOR SQLEXCEPTION
		BEGIN
			ROLLBACK;
            RESIGNAL;
		END;
    START TRANSACTION;
    
    CALL expOrder();
    
    SET @id = (SELECT customer_id FROM customer WHERE fbid = i_fbid);
    SET @order_code = (SELECT order_code FROM `order` WHERE order_code = i_order_code AND customer_id = @id);
	
    SELECT T1.product_code, T1.price, T1.amount, product_name, MIN(picture_file) picture_file
    FROM
		(SELECT product_code, price, amount FROM order_product WHERE order_code = @order_code) T1
	LEFT JOIN product
    ON product.product_code = T1.product_code
    LEFT JOIN picture
    ON picture.product_code = T1.product_code
    GROUP BY T1.product_code;
    
    COMMIT;
END$$

CREATE DEFINER=`idolmart_db`@`localhost` PROCEDURE `getProduct` (IN `i_product_code` VARCHAR(30), IN `i_fbid` VARCHAR(100))  BEGIN
	DECLARE EXIT HANDLER FOR SQLEXCEPTION
		BEGIN
			ROLLBACK;
            RESIGNAL;
		END;
    START TRANSACTION;
    
    SELECT
		T1.product_code,
		product_name,
		price,
        old_price,
		amount,
		product_description,
		tag_name,
		picture_file,
		IFNULL(is_in_cart, 0) is_in_cart,
        IFNULL(book_amount, 0) book_amount
    FROM(
		SELECT product_name, price, old_price, amount, product_description, product_code
		FROM product
		WHERE product_code = i_product_code
    ) T1
    LEFT JOIN(
		SELECT GROUP_CONCAT(tag_name SEPARATOR ' ') tag_name, product_code
		FROM tag_product
		WHERE product_code = i_product_code
		GROUP BY product_code
    ) T2
    ON T1.product_code = T2.product_code
    LEFT JOIN(
		SELECT GROUP_CONCAT(picture_file SEPARATOR ' ') picture_file, product_code
        FROM picture
        WHERE product_code = i_product_code
		GROUP BY product_code
    ) T3
    ON T1.product_code = T3.product_code
    LEFT JOIN(
		SELECT product_code, TRUE is_in_cart
		FROM cart
		WHERE product_code = i_product_code
		AND customer_id = (SELECT customer_id FROM customer WHERE fbid = i_fbid LIMIT 1)
	) T4
    ON T1.product_code = T4.product_code
    LEFT JOIN(
		SELECT SUM(amount) book_amount, product_code
		FROM(
			SELECT order_code, amount, `status`, product_code
			FROM(
				SELECT *
				FROM order_product
				WHERE product_code = i_product_code
			) T6
			LEFT JOIN `order` USING(order_code)
		) T7
        WHERE `status` = 'BOOK'
        GROUP BY product_code
    ) T5
    ON T1.product_code = T5.product_code;
    
    COMMIT;
END$$

CREATE DEFINER=`idolmart_db`@`localhost` PROCEDURE `listCart` (IN `i_fbid` VARCHAR(100))  BEGIN
	DECLARE EXIT HANDLER FOR SQLEXCEPTION
		BEGIN
			ROLLBACK;
            RESIGNAL;
		END;
    START TRANSACTION;
    
    
    SET @id = (SELECT customer_id FROM customer WHERE fbid = i_fbid);
	SELECT
		T1.product_code,
		T1.amount,
        product.amount max_amount,
		price,
		product_name,
		product_description,
		picture_file
    FROM(
		SELECT product_code, amount
        FROM cart
        WHERE customer_id = @id
    ) T1
    LEFT JOIN product
    ON product.product_code = T1.product_code
    LEFT JOIN(
		SELECT GROUP_CONCAT(picture_file SEPARATOR ' ') picture_file, product_code
        FROM picture
		GROUP BY product_code
    ) T2
    ON T2.product_code = T1.product_code;
    
    COMMIT;
END$$

CREATE DEFINER=`idolmart_db`@`localhost` PROCEDURE `listElection` ()  BEGIN
	DECLARE EXIT HANDLER FOR SQLEXCEPTION
		BEGIN
			ROLLBACK;
            RESIGNAL;
		END;
    START TRANSACTION;
    
    SELECT * FROM election;
    
    COMMIT;
END$$

CREATE DEFINER=`idolmart_db`@`localhost` PROCEDURE `listOrder` (IN `i_fbid` VARCHAR(100))  BEGIN
	DECLARE EXIT HANDLER FOR SQLEXCEPTION
		BEGIN
			ROLLBACK;
            RESIGNAL;
		END;
    START TRANSACTION;
    
    CALL expOrder();
    
    SET @id = (SELECT customer_id FROM customer WHERE fbid = i_fbid);
	
    SELECT order_code, order_time, `status`, payment_detail, tracking_no
    FROM `order`
    WHERE customer_id = @id
    ORDER BY order_time DESC;
    
    COMMIT;
END$$

CREATE DEFINER=`idolmart_db`@`localhost` PROCEDURE `listOrderProduct` (IN `i_order_code` TEXT)  BEGIN
	DECLARE EXIT HANDLER FOR SQLEXCEPTION
		BEGIN
			ROLLBACK;
            RESIGNAL;
		END;
    START TRANSACTION;
    
    CALL expOrder();
    
    SELECT picture_file, T1.product_code, T1.amount, T1.price, product_name, T1.order_code
    FROM(
		SELECT *
		FROM order_product
		WHERE FIND_IN_SET(order_code, i_order_code)
	) T1
    LEFT JOIN product
    ON product.product_code = T1.product_code
    LEFT JOIN(
		SELECT MIN(picture_file) picture_file, product_code
        FROM picture
        GROUP BY product_code
    ) T2
    ON T2.product_code = T1.product_code;
    
    COMMIT;
END$$

CREATE DEFINER=`idolmart_db`@`localhost` PROCEDURE `listProduct` ()  BEGIN
	DECLARE EXIT HANDLER FOR SQLEXCEPTION
		BEGIN
			ROLLBACK;
            RESIGNAL;
		END;
    START TRANSACTION;
    
	SELECT 
		category_name,
        product.product_code,
        product_name,
        price,
        IFNULL(amount,0) `show`,
        IFNULL(hide_amount,0) `hide`,
        IFNULL(book,0) book,
        IFNULL(bill,0) bill,
        IFNULL(paid,0) paid,
        IFNULL(`print`,0) `print`,
        IFNULL(pack,0) pack,
        IFNULL(sent,0) sent,
        (IFNULL(amount,0)+IFNULL(hide_amount,0)+IFNULL(book,0)+IFNULL(bill,0)+IFNULL(paid,0)+IFNULL(`print`,0)+IFNULL(pack,0)+IFNULL(sent,0)) total,
        product_description
    FROM product
    LEFT JOIN category
    ON category.category_code = product.category_code
    LEFT JOIN (
		SELECT
			product_code,
            SUM(CASE WHEN `status`='BOOK'  THEN amount END) book ,
            SUM(CASE WHEN `status`='BILL'  THEN amount END) bill ,
            SUM(CASE WHEN `status`='PAID'  THEN amount END) paid ,
            SUM(CASE WHEN `status`='PRINT' THEN amount END) `print`,
            SUM(CASE WHEN `status`='PACK'  THEN amount END) pack ,
            SUM(CASE WHEN `status`='SENT'  THEN amount END) sent
		FROM order_product
		LEFT JOIN `order`
		ON order_product.order_code = `order`.order_code
		GROUP BY product_code
	) T1
    ON T1.product_code = product.product_code;
    
    COMMIT;
END$$

CREATE DEFINER=`idolmart_db`@`localhost` PROCEDURE `loginFB` (IN `in_fbid` VARCHAR(100), IN `in_fbname` VARCHAR(100), IN `in_fbemail` VARCHAR(100))  BEGIN
	DECLARE EXIT HANDLER FOR SQLEXCEPTION
		BEGIN
			ROLLBACK;
            RESIGNAL;
		END;
    START TRANSACTION;
    
	INSERT INTO customer (fbid, fbname, fbemail, address)
		SELECT * FROM (
			SELECT 
				in_fbid,
				in_fbname,
                in_fbemail,
                CONCAT('{"name":"', in_fbname, '","tel":null,"place":null,"subdistrict":null,"district":null,"province":null,"post":null}')
		) tmp
		WHERE NOT EXISTS (
			SELECT fbid FROM customer WHERE fbid = in_fbid
		) LIMIT 1;
        
	SELECT fbid, fbname, fbemail FROM customer WHERE fbid = in_fbid LIMIT 1;
    
    COMMIT;
END$$

CREATE DEFINER=`idolmart_db`@`localhost` PROCEDURE `newAdmin` (IN `i_usr` VARCHAR(30), IN `i_password_hash` VARCHAR(60))  BEGIN
	DECLARE EXIT HANDLER FOR SQLEXCEPTION
		BEGIN
			ROLLBACK;
            RESIGNAL;
		END;
    START TRANSACTION;
    
	INSERT INTO admin VALUES (i_usr, i_password_hash);
    
    COMMIT;
END$$

CREATE DEFINER=`idolmart_db`@`localhost` PROCEDURE `newCookie` (IN `in_key` VARCHAR(64), IN `in_fbid` VARCHAR(100), IN `in_time` VARCHAR(100))  BEGIN
	DECLARE EXIT HANDLER FOR SQLEXCEPTION
		BEGIN
			ROLLBACK;
            RESIGNAL;
		END;
    START TRANSACTION;
    
	DELETE FROM cookie WHERE CURRENT_TIMESTAMP > expire_time;
    INSERT INTO cookie VALUES (in_key, (SELECT customer_id FROM customer WHERE fbid=in_fbid), ADDTIME(CURRENT_TIMESTAMP, in_time));
    
    COMMIT;
END$$

CREATE DEFINER=`idolmart_db`@`localhost` PROCEDURE `newElection` (IN `i_fbid` VARCHAR(100), IN `i_amount` INT)  BEGIN
	DECLARE EXIT HANDLER FOR SQLEXCEPTION
		BEGIN
			ROLLBACK;
            RESIGNAL;
		END;
    START TRANSACTION;
    
    call expElection();
    
    SET @id = (SELECT customer_id FROM customer WHERE fbid = i_fbid);
    
	SET @isExist = IFNULL((SELECT count(election_id) FROM election WHERE customer_id = @id AND `status` = 'BOOK'), FALSE);
    
    IF @isExist THEN
		UPDATE election
        SET amount = i_amount, order_time = CURRENT_TIMESTAMP
        WHERE customer_id = @id
        AND `status` = 'BOOK';
    ELSE
		INSERT INTO election(customer_id, amount, `status`)
        VALUES (@id, i_amount, 'BOOK');
    END IF;
    
    COMMIT;
END$$

CREATE DEFINER=`idolmart_db`@`localhost` PROCEDURE `newOrder` (IN `i_order_code` VARCHAR(10), IN `i_fbid` VARCHAR(100), IN `i_delivery_type` VARCHAR(5), IN `i_delivery_fee` INT, IN `i_add_expire_str` TEXT)  BEGIN
	DECLARE EXIT HANDLER FOR SQLEXCEPTION
		BEGIN
			ROLLBACK;
            RESIGNAL;
		END;
    START TRANSACTION;
    
    SET @id = (SELECT customer_id FROM customer WHERE fbid = i_fbid);
    
    UPDATE product, cart
    SET product.amount = product.amount - cart.amount
    WHERE product.product_code = cart.product_code
    AND customer_id = @id
    AND NOT EXISTS(
		SELECT *
		FROM cart
		LEFT JOIN (SELECT * FROM product) as T1
		ON T1.product_code = cart.product_code
		WHERE T1.amount < cart.amount
        AND customer_id = @id
	);
    IF ROW_COUNT() THEN
		INSERT INTO `order`(
			order_code,
			customer_id,
			`status`,
			order_time,
			delivery_fee,
			discount,
			expire_time,
			delivery_type
        )
        VALUES(
			i_order_code,
			@id,
            'BOOK',
            CURRENT_TIMESTAMP,
            i_delivery_fee,
            0,
            ADDTIME(CURRENT_TIMESTAMP, i_add_expire_str),
            i_delivery_type
        );
        
		INSERT INTO order_product (order_code, product_code, price, amount)
		SELECT i_order_code, T1.product_code, price, T1.amount
        FROM(
			SELECT *
			FROM cart
			WHERE customer_id = @id
		) T1
        LEFT JOIN product
        ON product.product_code = T1.product_code;
        
        DELETE FROM cart WHERE customer_id = @id;
        
        SET @sum_subtotal = (
			SELECT SUM(price*amount)
			FROM order_product
			WHERE order_code = i_order_code
			GROUP BY order_code
		);
        UPDATE `order`
        SET payment_detail = CONCAT('{"total_price":', CAST(@sum_subtotal+delivery_fee-discount AS SIGNED),'}')
        WHERE order_code = i_order_code;
    ELSE
		SELECT product.product_code, product.product_name, product.amount
		FROM cart
		LEFT JOIN product
		ON product.product_code = cart.product_code
		WHERE product.amount < cart.amount
        AND customer_id = @id;
    END IF;
    
    COMMIT;
END$$

CREATE DEFINER=`idolmart_db`@`localhost` PROCEDURE `newProduct` (IN `i_product_code` VARCHAR(30), IN `i_amount` INT, IN `i_hide_amount` INT, IN `i_price` INT, IN `i_product_name` VARCHAR(100), IN `i_product_description` TEXT, IN `i_tag_name` TEXT, IN `i_pic_file` TEXT)  BEGIN
	DECLARE strLen INT DEFAULT 0;
    DECLARE subLen INT DEFAULT 0;
	DECLARE EXIT HANDLER FOR SQLEXCEPTION
		BEGIN
			ROLLBACK;
            RESIGNAL;
		END;
    START TRANSACTION;
    
	INSERT INTO product (
		product_code,
		amount,
        hide_amount,
		price,
		product_name,
		product_description
    )
    VALUES (
		i_product_code,
		i_amount,
        i_hide_amount,
		i_price,
		i_product_name,
		i_product_description
    );
    
    do_tag_name:
      LOOP
		SET strLen = CHAR_LENGTH(i_tag_name);
        INSERT INTO tag_product (tag_name, product_code)
        VALUES(SUBSTRING_INDEX(i_tag_name, ' ', 1), i_product_code);
        SET subLen = CHAR_LENGTH(SUBSTRING_INDEX(i_tag_name, ' ', 1))+2;
        SET i_tag_name = MID(i_tag_name, subLen, strLen);
        IF i_tag_name = '' THEN
          LEAVE do_tag_name;
        END IF;
      END LOOP do_tag_name;
    
    do_pic_file:
      LOOP
		SET strLen = CHAR_LENGTH(i_pic_file);
        INSERT INTO picture (picture_file, product_code)
        VALUES(SUBSTRING_INDEX(i_pic_file, ' ', 1), i_product_code);
        SET subLen = CHAR_LENGTH(SUBSTRING_INDEX(i_pic_file, ' ', 1))+2;
        SET i_pic_file = MID(i_pic_file, subLen, strLen);
        IF i_pic_file = '' THEN
          LEAVE do_pic_file;
        END IF;
      END LOOP do_pic_file;
    
    COMMIT;
END$$

CREATE DEFINER=`idolmart_db`@`localhost` PROCEDURE `paidElection` (IN `i_election_id` INT)  BEGIN
	DECLARE EXIT HANDLER FOR SQLEXCEPTION
		BEGIN
			ROLLBACK;
            RESIGNAL;
		END;
    START TRANSACTION;
    
    SET @max = (SELECT MAX(`from`) FROM election);
    SET @nFrom = IF(@max IS NOT NULL, (SELECT (`from` + amount) nFrom FROM election WHERE `from` = @max), 1);
    
    UPDATE election SET `status` = 'PAID', `from` = @nFrom WHERE election_id = i_election_id AND `from` IS NULL;
    
    SELECT fbemail, fbname, `from`, amount, order_time
    FROM (
		SELECT `from`, amount, customer_id, order_time
		FROM election
        WHERE election_id = i_election_id
	) T1
	LEFT JOIN customer USING(customer_id);
    
    COMMIT;
END$$

CREATE DEFINER=`idolmart_db`@`localhost` PROCEDURE `paidOrder` (IN `i_order_code` VARCHAR(10), IN `i_fbid` VARCHAR(100), IN `i_payment_detail` TEXT)  BEGIN
	DECLARE EXIT HANDLER FOR SQLEXCEPTION
		BEGIN
			ROLLBACK;
            RESIGNAL;
		END;
    START TRANSACTION;
    
    CALL expOrder();
    
    SET @id = (SELECT customer_id FROM customer WHERE fbid = i_fbid);
	
    UPDATE `order`
    SET
		`status` = 'PAID',
		payment_detail = i_payment_detail,
        expire_time = NULL
    WHERE order_code = i_order_code AND customer_id = @id;
    
    COMMIT;
END$$

CREATE DEFINER=`idolmart_db`@`localhost` PROCEDURE `printOrder` (IN `i_username` VARCHAR(30), IN `i_order` TEXT)  BEGIN
	DECLARE EXIT HANDLER FOR SQLEXCEPTION
		BEGIN
			ROLLBACK;
            RESIGNAL;
		END;
    START TRANSACTION;
    
    INSERT INTO log (admin_user, detail) VALUES (i_username, CONCAT('{"action":"printByOrder",','"order":"',i_order,'"}'));
    SET @paid = (SELECT GROUP_CONCAT(order_code SEPARATOR ',') FROM `order` WHERE `status`='PAID');
    SELECT
		T1.order_code,
        CONCAT(delivery_type, ' ',T1.order_code, '(',sum_amount,') ', product_list) order_str,
        payment_detail
    FROM(
		SELECT
			SUM(amount) sum_amount,
            GROUP_CONCAT(CONCAT(product_code,'(',amount,')') SEPARATOR ' ') product_list,
            order_code
        FROM order_product
        WHERE FIND_IN_SET(order_code, IFNULL(i_order, @paid))
        GROUP BY order_code
    ) T1
    LEFT JOIN `order`
    ON `order`.order_code = T1.order_code;
    
    COMMIT;
END$$

CREATE DEFINER=`idolmart_db`@`localhost` PROCEDURE `printSetOrder` (IN `i_order_code` TEXT, IN `i_username` VARCHAR(30))  BEGIN
	DECLARE EXIT HANDLER FOR SQLEXCEPTION
		BEGIN
			ROLLBACK;
            RESIGNAL;
		END;
    START TRANSACTION;
    
    UPDATE `order` SET `status` = 'PRINT' WHERE FIND_IN_SET(order_code, i_order_code);
    INSERT INTO log (admin_user, detail)
    VALUES (i_username, CONCAT('{"action":"printSetOrder", "order_code":"',i_order_code,'"}'));
    
    COMMIT;
END$$

CREATE DEFINER=`idolmart_db`@`localhost` PROCEDURE `recommendProduct` (IN `i_product_code` TEXT)  BEGIN
	DECLARE EXIT HANDLER FOR SQLEXCEPTION
		BEGIN
			ROLLBACK;
            RESIGNAL;
		END;
    START TRANSACTION;
    
    SELECT 
		T1.product_code,
        picture_file, 
        product_name, 
        price, 
        old_price,
        amount,
        IFNULL(book_amount, 0) book_amount
    FROM(
		SELECT MIN(picture_file) picture_file, product_code
        FROM picture
        WHERE FIND_IN_SET(product_code, i_product_code)
        GROUP BY product_code
	) T1
    LEFT JOIN product
    ON product.product_code = T1.product_code
    LEFT JOIN (
		SELECT SUM(amount) book_amount, product_code
        FROM order_product
        WHERE order_code IN (
			SELECT order_code FROM `order` WHERE `status` = 'BOOK'
        ) AND FIND_IN_SET(product_code, i_product_code)
        GROUP BY product_code
    ) T2
    ON T2.product_code = T1.product_code
    ORDER BY amount <= 0;
    
    COMMIT;
END$$

CREATE DEFINER=`idolmart_db`@`localhost` PROCEDURE `sentOrder` (IN `i_order_code` TEXT, IN `i_track_no` TEXT, IN `i_username` VARCHAR(30))  BEGIN
	DECLARE strLen_order INT DEFAULT 0;
    DECLARE subLen_order INT DEFAULT 0;
	DECLARE strLen_track INT DEFAULT 0;
    DECLARE subLen_track INT DEFAULT 0;
	DECLARE EXIT HANDLER FOR SQLEXCEPTION
		BEGIN
			ROLLBACK;
            RESIGNAL;
		END;
    START TRANSACTION;
    
    INSERT INTO log (admin_user, detail)
	VALUES (i_username, CONCAT('{"action":"sentOrder", "order_code":"',i_order_code,'", "track_no":"',i_track_no,'"}'));
    
    do_sent_order:
      LOOP
		SET strLen_order = CHAR_LENGTH(i_order_code);
		SET strLen_track = CHAR_LENGTH(i_track_no);
        UPDATE `order`
        SET `status` = 'SENT', tracking_no = SUBSTRING_INDEX(i_track_no, ' ', 1)
        WHERE order_code = SUBSTRING_INDEX(i_order_code, ' ', 1);
        SET subLen_order = CHAR_LENGTH(SUBSTRING_INDEX(i_order_code, ' ', 1))+2;
        SET subLen_track = CHAR_LENGTH(SUBSTRING_INDEX(i_track_no, ' ', 1))+2;
        SET i_order_code = MID(i_order_code, subLen_order, strLen_order);
        SET i_track_no = MID(i_track_no, subLen_track, strLen_track);
        IF i_order_code = '' THEN
          LEAVE do_sent_order;
        END IF;
      END LOOP do_sent_order;
    
    COMMIT;
END$$

CREATE DEFINER=`idolmart_db`@`localhost` PROCEDURE `setStatOrder` (IN `i_order_code` TEXT, IN `i_status` VARCHAR(5), IN `i_username` VARCHAR(30))  BEGIN
	DECLARE EXIT HANDLER FOR SQLEXCEPTION
		BEGIN
			ROLLBACK;
            RESIGNAL;
		END;
    START TRANSACTION;
    
    UPDATE `order` SET `status` = i_status WHERE FIND_IN_SET(order_code, i_order_code);
    INSERT INTO log (admin_user, detail)
    VALUES (i_username, CONCAT('{"action":"setStatOrder", "order_code":"',i_order_code,'", "status":"',i_status,'"}'));
    
    COMMIT;
END$$

CREATE DEFINER=`idolmart_db`@`localhost` PROCEDURE `tagSearch` (IN `i_tag` TEXT)  BEGIN
	DECLARE EXIT HANDLER FOR SQLEXCEPTION
		BEGIN
			ROLLBACK;
            RESIGNAL;
		END;
    START TRANSACTION;
    
	SELECT COUNT(product_code) score, product_code
    FROM tag_product
    WHERE FIND_IN_SET(tag_name, i_tag)
    GROUP BY product_code
    ORDER BY score DESC;
	
    COMMIT;
END$$

DELIMITER ;

-- --------------------------------------------------------

--
-- Table structure for table `admin`
--

CREATE TABLE `admin` (
  `admin_user` varchar(30) NOT NULL,
  `password_hash` varchar(60) DEFAULT NULL
) ENGINE=InnoDB DEFAULT CHARSET=utf8;

--
-- Dumping data for table `admin`
--

INSERT INTO `admin` (`admin_user`, `password_hash`) VALUES
('admin1', '$2y$10$yZhm7G4v/IXkrCu7ixJ.NOYJQ5SRmpfwvFJx/e6Nkf6EoP4Lg7Vdm'),
('admin2', '$2y$10$/uARm2JbjYvyx.QW29ZQ9.f1DBiHj25UGPyZNFf2suZalLUhxtbPS');

-- --------------------------------------------------------

--
-- Table structure for table `cart`
--

CREATE TABLE `cart` (
  `product_code` varchar(30) NOT NULL,
  `customer_id` int(11) NOT NULL,
  `amount` int(11) DEFAULT NULL
) ENGINE=InnoDB DEFAULT CHARSET=utf8;

--
-- Dumping data for table `cart`
--

INSERT INTO `cart` (`product_code`, `customer_id`, `amount`) VALUES
('BDGERSJAN', 596, 1),
('BDGERSJAN', 623, 1),
('BDGERSKAI', 579, 1),
('BDGERSKAI', 587, 1),
('BDGERSKAI', 594, 1),
('BDGERSKAI', 601, 1),
('BDGERSKAI', 605, 1),
('BDGERSKAI', 620, 1),
('BDGERSKORN', 619, 1),
('BDGERSMII', 386, 1),
('BDGERSMII', 571, 1),
('BDGERSMIND', 593, 1),
('BDGERSMIND', 610, 1),
('BDGERSMUSI', 630, 1),
('BDGERSNINK', 614, 1),
('BDGERSNINK', 633, 1),
('BDGERSNN', 590, 1),
('BDGERSPIAM', 582, 1),
('BDGERSPIAM', 599, 1),
('BDGERSPUN', 597, 1),
('BDGERSRINA', 586, 1),
('CD2NDEMP', 8, 1),
('CD2NDEMP', 16, 1),
('CD2NDEMP', 39, 1),
('CD2NDEMP', 88, 1),
('CD2NDEMP', 106, 1),
('CD2NDEMP', 229, 1),
('CD2NDEMP', 241, 1),
('CD2NDEMP', 266, 1),
('CD2NDEMP', 320, 1),
('CD2NDEMP', 358, 1),
('CD2NDEMP', 367, 1),
('CD2NDEMP', 437, 1),
('CD2NDEMP', 476, 1),
('CD2NDEMP', 508, 1),
('CD2NDEMP', 567, 1),
('CD2NDEMP', 569, 1),
('CD2NDEMP', 597, 1),
('CD2NDEMP', 603, 1),
('CD2NDEMP', 632, 1),
('FRAMEL1ST', 432, 10),
('FRAMEL1ST', 502, 1),
('FRAMEL1ST', 517, 1),
('FRAMEL1ST', 519, 1),
('FRAMEL1ST', 521, 1),
('FRAMEL1ST', 547, 1),
('FRAMEL1ST', 572, 1),
('FRAMEL1ST', 595, 1),
('FRAMEL1ST', 597, 1),
('HS3RD', 7, 2),
('HS3RD', 43, 1),
('HS3RD', 322, 1),
('HS3RD', 342, 1),
('HS3RD', 438, 1),
('HS3RD', 441, 1),
('HS3RD', 474, 1),
('POST1ST', 20, 1),
('POST1ST', 112, 9),
('POST1ST', 154, 1),
('POST1ST', 164, 1),
('POST1ST', 371, 1),
('POST1ST', 373, 1),
('POST1ST', 374, 1),
('POST1ST', 375, 1),
('POST1ST', 379, 1),
('POST1ST', 382, 1),
('POST1ST', 383, 1),
('POST1ST', 385, 1),
('POST1ST', 389, 1),
('POST1ST', 391, 1),
('POST1ST', 406, 2),
('POST1ST', 413, 1),
('POST1ST', 414, 1),
('POST1ST', 416, 1),
('POST1ST', 430, 1),
('POST1ST', 433, 1),
('POST1ST', 498, 1),
('POST1ST', 500, 1),
('POST1ST', 503, 1),
('POST1ST', 509, 1),
('POST1ST', 515, 1),
('POST1ST', 597, 1),
('POST1ST', 608, 1),
('PS9COMCAN', 532, 1),
('PS9COMCAN', 598, 1),
('PS9COMCHER', 556, 1),
('PS9COMCHER', 561, 1),
('PS9COMJANE', 573, 1),
('PS9COMKAEW', 529, 1),
('PS9COMKAEW', 548, 1),
('PS9COMKAEW', 637, 1),
('PS9COMKATE', 576, 1),
('PS9COMMAYS', 552, 1),
('PS9COMNINK', 645, 1),
('PS9COMNN', 557, 1),
('PS9COMNN', 642, 1),
('PS9COMNS', 558, 1),
('PS9COMPIAM', 560, 1),
('PS9COMPUPE', 537, 1),
('PS9COMPUPE', 542, 1),
('PS9SEMKAI', 525, 1),
('PS9SEMKAI', 626, 1),
('PS9SEMNOEY', 65, 1),
('PS9SEMNOEY', 545, 1),
('PT3RDCHER', 257, 1),
('PT3RDCHER', 454, 1),
('PT3RDJANE', 302, 5),
('PT3RDJANE', 447, 1),
('PT3RDJANE', 488, 1),
('PT3RDJANE', 612, 1),
('PT3RDJENN', 7, 1),
('PT3RDJENN', 225, 1),
('PT3RDJENN', 470, 1),
('PT3RDJENN', 490, 1),
('PT3RDJENN', 532, 1),
('PT3RDJENN', 554, 1),
('PT3RDKAI', 465, 1),
('PT3RDKAI', 467, 1),
('PT3RDKAI', 505, 1),
('PT3RDKATE', 106, 4),
('PT3RDKORN', 90, 1),
('PT3RDKORN', 304, 1),
('PT3RDKORN', 363, 1),
('PT3RDKORN', 368, 1),
('PT3RDMAYS', 15, 1),
('PT3RDMAYS', 263, 1),
('PT3RDMAYS', 337, 1),
('PT3RDMAYS', 440, 2),
('PT3RDMAYS', 457, 1),
('PT3RDMOBI', 15, 1),
('PT3RDMOBI', 275, 1),
('PT3RDMUSI', 6, 1),
('PT3RDMUSI', 33, 1),
('PT3RDMUSI', 45, 1),
('PT3RDNN', 49, 1),
('PT3RDNN', 396, 1),
('PT3RDNOEY', 34, 1),
('PT3RDNOEY', 216, 1),
('PT3RDNOEY', 279, 1),
('PT3RDNS', 31, 1),
('PT3RDNS', 396, 1),
('PT3RDORN', 18, 1),
('PT3RDORN', 44, 1),
('PT3RDORN', 483, 1),
('PT3RDPIAM', 560, 1),
('PT3RDPUN', 3, 1),
('PT3RDPUN', 186, 1),
('PT3RDPUN', 271, 1),
('PT3RDPUN', 444, 1),
('PT3RDPUN', 597, 1),
('PT3RDPUN', 627, 1),
('PT3RDPUPE', 45, 1),
('PT3RDPUPE', 145, 1),
('PT3RDSAT', 468, 1),
('PT3RDSAT', 469, 1),
('PT3RDSAT', 489, 1),
('PT3RDSAT', 507, 1),
('PT3RDTW', 44, 1),
('PT3RDTW', 375, 1),
('PT3RDTW', 396, 1),
('PT3RDTW', 423, 1),
('PT3RDTW', 442, 1),
('SHIRTBNKL', 88, 1),
('SHIRTBNKL', 481, 1),
('SHIRTBNKL', 483, 1),
('SHIRTBNKXL', 640, 1),
('SHRTBNKWH', 55, 1),
('SHRTBNKWH', 76, 1),
('SHRTBNKWH', 102, 1),
('SHRTBNKWH', 105, 1),
('SHRTBNKWH', 114, 1),
('SHRTBNKWH', 118, 1),
('SHRTCAMPBK2XL', 644, 1),
('SHRTCAMPBKL', 421, 1),
('SHRTCAMPBKL', 431, 1),
('SHRTCAMPBKL', 434, 1),
('SHRTCAMPBKL', 474, 1),
('SHRTCAMPBKM', 422, 1),
('SHRTCAMPBKXL', 426, 1),
('SHRTCAMPBKXL', 456, 1),
('SHRTCAMPBKXL', 642, 1),
('STICCAMPUS', 88, 1),
('STICCAMPUS', 124, 2),
('STICCAMPUS', 502, 1),
('STICCAMPUS', 572, 1),
('STICCAMPUS', 642, 1),
('WRIS365', 70, 1),
('WRIS365', 88, 1),
('WRIS365', 194, 1),
('WRIS365', 285, 1),
('WRIS365', 289, 1),
('WRIS365', 294, 1),
('WRIS365', 297, 1),
('WRIS365', 301, 2),
('WRIS365', 311, 1),
('WRIS365', 312, 1),
('WRIS365', 334, 1),
('WRIS365', 336, 1),
('WRIS365', 340, 1),
('WRIS365', 343, 1),
('WRIS365', 347, 1),
('WRIS365', 350, 1),
('WRIS365', 357, 1),
('WRIS365', 363, 1),
('WRISCAMP', 51, 1),
('WRISCAMP', 54, 1),
('WRISCAMP', 56, 1),
('WRISCAMP', 58, 1),
('WRISCAMP', 61, 1),
('WRISCAMP', 63, 1),
('WRISCAMP', 68, 1),
('WRISCAMP', 70, 1),
('WRISCAMP', 83, 1),
('WRISCAMP', 84, 1),
('WRISCAMP', 93, 1),
('WRISCAMP', 94, 1),
('WRISCAMP', 98, 1),
('WRISCAMP', 102, 1),
('WRISCAMP', 103, 1),
('WRISCAMP', 108, 1),
('WRISCAMP', 109, 1),
('WRISCAMP', 114, 1),
('WRISCAMP', 116, 1),
('WRISCAMP', 127, 1),
('WRISCAMP', 135, 1),
('WRISCAMP', 136, 1),
('WRISCAMP', 143, 1),
('WRISCAMP', 146, 1),
('WRISCAMP', 152, 1),
('WRISCAMP', 153, 1),
('WRISCAMP', 155, 1),
('WRISCAMP', 157, 1),
('WRISCAMP', 159, 1),
('WRISCAMP', 160, 1),
('WRISCAMP', 161, 1),
('WRISCAMP', 166, 1),
('WRISCAMP', 169, 1),
('WRISCAMP', 170, 2),
('WRISCAMP', 173, 1),
('WRISCAMP', 174, 1),
('WRISCAMP', 178, 1),
('WRISCAMP', 180, 1),
('WRISCAMP', 181, 2),
('WRISCAMP', 183, 1),
('WRISCAMP', 184, 1),
('WRISCAMP', 185, 1),
('WRISCAMP', 187, 1),
('WRISCAMP', 189, 1),
('WRISCAMP', 190, 1),
('WRISCAMP', 195, 1),
('WRISCAMP', 196, 1),
('WRISCAMP', 197, 1),
('WRISCAMP', 205, 1),
('WRISCAMP', 207, 1),
('WRISCAMP', 208, 1),
('WRISCAMP', 212, 1),
('WRISCAMP', 215, 1),
('WRISCAMP', 219, 1),
('WRISCAMP', 244, 1),
('WRISCAMP', 248, 1),
('WRISCAMP', 251, 1),
('WRISCAMP', 252, 1),
('WRISCAMP', 253, 1),
('WRISCAMP', 255, 1),
('WRISCAMP', 261, 1),
('WRISCAMP', 280, 1),
('WRISCOOKIE', 194, 1),
('WRISCOOKIE', 282, 1),
('WRISCOOKIE', 296, 1),
('WRISCOOKIE', 297, 1),
('WRISCOOKIE', 308, 1),
('WRISCOOKIE', 331, 1),
('WRISCOOKIE', 340, 1),
('WRISCOOKIE', 341, 1),
('WRISCOOKIE', 343, 1),
('WRISCOOKIE', 347, 1),
('WRISCOOKIE', 350, 1),
('WRISCOOKIE', 352, 1),
('WRISDEBUT', 280, 1),
('WRISDEBUT', 283, 1),
('WRISDEBUT', 285, 1),
('WRISDEBUT', 286, 2),
('WRISDEBUT', 288, 1),
('WRISDEBUT', 292, 1),
('WRISDEBUT', 296, 1),
('WRISDEBUT', 298, 1),
('WRISDEBUT', 300, 1),
('WRISDEBUT', 312, 1),
('WRISDEBUT', 313, 1),
('WRISDEBUT', 316, 1),
('WRISDEBUT', 317, 1),
('WRISDEBUT', 318, 1),
('WRISDEBUT', 340, 1),
('WRISDEBUT', 344, 1),
('WRISDEBUT', 345, 1),
('WRISDEBUT', 347, 1),
('WRISDEBUT', 351, 1),
('YAYOCARDSAT', 349, 1);

-- --------------------------------------------------------

--
-- Table structure for table `category`
--

CREATE TABLE `category` (
  `category_code` varchar(10) NOT NULL,
  `supercat_code` varchar(10) DEFAULT NULL,
  `category_name` varchar(100) DEFAULT NULL
) ENGINE=InnoDB DEFAULT CHARSET=utf8;

-- --------------------------------------------------------

--
-- Table structure for table `cookie`
--

CREATE TABLE `cookie` (
  `cookie_key` varchar(64) NOT NULL,
  `customer_id` int(11) DEFAULT NULL,
  `expire_time` datetime DEFAULT NULL
) ENGINE=InnoDB DEFAULT CHARSET=utf8;

--
-- Dumping data for table `cookie`
--

INSERT INTO `cookie` (`cookie_key`, `customer_id`, `expire_time`) VALUES
('0014231916f40d0793e626d683af0889d1eb144633a4605d78927b2e719c66d0', 380, '2018-06-19 09:20:04'),
('00771d654981d1a8b2b67f3de7c64f886082f894a44ec1fcc3a295fc645ee50a', 47, '2018-06-14 20:24:45'),
('007d1cb5249bfc976931f5ae14722e8b53a90423cc16bf8b4f9891caa6214ff7', 280, '2018-06-17 22:29:12'),
('0094b983621d415bb520e6fa539e2b3dee7a7fd08e5aa46d2e7027b82029ce59', 602, '2018-06-26 10:50:30'),
('00ade3ed8a14e5d8018c8d99187695c42da1c5f6919dab1bcf1dac9fde832c46', 126, '2018-06-14 21:12:47'),
('00af2f5c1b6b513eb92b249595080a7d8c59b51d748ac7153231193a3725b266', 47, '2018-06-25 23:48:32'),
('00c39879fca3d8c4082bac24f2f496115e7051145f39a7dde7f1be02e642eaf1', 253, '2018-06-15 03:44:01'),
('00d565ffc041e26518079494737cbcc613236fc709f21a95ce8fa058342c5b30', 581, '2018-06-25 22:31:53'),
('00e08f7a6cef5016d07e690ff1eae7ad6c33b54a8ac813cad291fff0060e5b21', 455, '2018-06-20 18:53:27'),
('00f7f44a793f95c99292cbb2fcf81f132e7209b00a1a98496022414d78674a0c', 533, '2018-06-24 21:54:47'),
('01058beaa1afefa55fbeefb4103e4792a29ef0b02f58be4c9aac1b82e06fd160', 608, '2018-06-27 05:16:33'),
('0171c295a4923015e1fd4fc8c6573e27473904061a4de290905d663a419a17f0', 316, '2018-06-17 22:53:36'),
('01fdcf25bc8547459ddbe56c07ec797bf83b1335a8398860af561fe0ce02834c', 47, '2018-06-14 20:14:59'),
('0206669e07817800f326e20171cc3ff1161fc1ce02d76a846e8537fc5ccad791', 512, '2018-06-24 22:58:17'),
('0236101382d31ebbbccc90cd9237ad4be0c7a608d55074489d1ab5bc4edf547c', 619, '2018-06-26 10:33:23'),
('024bde9d82d95c8484426fcc0038ef3ea5d01dcf33080b447b933946a30e8b09', 39, '2018-06-11 17:23:49'),
('0254a3b61dbe5ae479a9e8becb14fa77b19c0489ea8d77ec9a16a8783b00e2a8', 268, '2018-06-18 18:39:58'),
('0290c675799a95cb85d61fae44b69c4af914a60798d8db73057be9282aed83c0', 241, '2018-06-18 23:57:26'),
('02e28fba3bd6e5663d58b816347965011dab97c601ae2c71d502c58291334d9e', 161, '2018-06-14 22:22:37'),
('02ec8cff34bce02ab60979c72c0befb7f6110502a970c0dad16203c4d9efd163', 611, '2018-06-26 04:44:30'),
('034a5edc13feba73be801666ef6086781811375795b158b31f3ddd3fdb5db5ca', 199, '2018-06-15 10:51:05'),
('037fe45091c819773c26b607f008b7a7baa2f4810228f57376b5df938a853db8', 268, '2018-06-15 11:38:27'),
('0381b44963fa6d2697a7acb803db5f5bf94a234c0b08ed95df8153a1e32fb990', 65, '2018-06-17 22:41:08'),
('038c8be619fa1a25fd62cbd15cfb3d05954d6433567f7ff1b8d327fbea09e181', 607, '2018-06-26 23:41:31'),
('03a70345eb004f7a8104f2238b63b542e47eff364a7b51cd8ce2a359609fdd34', 411, '2018-06-19 11:54:48'),
('03ddba13bb32bd8bccc48fc5de0d9978981b6bbeec9115a92aefa1b2a4553417', 331, '2018-06-18 01:00:10'),
('03e8734259c3d5e40c7b8289bff6d90c46426805a4f9f2454dba5aa0ae756914', 423, '2018-06-19 22:13:41'),
('03ee036ed8356f12a19fca176bd8e91d92c889a998ab9aeadd5174d2c291f8c8', 631, '2018-06-27 00:23:19'),
('0421fafb9890520460cc761120e4745970afd304cf0ac57ef958292de5a9f790', 75, '2018-06-17 23:41:55'),
('044f71ac487494eb8ba73a34bf8223371ce8bdc1086aaef50dd65cf9ea9c29dd', 59, '2018-06-23 21:48:56'),
('0450a30cd076741d4b6c6ef5f98e8648cc1bef1a5d25e83c5c974fcdf13f18d2', 473, '2018-06-20 22:41:24'),
('0476971b1fedad454d300ea2980895651227f9919a0336a0c8cee123820c4b46', 21, '2018-06-20 16:46:31'),
('04a0b7630b91aebd91d10a8bcdf6b396b247f3f57f94bfe1600884b4a8e3cb7e', 378, '2018-06-20 00:24:53'),
('04a63f28f76c1a135649577fce1162132eb8d86bf2584bd7726846a99c36e36f', 115, '2018-06-14 10:27:41'),
('04a90344086160246cabd2f8bcd1034f57d911bd5fac7d359ed42a9530ba92ea', 343, '2018-06-18 06:14:40'),
('04d5c0d851d7d0292d3f58052835b7e88323b19bc411470ba258f39543801737', 468, '2018-06-20 21:41:57'),
('04f364259b321fe2461ff127f6017d824a5090ada3feedb0df91b8ac38bea337', 615, '2018-06-26 07:25:59'),
('04f970d09da82f1a4e1a05a8a5e576c3c607c1681512efde3120b3e1815618f6', 47, '2018-06-13 18:21:20'),
('0503fb74009adff004653a4860f7598bd77f64ea09d3b45bdcb1ee5dab628355', 218, '2018-06-14 22:39:27'),
('05233698f6682be0929d32bb5aa5170cad8aec98c44771b6c7927d096c017604', 23, '2018-06-13 18:41:20'),
('053e9b2d37c0a5d2ba0064cfc743c27b4b5e140ccb8acbf151818d77d68784d7', 609, '2018-06-26 10:41:29'),
('05436a23ecb4957e4d196fcfd130a5a412bc6fee74f438a105619aeae9c79c19', 514, '2018-06-24 09:30:41'),
('056659645e2485344ea8abdeaeeb3347f2edae7cef198b62f283762f89bf2472', 66, '2018-06-16 12:28:16'),
('05740e6b605f081ff3ff88a31835d1a057d59fb31acfc1dbc8bfe9163d0b7ab4', 262, '2018-06-21 09:22:36'),
('05933ea6496c36e396bdbc9f40963f5abdfccab93070f3c1788e1c9c436fff20', 272, '2018-06-18 13:50:51'),
('05a449ab8c493461a613c0cfba4e136959ac19ad763363a20f092f1f40c79b1d', 148, '2018-06-15 12:05:32'),
('05a75902fcd729092f3c8522a29291d2a3c7894b793adf9c1c273c01a2cf286b', 186, '2018-06-14 22:28:37'),
('05a97ae975ccf2d72e786fd5525862ccd38ba2377509553ef3028204cd408be4', 26, '2018-06-21 20:20:00'),
('05c231e6784e0c42f4d8aac0c48721890853bd9ba0847ec12415c44a484eb2ab', 211, '2018-06-14 22:36:42'),
('05d6e5a5ebb539d31ebea400b55cc1c28646dd24d7b2acb2108306919e6ecb3f', 55, '2018-06-13 22:55:32'),
('062c788bddc37d3e2f3b59c704205e8dbf63ade38617b93d937a277c5fce81f4', 210, '2018-06-22 12:22:31'),
('062d60f96ff3b0d6c635c08c940f3b63442a6c411cb772751e50fd1369ecad64', 305, '2018-06-19 00:08:20'),
('0630413ce56318df37104c9a6f858e136e15df3c3a110770a9e69cb948e6057a', 47, '2018-06-13 18:19:48'),
('0633a3ebeec3d70cbfa8d96a1e6a9b5146d2032eae11ed53a0e8adacb64fb9bf', 174, '2018-06-14 22:24:30'),
('065f2a4cf44b474e080d1f8445684043f1d37ab69263ee56bca694579697cfd4', 113, '2018-06-14 16:46:04'),
('0670922a4a698ef9d72ade680ded994f28b14705713aec832d3610a72d1d9352', 424, '2018-06-20 11:15:26'),
('06e15b81d8ba95a3f4669a610b70fbcc0b6414ff8e26d498ae49c005e00de9ef', 452, '2018-06-20 18:30:20'),
('06e67f4b2f47c0d749d50aaefc29b0e03942776ff74dfc8f2114a5038d1a0ecd', 123, '2018-06-14 17:19:20'),
('06f7cd553250561f4798ba6c0bd50122561c488d5bdd45235b692cc96c4e2cf7', 173, '2018-06-14 22:24:07'),
('072dfb31c26f1f4217a0d1b73144eedadafa0527d61d664f904f60ebbe212ad8', 42, '2018-06-12 00:22:56'),
('0736f04160d225111dd8a3ea9899a15e6ecb5aa3a0e47cbc99236f75d5fa6370', 539, '2018-06-28 11:48:38'),
('0755bd0913719fe3c20c0f869bc9a3208c94023bd4c2a945faa11f108387d17b', 179, '2018-06-22 09:41:16'),
('07722fa1fe2f081b72bb835bb9c60728cd527b1242c6c3eea35a6f14d17fb7c4', 337, '2018-06-20 17:58:37'),
('077bada642d8b65e870ba8f2a96bec0818db961c172c41cb3f0adc870fc51894', 330, '2018-06-24 23:31:56'),
('078ba09966ef2d0b7cefea2e2f0792d5bafbeb2c9b9c1888cf902215d5cbe5dd', 91, '2018-06-21 21:09:55'),
('07bf9e75da6959df9c1720b375edfda9cf79fd77926ba6c4917b246a149a1c80', 314, '2018-06-17 22:52:49'),
('07c90566ddf59b98943cbd1dfd2949bfc15a0401a795e3c2904c7bcadebb3369', 502, '2018-06-23 21:23:56'),
('07e8bd25113f511fd4b72dd608b4189f146d25fe0a3c356a5f373d300e21d8d4', 524, '2018-06-24 21:51:20'),
('0803c9819d01cc6031ade60ee8ee2034f0ea8971825cf53962033e481e6c1798', 23, '2018-06-13 21:03:05'),
('0804dfa12bae8085a7d38551ba2a8f6dbb3ae9ebbcff5f5495e864702b91a9f0', 202, '2018-06-16 00:40:03'),
('083e9349f30fcbc11208eba9dfe50c4c5fd4819274954ad067d2857e24b477a8', 456, '2018-06-20 18:55:10'),
('0842fdcb321d10aa1e4690a536b2c1cbf9a22d55de7f631346c1c37ceaefb198', 587, '2018-06-25 22:44:42'),
('08a98a80438d07f9110db3b019709bdd2771b613c8ede4ff2fa270ac2809f98f', 296, '2018-06-17 22:42:29'),
('08c4330ceccf45dc824d5364a90fe7811677c3830d463f3df223b3a7296ce792', 381, '2018-06-18 22:51:04'),
('08ccc03412b69671346f10414de5642208d885f116b86e49f15201d939ebdadb', 21, '2018-06-11 13:45:16'),
('0931c76536f9e44c82f9489ad153924423d9da0b1f94b1285c05b82b22afec89', 429, '2018-06-21 08:35:48'),
('095668e87aa9c3cf3c98cbe45914cf78e6bdcbd1a449e6bcd76899c9a48b3fb5', 129, '2018-06-14 22:17:18'),
('0961b0ae5cae6e324f11b964decb64f6e09dd9b139b3db29e2f8dd6edd64eaf2', 344, '2018-06-18 06:28:16'),
('096675087d132c526829d26cb7b27d69138f96872c153b4398ff8cd28d9ba413', 47, '2018-06-24 22:14:36'),
('096bc354407d22326c43d418a5ed9feb755f355594d50ed0297a5f57a722a470', 521, '2018-06-24 21:37:05'),
('09792cfd0c32fbd41f113c4f0e56a463cc1d4c035c66f586f432d0e42576bfb3', 517, '2018-06-24 19:05:07'),
('099ee2bc4c0f2052a8c1bc2080a7f1b196e5c71cb441eb3372aabe9703675262', 23, '2018-06-13 18:44:07'),
('09a18b53b4a8968b36581b6252fe37c3df9697dd393bc5b006d0daf77c857b55', 610, '2018-06-26 02:35:24'),
('0a09115973d8cc82ab5145e5827a7884665734b875cd4d62f9de0d957a6005ab', 494, '2018-06-23 20:39:20'),
('0a401cab6d188cc7f01706b876473e3f7d79fad656af3fe920dfc720d0823f40', 626, '2018-06-26 16:45:52'),
('0a41d5b3b1790904c7f2ac5e662ac0e965d43b6176003d315852ff9283de559a', 125, '2018-06-15 23:47:05'),
('0a4823e65112a049ac732e7efbd64e4d384c0125538c0b8466ac8fa30281da21', 250, '2018-06-19 16:42:27'),
('0ab5c74ad659d6b9a9808ce59bafc2056af36a843fc58be1f17eb89e7e166ff0', 338, '2018-06-19 22:10:49'),
('0abe30cd159ef3ed0820647fa17e95f2188d24392e458e3367d9fa35d30581ab', 65, '2018-06-15 19:25:30'),
('0ac983c7ace2ef53888fb7c52586cad86d1c5d471c4c4bfd059beca6ab70dc09', 603, '2018-06-26 00:11:05'),
('0af7070b835f2343674792ebc70174ce5f036333436058ed34cfc2096678d2fa', 463, '2018-06-20 20:32:58'),
('0b6f9f14ae9758d2c5712c3dc96a8034cd62cb07ed79bab4ec80b8d8656a647c', 2, '2018-06-09 23:48:27'),
('0b81b10220756c5bef4f112179799413a95062462c8c32c9986111b1eaf840a1', 45, '2018-06-18 21:01:13'),
('0bbdb0046584e02c325f4bd17b3bf26ccba10bde44e6780995d4b6873cdaedb8', 437, '2018-06-22 01:28:44'),
('0bc0e38f0ed203c9a88c60fbc2e98f9e5f59ee2648731dddae6f9bed3dbfe41b', 651, '2018-06-28 10:49:03'),
('0bc3a636b3d32a1a5e54f640e46727629744051d7f4ced3115594b80d700505a', 29, '2018-06-11 00:07:47'),
('0bc53800366a3e32b5c7985ecfb1218f776478c897439e9473ae091eea099dbc', 618, '2018-06-26 10:12:38'),
('0bf47291210befeb0b233895857ba4218bf7c0ac787f8be7edb80e9ebf686f39', 435, '2018-06-20 05:50:04'),
('0bff119e27651cf229fea0ef1a937a92a38d6166ba4cf9f16a03e9d121be89cf', 295, '2018-06-17 23:28:18'),
('0c1e0976e45dbd9e515286605bff1fa56c1587718a0511f9f67ffdd61c5e1a9b', 525, '2018-06-24 21:51:32'),
('0c2d5816e3abe135779a7bcbf3ff1a56141c29ae0004c029de4d718d7e0aab69', 53, '2018-06-14 21:52:45'),
('0c38061912095d650bc582d99e891f2804c0fdcc183d105125c2ea2a1d679e4f', 273, '2018-06-16 02:25:36'),
('0c56a6076a27f2a2e3351c56eddd806781547696d578195521c32e0112047851', 35, '2018-06-11 01:20:23'),
('0c75660cd15297d7ebb7510a698454f7df1dfc38c0b8604ae1c50f7056f85de3', 41, '2018-06-26 22:12:53'),
('0ce5996e7185ec267676810924d37e0658780d820d3be79fbc0211b9ebfbf4b5', 488, '2018-06-23 18:27:23'),
('0ce78953730ebb03ee56d95a4d74b81cf133e189f7823866142aa967c68216dd', 262, '2018-06-15 07:40:44'),
('0d4859432e195fbc9a655e6d5fa1edb5ba8efb05ea17b848383401d78065c3d3', 277, '2018-06-25 22:09:54'),
('0dbe4dedb26133ff8f47aa54fb789afdc8d1514b11f061e9013a26328782aaab', 589, '2018-06-26 11:58:33'),
('0dd50ccf26352e3a797cf1e307d5b90bb45589b22b55b8e5a2ae5014afdc116d', 635, '2018-06-27 02:37:31'),
('0de13f2ed27aad806fb3d357ac21b666ce5c65c9e79992914f4244402e51c019', 145, '2018-06-18 10:30:49'),
('0de711a43eb9567fab35e7f10b45728c357d40dc215d870bc3538e1cb4a3f1fa', 386, '2018-06-26 12:18:37'),
('0e0c3da548d695f20f0d64f8075f4f6e958aa100510317c4a1053ec6edd35b82', 221, '2018-06-15 14:51:09'),
('0e187ccc6d82fc4a53863c30ff39f7d9743895935bd6d7e17939cd527a7876c0', 64, '2018-06-28 12:30:18'),
('0e25a3f645b1ffbfaee39ca9d66d9721b1312b910ef392012d505a01b60eda55', 221, '2018-06-17 07:31:11'),
('0e34e3ae077500dfdaba15dde4af354538f66f2c48e0293113530ccf38a2743c', 445, '2018-06-20 18:02:25'),
('0e79e763413df0a27a53e6ccecbd683d574720a17f8ec9769bb867eddf4ce878', 281, '2018-06-18 02:29:34'),
('0e838903312424d45777e37665c52880d26e85d22fccabc1251fb92c8cc26bd0', 102, '2018-06-15 01:58:50'),
('0e9c5dc63b3cb3c47a65a61e8e1b0334c23a5f6d99a0e5ed8fb63c31c841c1d8', 199, '2018-06-15 16:52:36'),
('0ea108a08fd22fe86735a480643c6e53bea775b1b47de1d02ef546cfad433b94', 249, '2018-06-15 19:53:27'),
('0eb034ecc318451541b23a89aecb6de58067fda7d4abf1729f29f091a80ccaa3', 299, '2018-06-17 22:44:14'),
('0ec416f31c75a32b76473557ca3b8130764d5a2d33f7ff4462c5b961e8befbeb', 651, '2018-06-28 12:46:46'),
('0ecb0083236d6c5ac04ef9c8bac78423eab2843de0eb001bb246bbc2322b42d1', 605, '2018-06-26 00:22:29'),
('0ece88ba71509dd1f7fbfa186bfc99097d44c7634b526f4e8ab7d90f221670b2', 589, '2018-06-25 23:07:49'),
('0efd9dd10fcc5a56571dc0481b19c1081095f2024c037ea3cf59a2788430a5a2', 137, '2018-06-14 22:18:46'),
('0f39aaecae4c0dca5a5f7f873f67b7d48237ff1a679b9d5789d4cc444f68950d', 270, '2018-06-17 22:22:38'),
('0f3ce8d3f460d96445a227a2240939f50df516aa8f49f982bb0a7495e1464d82', 512, '2018-06-24 22:58:12'),
('0f3d3c00eadaa30c2a41fea0c75be710e5e15bde8df1faf39b4f089a70137cb3', 523, '2018-06-24 21:50:15'),
('0f5f724e71f9d96423a026f2cfbe8d7f24d6d0bf5a05b7204bc804956ba2008e', 39, '2018-06-21 00:08:16'),
('0f86b4bde6948490a2b8c6ac9fb3d26cc866bd4a3d00af9536d1dc9820dcca06', 66, '2018-06-24 07:40:45'),
('0fbe5c1eac66be0735a1a49436ea2e63b3be17ae958fb39b86627e5b61d698f3', 238, '2018-06-15 22:40:26'),
('0fd776907324821df5af95271dd4760a79810d6d9bfffcd9b6cb9f4bd5648385', 380, '2018-06-21 10:18:05'),
('0ff35539f4f1d0c9b1cacb68569d101d682e3c25510e58dfc8f28888ba453cb5', 65, '2018-06-27 13:44:22'),
('1048877acfa4f78f22d2d7959f8f8378debd445c545723499af006c1fde97edf', 631, '2018-06-27 07:40:01'),
('10858abd3a8d073a50995a689bbc3b2eaa4b5c17fd9f76ba47ffb52f7a950cd7', 530, '2018-06-24 21:55:28'),
('10b1ad17efc7a7f9816234b7be2b0f1da44cf81e7d9dca71e8dfadcff7ab6e11', 281, '2018-06-19 15:31:36'),
('10f693149555a931fb5ec1366883cd7421f347ac093989bfe1db183dc6f49807', 556, '2018-06-27 02:31:59'),
('113773270aa8219d5e9d39c4a370e9ec0e89ff04d2f2f113e5559ac55420e34c', 360, '2018-06-24 07:29:40'),
('115004709582bdd819c76f7472e8280193764edeadff6a835209adf6d0e70eaf', 227, '2018-06-17 22:47:38'),
('115b9a3ca55079b72cbfdbf105f997336df0de29124e0c531c2733be574793e9', 376, '2018-06-24 17:21:23'),
('119dce00d69ceb0d790719e1df30223823ce81512a94027a323e92fa597c15e9', 521, '2018-06-25 14:46:05'),
('11abfd4cc8fd29a53f25a71bedd248f48ea5ac30480189751725a5f7fecd67b4', 44, '2018-06-26 21:28:09'),
('11e793fbdf69911b0736238ace8acdc56af27cf5613c46a6edbeb0ea0c619635', 48, '2018-06-22 17:46:47'),
('11f38aad76f69e368790dfd2dd14dceead36f1975042088313b002b970d3b727', 35, '2018-06-11 01:20:08'),
('132100604792f5200100b8a43571695f89f112d0159284e27f52e7c86f578071', 199, '2018-06-15 11:34:06'),
('132422cb835886f36b5477931fe386cbfcef44c1a203e2c7f227d8b3bbe5e1bd', 324, '2018-06-17 23:21:50'),
('13293c8fe5d2350ab698e06922c459a5e9364aa33814f2ecf6bfb840b272386b', 310, '2018-06-17 22:49:49'),
('1377cf29e32e6dbd67d7e2e58e080f44ff69c60e8661565adbf5cc92a04518ba', 92, '2018-06-27 21:31:57'),
('139c5f40d1b6f79c0638ad4769d73d8fce3f366a6e9387980d56c10e5443f803', 489, '2018-06-23 18:28:13'),
('13dbc2785be1569205a91f1b8bc9dae142871d2b0500894f6c334cb8a5fac018', 279, '2018-06-17 22:28:39'),
('13de4e8451f76135a8938290f322bcf57b186960851ad25e17eeccec4d540d15', 217, '2018-06-15 15:32:45'),
('13df264f01dc0303cb7a8c2ef0af04065bd464169d060356c22e800675fed089', 412, '2018-06-20 23:47:11'),
('13f5c33078c98e0212fc57ea8e2105b57b2a18dd76f7464139cbd387922bf90e', 332, '2018-06-18 01:05:42'),
('1416e87390dc17d68c84ec72f16984f98ccbf968ee022f56129c0abeac8ccc34', 278, '2018-06-26 20:02:31'),
('147da8f66279a8ef4df19baf690c7462638b0b9f497e24b1c568f1d4bb67c9df', 264, '2018-06-15 08:21:52'),
('14b105a733b25c025eddfd6dfdb6a15797b0262b7511e0187f8f4a8e6d398e49', 516, '2018-06-24 12:09:13'),
('14e408253a80568d1e20d90bcd50522a443e828ec6b060b5d5b160b0e733b342', 571, '2018-06-25 22:35:11'),
('15126b4c7c352e9505c063392013a7bea67dadda671a83b7cbc4f53f2d8cbc32', 130, '2018-06-14 22:17:27'),
('1521faad0758f1aae0005153ddd1d5cf17c3ead0442bbd1a0c479f902eeb1d94', 350, '2018-06-18 07:42:59'),
('1563b18b09574cf7f9ed958b560cfb73c7d5488e9978df04fec57da25900d66b', 649, '2018-06-28 08:11:00'),
('156e12dc8276e4a6755ba2065721de307ab0e482eae234562836e18d770d6590', 508, '2018-06-25 00:54:42'),
('158c4b642bbe013144e9373e55acc283b9d4690743d7a5e65f8d03657da77734', 114, '2018-06-14 09:23:12'),
('159e6e4f674ff85bf42bd2584c12850e7c465d8be3d8d278b9e3d644e2a1db7e', 379, '2018-06-18 22:49:22'),
('15bafe6771c08d4a020f4e12551151300d9ffb2c1283fc483d26a4addb82efa3', 255, '2018-06-15 05:52:28'),
('15f074d4ef6bbab116d8db1922c2a4216af16efa8006398241b0abdac44cb47d', 598, '2018-06-26 01:27:19'),
('15fbf4cd8988ef4b1e7bce29d1e79fbc6490ca4a712151c39dbaf1ba653d20c3', 221, '2018-06-24 23:00:38'),
('160825b891746a0976b42fa60d9d1292caa67846363bdd5fbf73c4395c703e5c', 88, '2018-06-25 02:04:30'),
('166ff529eb37a7461a684b4067546f188f7605f69e9bfd0f25e72c51e139c435', 650, '2018-06-28 08:41:49'),
('169f90fdb46be8824d3e6c510cdbd6f61eb3c9d6796510da3b572a2044fb21a6', 90, '2018-06-14 00:01:06'),
('16a08df906247c477854342209cfa0669804571ffa7b6f1783b6fbdde1a1a22c', 592, '2018-06-25 23:07:59'),
('16c213641f7d79b9a7e38df2dc7568615bbc204b4cd6c84ed332638a717d0fef', 194, '2018-06-17 22:31:13'),
('17207757f080c7fdcdfae44a9d5f72a5c56e72d343e5cd3513bf5b2be1126464', 378, '2018-06-24 22:30:46'),
('1726f89ea66fc48dfd1fefccb246ee98f4239488affec4a542059796f93de75b', 21, '2018-06-13 11:31:02'),
('1768924405986665bc44aa1ef6c38b41b17ef5cdba18e45bbe82b7c543951014', 581, '2018-06-25 22:32:53'),
('176adf0f99a2d4dc1f68ff27ee39f18e9cd7ceafeda6ba2537a7b701516b3033', 223, '2018-06-14 22:45:50'),
('1783bbda2c1760507a461e3b353b5886942466b3bcdfe9f7f3c5a6a448214780', 556, '2018-06-25 06:13:32'),
('17b2d6fbf9f472bf6fef6e2237eab78a97eca88621e8e843cfc06ff0308b87f4', 518, '2018-06-26 23:41:23'),
('17b5698fa962b2b9f6d45cacaf3c5ab6b0217a4d2823445a8fa80432a0a702af', 203, '2018-06-14 22:34:07'),
('1815f41a8031b479f94ba40b96d25dc2daf98e1ddaf5c4cb59c2466276588f54', 147, '2018-06-18 22:47:59'),
('184107eb56a513362bebcd39b35c7a44f98403fd3d795f1c45311e6ab485cd1b', 48, '2018-06-13 18:43:49'),
('1856528f908b3665b03d17ecec6598806669e75a71cbb472319c8d3fef8aa7db', 209, '2018-06-23 08:48:50'),
('18775fc6c12dfa483e21494cb3050513b0423d96a9bac84b416098914f867adb', 464, '2018-06-28 01:42:56'),
('18c8f99124c04b50d671b85400f897622e11975139872d265e304e19e99b5b08', 227, '2018-06-19 00:51:49'),
('19810b9df0f9b8310a3e6a201ccc602561ae3b9ae365903defeff1faab675fba', 61, '2018-06-13 22:57:02'),
('199ae3ce627a2ff80a134efbc1eef4396c7b368836fc5548077c931dea5f4dbc', 238, '2018-06-16 21:54:18'),
('19dcb2e9d11ad38b5720b59f3103dc86ad2dd32cf1f8c0c888aa9d281121d1f0', 176, '2018-06-14 22:25:11'),
('1a0c6c9ff1c0cec46011f2f83587e0693071ed5afa124b60addec58a4b826ee5', 47, '2018-06-12 16:29:07'),
('1a112091e0921f06b87c05d348776c324e12cadf90a229347b962b293773b8ee', 59, '2018-06-15 00:40:49'),
('1a2ae7a93552b4cc44561ecd97252cf681169edb16de4720762f71f30f3c3343', 281, '2018-06-18 21:11:35'),
('1a4ad671ea526128bc0083558d8f5221b203255555f7065791aa612e466422cd', 652, '2018-06-28 11:05:35'),
('1a5a7e54a80ef923cb19ae29d0fed6c0f87cf943a835bc87ea0009349d749704', 364, '2018-06-18 13:54:14'),
('1aea28d669a7ed70edb5a33c5793800bd12c37f4ca1d549b3a281bebb5aae2a4', 459, '2018-06-20 20:36:48'),
('1b75cb00bf3443c97f76319a2155a8cdf6ccc7c1935b82b4d38e685f5d8f3a4e', 48, '2018-06-27 14:34:15'),
('1baeded1e7393d77fc987c0c66c9bf685fd56ead802a5b8d28073967b3466a38', 328, '2018-06-18 00:16:58'),
('1bf9ed82b19390479c542795cf79be921216a13782c57c4948ae8d4adca5a1a2', 339, '2018-06-18 03:41:32'),
('1bfcf0b091e34346370bafb3ca3e4ee4e94edc980969b97ab0f3c82f593f4de7', 47, '2018-06-12 16:27:31'),
('1bff09a10ba1b88dbf6fc02b3f32cd9f6ecabf0d6d41b58aa5c4232c67273db0', 380, '2018-06-18 22:50:45'),
('1c08f4728159c234c5019f7a49aef6c43fda8b83aa16e3e616b5b71e458e1d89', 414, '2018-06-19 13:33:33'),
('1c18381ec2daababb952f2082be8fa65eec3420a8d87454ff59a0cf60a590717', 2, '2018-06-09 23:49:01'),
('1c4979dbefe99ff20f2f2b37dce882cd06900a916a48aaa4ef3f0017864d022c', 461, '2018-06-20 20:03:56'),
('1c623213c92335a45ad35baee581e5f6854e0664d9602d79f06d4c918db388c7', 539, '2018-06-25 09:57:58'),
('1c6fbd7d20b5ade17b1eec69da0e17e8541c140b0490379ffe98d7413598c3b0', 48, '2018-06-23 02:21:10'),
('1cbd9502cfffecd99adf7cf6a71268dd60046be301662687dbe709b12b3e9218', 460, '2018-06-20 19:37:19'),
('1cc5513c5b3149a7f66cf94cfaf5dc55be49d6502ed4f2769981a9596ff14453', 584, '2018-06-28 07:40:48'),
('1d6eee249c092e00f570ca1ef0b2c1ba20764accf601e3e4917003f861dbf765', 650, '2018-06-28 11:53:37'),
('1e49ea3951c37c0bf16b6c3d79637784efd445ad7ced1352570db6aca23bbaf3', 53, '2018-06-13 23:00:50'),
('1e62b190a9f476f566b1bd166cb9c6f0ca80e342d758236c0985b3fde16cf3a8', 8, '2018-06-26 10:57:19'),
('1ecb3ee20b8b161a255f0292f519b1482beac4d9d0ae63f38f098cedd44f3026', 637, '2018-06-27 15:19:17'),
('1f06ec717e2d23cb9e2b0f1c02cdb2a631f86a2cbab268031eb52da023005fe5', 118, '2018-06-17 23:41:08'),
('1f157e68f1aac3f2fce76f00151af8ce6a9599bd0bcc9fc13ddc3a78ea9edc22', 482, '2018-06-21 23:03:09'),
('1fc604276086f1f4ed58cb6277079da0d806b139f5b07160b7b0aa7717e8e382', 351, '2018-06-18 07:46:43'),
('20bc09f6808b384bd7ec0b41b34da833a28eea1827667287cedcee0a97e1f6ac', 500, '2018-06-23 21:20:33'),
('20d82284e101f5bec259270164f493ce28c305a5d90a5bf8f888c1761a9e598c', 39, '2018-06-14 01:04:25'),
('211fcef8807069b53545416764a37286ea1d838a18a24073d8b7cd31693053ec', 404, '2018-06-22 18:05:21'),
('2137afe862818962b70ac11025ef7cbd33ed99101f0cc000b50c8c9833a1fc32', 448, '2018-06-20 18:12:00'),
('213a0d1666b5f449e7de3770b3b3fc542ee8d7faf483430190056544c2b425b0', 474, '2018-06-21 07:32:50'),
('2140d61832bc2b426cdcdcca65e424cf130712f5adbfd1904ca73f6dd880e5e9', 568, '2018-06-28 01:30:48'),
('214842e90b247f4e20dee5f35681fb86b081aa430b1ba51ef819416fdc8c0d0e', 25, '2018-06-10 23:18:36'),
('2177111be06ca7b2a23b0b54004cd8c2179823cf9d38612ab8c64a882611d7db', 129, '2018-06-14 22:21:13'),
('218a847fe581670bf43c750f385ed79eafdbd97732306c622d379de4ea648b58', 305, '2018-06-19 01:17:06'),
('21a8fefcd37d76af66226af9c0979422af5d7f628244cd05e0f0d45171997f83', 471, '2018-06-20 22:15:12'),
('21b2961166caee40d24c07eafa670149cc4ae8c283a0e6b2c0ea0235e600989a', 314, '2018-06-17 22:51:52'),
('2288f00ad8fb6437fb7b27c8f152aa73f7541d1c501987951aeb15e6c5842730', 127, '2018-06-14 22:16:05'),
('22afacf0eacf5ab5b49e9e0bb59947a882bc718c6d6187cf3177dd6fc246c16a', 216, '2018-06-24 23:32:29'),
('22b5e8a141d991c0417bf3dafb38e936a042cac9cf5e092a815f881f9f1fabc4', 435, '2018-06-20 05:50:45'),
('22c9fee88c435398060453d37f1c87ac18e72564035f00aa6cda076387cb0708', 193, '2018-06-14 22:29:55'),
('22cf02b17c5ed7b50bf0e591e879cd07034309a446de2aa97c83e42e763cb770', 412, '2018-06-19 22:32:06'),
('22e3ad02a2f4671d20c29a814905e40d63c359dfe9e96b6fcd77d0a9e747a7d6', 392, '2018-06-18 23:15:01'),
('2324b432194eccc60bbe217c0680044e3717d608b482d7ef7da18210ef219287', 617, '2018-06-26 10:11:24'),
('233301dad80e31d8ea966b8da35da74b5d569718942c171005e965d2aa4443eb', 305, '2018-06-18 18:24:06'),
('234d903d6a692113f2c8419154689beca9041f89dc7c597b135dee988774c6aa', 597, '2018-06-25 23:20:55'),
('238c37caa4c4ae5e7aac6f7adff4bdfb541c055067168f065171127c2e50d640', 386, '2018-06-18 23:06:58'),
('2394100590d57a75dda4c1ecaa301558af292fb696b00bf3d14f0790d1f1e5dd', 65, '2018-06-16 14:33:12'),
('23e234b93d74d82715e6a704e17c28e8a2d5b41aba7452179cd61024038a692d', 189, '2018-06-14 22:29:08'),
('243252e0a7fff91a3235e7f3da79b43a349067dab11afaa7c1cfa593960b2b5d', 318, '2018-06-17 22:57:36'),
('243ec252887a2f052c38d0c8feb51663c606023480611010ba079b5df5be84a3', 47, '2018-06-12 16:28:05'),
('244b000319c93fd385ae73f98b9ae1d7eeb09ba6fa575e236bd3b576a7cf9721', 110, '2018-06-14 08:20:15'),
('2455cf7e2d5c6fa8382b066752afa9e48d4c187b7fbd04aa8e1ea123ee3f5bfb', 36, '2018-06-11 04:45:44'),
('2484f58f0a0131cd6cd000a88393132d62551550992d49f1ec89fcafb2bd017d', 522, '2018-06-25 22:54:47'),
('248847f0cd68ff1d41612018925377e85834e6daf15ec4ac34e096fb80c02f4b', 48, '2018-06-26 02:52:28'),
('24eb90eb5dc0f3af782a5e280a731b669b4bc81f4fcc62fa543a93f55f0181c6', 369, '2018-06-20 19:13:18'),
('24f0bc362a5c88af98dd5f3704e14719da23283bec80e690b54bce8990a675c4', 89, '2018-06-27 18:44:38'),
('2546b0d3b5181d6c20976ffa2eef20a865e6a3daa53de8b1182972d7f103654e', 210, '2018-06-21 09:25:19'),
('258191100cb9e65e923a628b44d432b73fa8e4ff3eeab7d98ace2121906f00a9', 139, '2018-06-14 22:20:26'),
('258314ee1f216b7e671ce0bf46908ffaa5bd4e855b38ae9962331f1f3d8341e2', 37, '2018-06-11 07:46:21'),
('25b669f459f9e7c6a55b3f50ab5d0d5d26803cb5c5f94537a8cb74d58ca4301e', 47, '2018-06-27 21:02:01'),
('25ce9266358c7c1d65d8f76bdbbd31210481e3caf05aa20d840f564f6ac7557d', 601, '2018-06-26 00:01:21'),
('261a49af7e0b376292cce8107c0deecb51a6bbba97fd0879768e0fffe542172b', 355, '2018-06-18 10:23:04'),
('266518cd51c0218af871809d265aa0fcccca97a953e355594625c8c2dac47ae0', 476, '2018-06-23 21:00:39'),
('268a014469354aea3fde4a48ea86caa2d6c456de2a3f2242db9b3d460a221e40', 228, '2018-06-18 09:12:09'),
('268e2ae63c7b9c94110b6a060de2e61c54db3c82078f111963ff2ae481d7c40b', 461, '2018-06-20 20:15:52'),
('26c7f7ba731cfc35cb54998ed8e64bd1298c02de6bdd0a0dc7d20fca62ca201f', 585, '2018-06-26 18:05:01'),
('26eb134c6336f7a41e6de3e2559a27e7bcf9131b98e97e0dd2cdbbae92cb3007', 430, '2018-06-19 23:12:09'),
('2738de7b7d1f87ca62713290bd8a80886d86a92a7e2d2cf7d96ac3777b87703f', 48, '2018-06-13 19:39:48'),
('2778c23cd34c0969700cd1a8ec409b788754e9e0b34a09ad71902444a433e87a', 308, '2018-06-17 22:48:03'),
('279fe1ade2759c5d95cb86a3e9a5fdf0ef7f4e6febfca8315e0dae6c6147a095', 451, '2018-06-21 14:48:50'),
('27f16702b8f0980170e2186de020e4db444fe065d34ab4a01c65d7e076a5709a', 634, '2018-06-27 01:29:51'),
('286fb211cb8e5a654dfa661c89eeac7e384114dcf244817d2e7a76959658fd1b', 416, '2018-06-19 21:04:16'),
('289366cf7c5978fe6bc4c79ad09170b0d097f9fbd6d27696e8c1178aaa2f8aa9', 46, '2018-06-28 13:03:43'),
('28a28c1429b00d10a2a3398319dd5d0dea6a9f420b6d14505ba7612453ed4c22', 396, '2018-06-18 23:35:41'),
('28b0352ad33e0752410946ed3462aef84af3ca8d23f073f2fa0599774a6fdf0b', 335, '2018-06-18 01:56:17'),
('28f911e96110eb7bc63af97c67aa07557b90179206ed6d9a3d2a2f17a5ab04ac', 29, '2018-06-18 00:02:10'),
('2a023925e53d485e364e0b14f7a66b25daf7bb20a09a0b8cc15d7ef07fa2710f', 585, '2018-06-25 23:03:54'),
('2a182761bd32c0f714a1ee351552b648888e5ee76a2d51fa918b72cba9022848', 597, '2018-06-26 09:48:43'),
('2a203d8fb56e16835a91b01f72e61a48e9228c6f29eac591b5c4f0bcc6c770a1', 164, '2018-06-23 21:20:50'),
('2a23e054800f055b643ca644cfc0f44d915e4c406612f342915a17c9c513cb89', 551, '2018-06-25 00:26:59'),
('2a2b9dc62b0fe9c29fb3769a867f14f3a703426f0f07a1650bf1ae54593b1cb4', 318, '2018-06-17 22:56:08'),
('2a5e7cd77dddf7eda2a5decf628ddf4c4767bc89c660e01bbc893a141e29ac40', 250, '2018-06-15 17:51:21'),
('2a9d5f6f4a1da55c4db7bed9116d0882c4ad106c3e124f0de02f68c9535717ef', 387, '2018-06-18 23:07:16'),
('2ab11fb72bdfeaa39ac92af9e12a611253beefbbcacff97b0be3556c418b1d1d', 284, '2018-06-17 22:31:33'),
('2ab8fe2a51f68f3367ff635a72a3df71806a34a51d94b994f275239b67c5fd8e', 44, '2018-06-26 21:31:44'),
('2acbf1fbf472454efcabfe898fa2b94d2c7508e11586ee0ae99cc9fcbd955d93', 607, '2018-06-26 09:25:10'),
('2b334c7b103b0644461c5874636c8be04d032e33c904d1c34db298f67ebc9498', 65, '2018-06-13 22:58:44'),
('2b5a43b0626fa378eb1bb58cd9769ac8fefde6caca66a3533799f4155353ef8d', 80, '2018-06-13 23:14:26'),
('2b706c51adceb6434b12d9dfb2eba7147a9eb718982a7dafda367085275cfcf9', 84, '2018-06-14 17:36:55'),
('2c0dd26e4dc1b10aa63df4134de28dc4fb14cbad7193827de4bd8f50e8bbf614', 48, '2018-06-20 21:43:31'),
('2c2e4ec7434ec1217513f20f4140128f2a057439f4dcce9ec038ed54aea6f9fe', 227, '2018-06-17 22:50:24'),
('2c4e3e9988d123df2cbc9cb325956eeb4e43f818ba999ef2608565c620c5e576', 104, '2018-06-14 02:05:58'),
('2c54242466511d3aebcea1decde89ec5fb95f49bc3fc6b5f50e6b65fefe076cc', 378, '2018-06-18 23:47:39'),
('2c5bcbbbee17d90a1484cb7c75307a256287b1e4fc28ca66a71bdf0c2c2d0f9c', 552, '2018-06-25 00:28:18'),
('2c718824d0c5e35ec41230da88a9f43e28cf061dd1eeafa83ed7d579a73c53ae', 251, '2018-06-15 02:14:16'),
('2c7e735bb70d348117608911b6efe3f253c7f6399da833e6021f51c222556b91', 87, '2018-06-13 23:43:55'),
('2cbb0535af466d462e84cbf905266e1934083dd25a0dfcf5647425ff24f72cd8', 62, '2018-06-14 10:40:54'),
('2cca96271568e4eb7ea2354049c255423a9589c5e0f331af6a9e3435e69192fc', 224, '2018-06-27 23:06:24'),
('2d540c37b32dc997cfa88d8da4883e78c30bf39739a2aa75dbf461c1ed04abd1', 84, '2018-06-20 19:21:20'),
('2d93934740d9ae60043bbec56bc947551794f24dd26192991717f738bc240a8e', 75, '2018-06-14 22:17:59'),
('2da08b383b7f5da1b8e8623f314434b3c754fc5887f0745527fb449c29064cc7', 168, '2018-06-19 21:51:11'),
('2dd709a89c99836706d16956f7d3f62d3c8ee95b4c6e20f52c2ee5e0c0b9e32b', 600, '2018-06-27 21:50:18'),
('2dea6033c693d3712a1ebc09f03ff38f615d5acb890c60dfbfa6f3f46fa83a19', 481, '2018-06-21 22:53:33'),
('2e2dc2931b4785eaac2d0a9cd0dec4d10bded19bb4d103dd72fa4672b8f98f48', 426, '2018-06-19 22:34:34'),
('2e785ee8add6272a5e0d3222fcce5439137fb7a1bd0847baf5afe6b3f1aa2d39', 179, '2018-06-27 20:33:52'),
('2e940c974d3d3cae24df49094a00854f3a6f9c86847d165f1453bb292b2b88b7', 303, '2018-06-17 22:45:20'),
('2e99c643f37160b854213b47a09e1abf5f51b5d783aee491c70f97baf997fece', 135, '2018-06-14 22:18:40'),
('2ee29e6f2cc1b70dd9ffb9924b37ae270dcd2ebb85172a65817f75d86845ac17', 630, '2018-06-26 22:56:06'),
('2ef36131d7b93077a14b286c4b1c68a36e65ad90b1ee2dd899ec253f6d77303a', 609, '2018-06-26 01:40:04'),
('2f383da9cfd7a4451f5d9a12a510c1aae781429451c743afce530c10102dd708', 556, '2018-06-25 06:13:43'),
('2f441661cea0f8a0ac26d787920c50404356d731d5afa5e50f035b32c0bf6863', 66, '2018-06-24 08:10:16'),
('2f4ce9de23bc62b09e915bd4ec996ed033ea75690b3d58fda9e60b1ebb1522e5', 223, '2018-06-14 22:46:54'),
('2f822583abfadee217c81e207f43b15554e2a3b9b256ae61d8aff75550206c42', 621, '2018-06-26 11:31:17'),
('2fe5ee318b035e43cf2517c5206e7976fb4dea5f13c65df8c213e252e5c0dc03', 506, '2018-06-23 21:39:39'),
('2fe96737da2a85b732ae2cdc312c0326d962b1a80dec00dba77e81b69d93fc1c', 21, '2018-06-12 16:19:18'),
('2ff0c75cc8ec35aa9c728136b18687e568dce473f687a520717896de4930c33d', 40, '2018-06-11 23:14:20'),
('2ff2955fe84ab9ef738334a2a5796f0e2f61c4efd6ab6fc2d3bc1962ffb673a8', 590, '2018-06-25 23:00:12'),
('303e36dd2a0bf623bee3521219b8c825df3beb0589f4bfe7d0e95a3c6dd96da2', 58, '2018-06-13 22:56:20'),
('30637c2db8a6ac7bfc5587a2a7b7ed44e9d326a385961c5f610bbc7d87cbdd2f', 314, '2018-06-18 11:54:20'),
('30a262668f10534e2a2cc12a91f21f64007f979b0ff43edede6fb2d721ae6b60', 572, '2018-06-28 08:44:37'),
('30aa3f94b188036c50381a682aea28c418b0ab78ba31cd969793aad5c08ec32f', 450, '2018-06-21 17:39:25'),
('30c4f881ce59a7d0171cdf7dc2fda98734f6621c07575de20de5015855959fb5', 386, '2018-06-26 12:18:36'),
('30edd82971a895fdf20ca56c4ab22697f72cef96121ad29adbb157c51f70e9ff', 492, '2018-06-23 19:02:37'),
('30f0ac541456f3794074d9582ec8d3f0b044a9566ab2922e41d72848a12cbac8', 631, '2018-06-28 12:36:29'),
('31021e553f60da2f593697572b75fe80befbb9ac1857aee9aa801acb8825a133', 404, '2018-06-19 00:39:39'),
('310dfd1bf4a2de47bfff5a5435e0f9def7e73bbcc760a47440b585b98a68d95c', 395, '2018-06-18 23:31:13'),
('3126c533fe44c38fc3594228fb985e9baac029b6b4a5d099d8537e07a99268fb', 532, '2018-06-24 21:54:40'),
('314326f2317ae68375461f174031d17e5e520034451ce75ffe13c595bc0c1fa4', 81, '2018-06-18 15:08:20'),
('31639c1fa16c484255d20ef8cb46e8c56f6a39cb949992d6a53ae0b61b25e6b2', 539, '2018-06-28 11:54:33'),
('319b283bd559d6254a8891bef33bfe686368b343654818e6f2754934e3dbbf95', 418, '2018-06-19 18:42:37'),
('31d4122479e2c314844c9e01a3f6f9d8a60c133a0104de01a1916f5f6564c709', 106, '2018-06-21 10:55:03'),
('322c7b85b8ce774069d28d3ff5ca911787d7b0581c39325cb78d6b904ec7b80f', 431, '2018-06-19 23:29:07'),
('325071e0da714e460569486216dcfde785a98bba832cffc8b5dedd046e0ddeb2', 360, '2018-06-24 07:29:41'),
('3259d6a51f75557c8438d81ae3659d5b2450e558a37e29e8591eb1e536137d6c', 107, '2018-06-15 18:45:57'),
('32aacea220ea9a333b13b6f1e919be045471f90e11e17d3992bcb5031c641eac', 256, '2018-06-18 12:11:10'),
('32bb84c4c68b8ca6d39c0179b30348915b22b9c1deb1613441a5c3a704808e5e', 442, '2018-06-20 17:55:22'),
('32e55a2bb5ec250a8d5c6b0a17eab860e1c6fdfc01aa195238a65ee2a52a2dad', 158, '2018-06-14 22:22:15'),
('32f4c10a26c83ad4cf24c393630f9ab75b72c13bdc4c592cc5ca05b02cf723bb', 17, '2018-06-12 08:25:28'),
('331ab059eff47fdd27b9eb69cc0429c96eb6f0f7af0fa1faacf22049586bfeee', 341, '2018-06-18 03:51:58'),
('3353ec5a79d9881010b5229c7f666754afcf9e349f8e10e22abd1a1a2760380f', 426, '2018-06-19 22:35:18'),
('3397245b61593b81c7332afdd90076ff21bbbf6677c433369d13a8bb4ffd5f50', 593, '2018-06-25 23:08:23'),
('33b738cadb0b56de258ad97fa1e662c29648517e8e1f795c290b1d7fb9b59e0a', 412, '2018-06-20 00:37:09'),
('341c337af6f17d76b1f1afac40a5451ddf19027b82f963f6275c057275568e55', 176, '2018-06-14 22:24:38'),
('3458bcb5bc1d18614d2de56d78ef181775fa51ef0eea7e5af668e54ed4fb9b75', 213, '2018-06-24 21:52:36'),
('346818f37c9b95104f6959c4db6b46c901a5535e1f94114cb3a8bfc836962138', 8, '2018-06-26 02:57:36'),
('34876ff4acca2dfa215118f043cbeceda5f82b594a215a0a4743c9877ec5379f', 21, '2018-06-11 13:44:46'),
('34c52bc17b657d9a6bd7d0f60695044e65c1331dbad42dc5afae46281afeccdb', 301, '2018-06-17 22:44:44'),
('34d561c55a474232e3954536909b832e4dc5d1243e25cd1c6110deacc251eaa1', 206, '2018-06-17 12:20:06'),
('34e1ca39aa6e626a66daee83139cdc0ed8bdb55a06ae99e39b7a09d457baf4ef', 21, '2018-06-11 13:45:20'),
('34eeb02a1f6fc19b9ff6f4687ac17d8cdd727686586cfbdb9951a4c301b39729', 6, '2018-06-10 00:02:03'),
('34fb82daf7f9c72fcfc23d0c575244de2f4525afc33abb43b851f48f5da5f3ca', 650, '2018-06-28 08:46:33'),
('35012fc15f6619c80c1d21f205bf5886b6fe364b4e5f07e9bd2a75f779bcc999', 69, '2018-06-14 22:58:51'),
('35bb8d4b9e9b9791e0c6fb7503587af3ea35383a6416e69853cf3c7735841815', 295, '2018-06-19 15:37:03'),
('35f6d2c038e43c75caadac733367d61a14e8dd1ace7ad0327b4aa78fb601bc8a', 117, '2018-06-14 10:39:24'),
('365065f5a7a4db72ce499e8cc2bb901b9227a4b3e50606779d9913c6ea59ed7d', 271, '2018-06-15 20:24:34'),
('367b9ab74944c702a78c4f1398b8562b16539ec580e066ec18416edf1144115d', 222, '2018-06-15 14:46:51'),
('367e9786a61af6047e1e39975f4b0e242d009bf960a012bdda2cd39d872e5c4e', 621, '2018-06-26 13:42:07'),
('368b39678448941f1a274b2f5068226bf1ce6828ee86f52b361887abeeee9bb0', 250, '2018-06-15 12:24:26'),
('36e8d37cbc704302602810b1c50df006e06a7c25620abce97938323e67ac2c64', 45, '2018-06-21 18:34:02'),
('36f882c3e38263e462d5113943bac0bf35713c92c12088d333b1b98fdc57a4ec', 609, '2018-06-26 01:48:07'),
('3711c79dc8232f10e0aff7c2f4c433ec9b5bec633fd42f360fe13ff152070c1e', 597, '2018-06-26 09:48:42'),
('371b4a78fd8f4b58b56032b7f17463bf1cab2b4cd0fd907140abd9f37348f7ae', 413, '2018-06-19 13:09:27'),
('372dffaf92b030a7a2554afc83fc24ffebea69e6849d93dd21ba31b8a8661cb1', 335, '2018-06-18 01:57:34'),
('3761fbe239e32043c676c490feec64508f8b0d478322816e8273237fbdc14162', 213, '2018-06-24 21:52:36'),
('37770ffdbb611733abfcf52454f95a9712c1cfabbf3f017bcc165c1868ac0cf2', 269, '2018-06-26 04:40:46'),
('379b8d950485636746939b8430f23627b27177f1153f7892d9f42c4ede41d26b', 429, '2018-06-21 08:35:04'),
('37c55f4d531340fe7a50ed28baa0b980e3e1cfa8761ce0ad69894bbd5183c661', 339, '2018-06-18 03:04:42'),
('380db8012ddc80050fcfbdfd542eb7cc3f4748cf6c4f38d3eb1d322993af71be', 40, '2018-06-11 23:15:24'),
('381e7ce7439e7bec674201b9df1f545f131c1757197fc843f38956f2c8606331', 257, '2018-06-15 06:10:10'),
('381fa74c1d4584d1bcc5bda5189e7f9fc6a1e02dd55edb817644842f98d8aeec', 330, '2018-06-26 20:42:29'),
('38280aa67ea82ee9eb7f045987b83ec4f90e1883446f682850d41e00175b1969', 578, '2018-06-25 22:29:12'),
('3828b4ef1c76f23460a309e014f8b010f092529f23ecb549a09969e3ba74561b', 326, '2018-06-17 23:30:36'),
('3856515b4836e5d398ef660492cc1a91ce64adb133690cbed4fb1024113a9f22', 537, '2018-06-24 21:56:46'),
('3892430615b28c4e9f58ca3de4beb07221555046864b0af82730041f3ce854a4', 599, '2018-06-25 23:43:13'),
('38ec7aa2b7c23ecced9ac960048ac7422409884154046bf5778129be6c4317a7', 651, '2018-06-28 10:48:23'),
('391a304ef170bccc5a7ad0ed350d01c5405a6e4e0d6e96f1208d05bcddf9b0cf', 281, '2018-06-17 22:30:14'),
('394ed335ca149e08cb88a7a7d182237a9eec299e16826dae01c7dd1a5f211bbc', 325, '2018-06-17 23:22:25'),
('39d901ee7654985329f3b02350944fa3f4c6b29a9da39b0a9ea596936a8b4c74', 199, '2018-06-16 07:22:27'),
('39f827f767fef235f8e09a55aa8fa73481a3d09e1671d4c032a7db5d9adedc21', 47, '2018-06-27 21:01:33'),
('3a040cdee0f4e127d69715e04c9633d19a41a67abfac6c19f431b3025066cba4', 614, '2018-06-26 20:44:59'),
('3a2dc07f8d8f11668169813f78c8818c256a393b72d48a4ee67a67a00098ca38', 592, '2018-06-25 23:11:51'),
('3a460f3940a72dd22dac552d4835727e79023cd24c8f6c9e4401aa413168e428', 367, '2018-06-18 17:04:10'),
('3aa47c9be0d243b7100a59e73ca983bc2f301bc98abbe0f9d5a9dfb35f6cbac3', 417, '2018-06-27 21:52:49'),
('3ac81635a5f88aa8317a461e1e65960e3ec3ca1f7f3e06d8850299d1506835ae', 633, '2018-06-27 14:51:53'),
('3ad5d3375f6d153c65369f1731c6c1884a7b946f09dc19f2c3d81c195eb6c77b', 606, '2018-06-26 00:41:55'),
('3afb6dcc43c5003b61a34aac3762770d1e35b001988720f7a6fdf614d93a11a1', 186, '2018-06-14 22:29:56'),
('3b0a6dd712d32732c04977332c5fcae994bfdd8fae50b235bd41ff2139900b5a', 278, '2018-06-18 16:07:58'),
('3b639319cc53a2c1b7d1e6c9b94de08a0ec1263312c56ad0f71dfc37e0b5b045', 348, '2018-06-18 07:21:27'),
('3b6f32ecc3be7c75d6d4c80177c5e32b86ecd22338531d2648cf91d23311c2c6', 23, '2018-06-25 03:32:30'),
('3b77529d78986169c7ee8047fe9e7a13569433cca3388ca939b8b9cb9c61275e', 106, '2018-06-21 10:55:04'),
('3b966d9602f671b462231b156a93b663a86bcef59a7675ca7f71a852c5cdeb28', 609, '2018-06-26 21:42:20'),
('3bfc81630f91b8c83e74ac77e87dab0c240cc52c89258356d3389d9616475ed8', 161, '2018-06-14 22:23:01'),
('3c213d978142a144620fe230338f4154a9adaf1f4e2588d2794bc91f88dc9ff3', 111, '2018-06-17 22:37:32'),
('3c238e7b7bda94630f1ff574902ee1a30b8308e2e7b788214de40dbba48bb1eb', 304, '2018-06-17 22:45:37'),
('3c2bcf4a0f113317976cec92c22d31b35033672da3748ef14d381177be03ec19', 26, '2018-06-21 20:20:05'),
('3c5d6e1233bfd010a58d7803b145e3f7074ba0139ef1c899d85d1d418fab2824', 109, '2018-06-14 08:17:46'),
('3d090b4487e49afe352e5d102e681eff6880152c2e3ecb92eeef2fd558b86d15', 347, '2018-06-18 07:06:04'),
('3d32f952019f78b39d0467886da9cb4b84218fda7ab1b548f19785f99fc9332d', 609, '2018-06-26 19:36:14'),
('3d5015602fef99e988e1c59c2cb7781201e6bb9203c75e795f3a4d385c354ffa', 356, '2018-06-18 09:41:26'),
('3d5383ba2adcbc2e62de87b7be691c1a677df348ea2c8c711af488677a4dc2fc', 219, '2018-06-14 22:39:59'),
('3d5fded855a42b1bc52f1a0508606b01d45391e5d9ca0c7fb49021020e3c90e9', 527, '2018-06-26 13:37:56'),
('3d7f9fd0357653c0e14a74ef44106f09645f8a6c28cd8f8c68d165ea27969f9f', 416, '2018-06-28 12:25:37'),
('3da1f3a652d57c40ecfa197fa2dc30d7bb0fa78cbaa2e411afe49ad15d02d3e1', 48, '2018-06-17 21:54:51'),
('3e1137bd6cfc4886d6ef72791b19cf6c9a0fde297620c17cc6eaf8c8790323ba', 220, '2018-06-14 22:40:18'),
('3e224d48f9932852e2a8ea81b1dca1ac1e5864c18629f71c0185d90b26e0e9f5', 274, '2018-06-17 22:47:17'),
('3e3ec97a6563acdc59b608084f8c4d4ce6aa4df09608724d65a50bcdfbaa9af7', 135, '2018-06-25 09:38:14'),
('3e52551e32c7be4c0acf8a917404f55d2bf53cfc9e89344ada3486ee7c34125c', 412, '2018-06-19 12:03:21'),
('3e7197ac49906df5347d36b0cefe2d41c742da2efe2bb31c46c69fea97a9ece6', 50, '2018-06-13 18:48:31'),
('3e8922628aacedefafe3b566a57543fa03dc29ac53039ce6ef94646d6377e976', 500, '2018-06-23 21:21:04'),
('3eaa05be759192b411918691c47819150fd6400bd42e3f65851987238df81fcb', 198, '2018-06-25 21:59:28'),
('3f345ab33984a334dde6e204ac02c0f8b3a3aef6dc40b9d81e4a3dbfbd0ee0f4', 558, '2018-06-25 06:52:31'),
('3f3d38314bfaeb6be0811608b2b6a3f2c268437b554dbf45886c5bded2499708', 145, '2018-06-20 21:58:36'),
('3f6259a1c56789a55f41fba9c92b848633a3babd18381b68265b4d8ae87211b9', 295, '2018-06-18 15:33:57'),
('3f8c0e56e4296ca0d93960f788f933d211d35a310c3b4f1dc802017cf157c1e7', 221, '2018-06-17 07:31:03'),
('3fac5b5ef2f318d2e2131da4498a923ef6d28a43aadef20667fd4e65e0e7814b', 529, '2018-06-24 21:52:35'),
('3fae0b9898f880e44f6e47756e23cd1b2f3c4ffd01bb533ad49b48c96db51d96', 179, '2018-06-17 22:37:42'),
('3fb47c0d3c103c1d0a4564e3e1777eb1dc7c9ea4f5c12c71cd2fc7d207b8c358', 32, '2018-06-23 22:09:50'),
('3fdf031c7761a4a366bacf933d5f312a041be0cb19af2119a98967f7ebab0a76', 251, '2018-06-15 02:13:58'),
('3fed27199d5c6dc3322067598465cde651c6926114b3725e176cb7544abb2f97', 305, '2018-06-20 07:40:42'),
('3ff9982c4813a608c05d7faec8be91b642e9b9ed310c7e0b2224fa800073a5b0', 351, '2018-06-18 07:47:09'),
('400ed1b62b05390c7fb29ceeaf29c8476f13aac7bbe69eb1fa7f5f87e754bf03', 261, '2018-06-15 06:36:41'),
('402ba077e4c61002de66eada6000af44d4a37539a4e1c8570d92e36990ed27ab', 401, '2018-06-19 00:03:50'),
('407fbfd0b92c930b3a7423580214ad973f901427d883ee9c1b4c795ee27705bf', 416, '2018-06-21 17:35:47'),
('409c6eaf4363e886e21edcf239a4741a8e1fda2fdd53fe42e346856b76a27615', 539, '2018-06-25 13:44:43'),
('40a4577aa6ff72667147cc88efd4a3c836600d9bc8252b62b0422ba13106977a', 305, '2018-06-17 22:46:46'),
('40fe7bb3efb829971d198a6266d060715c0dc217264adb60b2dd48ca71a2aa26', 65, '2018-06-20 08:56:10'),
('41037ef9ca9685561766405ad3752c3b381cfba4bf3034d8be12eee3a8331fea', 238, '2018-06-17 11:47:05'),
('41766cb8c11d01912297bddca72e59bc01343b5cc53199a78cec8d9d605886d3', 336, '2018-06-18 01:48:43'),
('41c26171b901ad382b442d42a8317ff270b614cc83d7cacc8eef33abd91c33d8', 369, '2018-06-20 19:12:59'),
('41c4ab612508ac1c9f8a64d081f7d4e3a1ab18d9340eb3f340687ff6b4ce2442', 315, '2018-06-17 22:52:42'),
('41dd5f185437526b7d3d3f88dfded0e42cb82396588ca8344367495f77196cef', 353, '2018-06-18 08:12:10'),
('4201f3a021548df9cbba825bed68c340757bfe4225cb629a622d8ae7c9e26169', 622, '2018-06-27 16:40:02'),
('42073d62dfa23bc812eab5c2a31b655a3576677eb396aec40124355af5897596', 3, '2018-06-09 23:48:54'),
('420754d8bf5dd9924039db46b15aff288a57e42e13ccfa7fad6737e8e80a5e50', 543, '2018-06-24 22:08:36'),
('421813c7cae8efc51792596b9a9b7fe1ca6c1ccdf5ca40a9990a0549b3eecfea', 47, '2018-06-13 18:17:50'),
('423080033a119a69eb15c57e97655fbe9d4642867ca4a0b49d4b6cf8ebae986c', 48, '2018-06-13 19:27:49'),
('4286b7f44a57cc9cd767687f76baeb12c45fb26fb251c081ddcd27cd55361962', 21, '2018-06-19 12:31:17'),
('43118d7ed3eb6ab559bfd32cfd6ee94e346a191009041546c12f880a927b1c9e', 233, '2018-06-21 13:47:17'),
('437e214de0ef314e04df9c86e82b68407c05e33c9c25b6e5f5d3b2d1aeec22b1', 352, '2018-06-18 07:48:36'),
('43825add4b642ea7dd4bdf3dddf2707919db55fe89e92522a8ba7e3cc13b86fc', 598, '2018-06-25 23:21:51'),
('43bc5870e04c5c207195c13d709b62b71a9ef8eb2541acc3d39a48c584aac275', 454, '2018-06-20 18:53:04'),
('43d48a7ca724d76d1ab5ea2a8ec2d05cb6c2682883d25f1064265f47be1f4633', 327, '2018-06-20 12:07:33'),
('44208764af5ddcfa66e308eae40fafa9a08acdb0d710d56382d1f207503bd7c5', 584, '2018-06-26 10:10:44'),
('4421c4badb0ae52c49e3fa79328ca1872c03afc94c3829d3c04710b2bf78eda4', 637, '2018-06-27 15:18:58'),
('44cccdbcf63893ac4d9869084bf2fc98663109324c69cab40da2d95f3045801f', 604, '2018-06-26 00:16:46'),
('44f88cad5433b164f36bb884995fb07d004aab108c1dbade52f8e8a132a0e479', 343, '2018-06-18 06:15:45'),
('45472eb4472b6619798089abd8c37eb20db8502de21ef146e783660018de37ba', 405, '2018-06-19 00:53:16'),
('45567a55caf57dbdb063b1ab6ab8b7382ec205233af30c669250fe265c8ca572', 296, '2018-06-17 22:43:02'),
('45c8d4d91220e4be6c40e6a1fb59610e46d1c56357323eba676983d82c0ff443', 577, '2018-06-25 21:58:51'),
('45f78035cf5770c84e36ee2a808031525345979946d9b2124ac99a7a2acfff94', 127, '2018-06-14 22:16:16'),
('460b384639d34f21c09fc9a9c1ba3d058119961dc2e63868283c191266132880', 233, '2018-06-18 12:11:01'),
('461f97de3832f0a3650fb7ead7477617a75454444e4612c153a5a85d3a7ed541', 91, '2018-06-25 11:13:21'),
('464d1f13efdc0167fbcec3e527d78c6be24afd89c3b19118e0e7f53bb79780d7', 262, '2018-06-16 21:58:29'),
('464ded35f9e0b58b69df500aadce647380df9e646e911accc0fe1b61f33e3dce', 143, '2018-06-14 22:19:45'),
('4664deff922cdc1b4e48de7b755e26dcfe26ce6ec096868b938703fde3acf4c1', 86, '2018-06-13 23:37:36'),
('46677d40045549499ae41ef70cdbbe768d7a5318a6843597855f020a672db17a', 48, '2018-06-20 21:29:52'),
('469743df351b5026c6ccfbd28c9308a92e397b2b0bb534267eb7d87b9d09768d', 5, '2018-06-09 23:53:35'),
('469a7beb93dd3d2f270b79cb2f8286eadce8c611617a397ff81dff8455936bc2', 575, '2018-06-25 16:50:06'),
('46a07d19062746802a265882c30581215572d1c536b4a302d4b706ca0b2f324d', 91, '2018-06-16 22:24:36'),
('46a1aa7c931f792bffcfb2156cfcba713175cb93a7fde4be9f9b0ee5b31d8f95', 651, '2018-06-28 11:02:10'),
('46d31b0294608af0b165511209cc5a28cc6b3a12dd52c1dd171cec5ae43a59ca', 583, '2018-06-25 22:39:11'),
('46d4cb4a64fd95b4ffde71e44c734443052d0646fa1b9b022ee21e679408c137', 269, '2018-06-16 04:45:54'),
('46d69ffac33d0be9487b6bd4836e248f09928794b74f7bbbecc661b0b7b8b378', 360, '2018-06-18 20:49:13'),
('4741e74ff4fcca81f77afd18850d143af4a6f825890c25e32a0fbfe813269681', 607, '2018-06-26 01:13:15'),
('47655c23170e81bede75102b81f84bb0b317db85613364d38e2514d982194608', 441, '2018-06-20 17:50:25'),
('477535a1ebdd9d22f3a1f1e8b25946486d392f28124b5ecc0e6077f717119895', 326, '2018-06-17 23:31:08'),
('4826d9be3081265256acbb22cfc31b6b445cccaa0c742629969b80c509c11530', 607, '2018-06-27 17:48:22'),
('48441058fbf1c59ba0493616bcddd876d8c23d774da2f6a3a91d43be7b9aeda5', 392, '2018-06-19 22:51:29'),
('48e240618938ec526a8b3faa5ca39ef4dffaa9647d1ab5a977d4878c9928fde4', 48, '2018-06-13 19:07:59'),
('493632200bca16146855254c66b76b6454526b267383d39659100bc766af3002', 275, '2018-06-17 10:59:19'),
('494193299c9ffc237f43d5e613b8f8f429a1cd5f3a85a96f4ab32dfa66444407', 97, '2018-06-14 01:16:57'),
('497be0dfa7c60f0db4d1752dad305c090d229a80a360b04322a6cf64371b2f15', 291, '2018-06-18 19:23:42'),
('4985676ea96c8892aa8fecf34cf658b2c572d3bd94bcd02c62aa709b78d178b5', 77, '2018-06-19 18:45:59'),
('49b6e58048ad3704f91942d52ba9d3028739f9b208cae6ef05173b0f062ea819', 439, '2018-06-21 23:41:50'),
('49b8857dc702a1e4177d90fc0f4f69de555890fd37444c65933d534913f6efe9', 274, '2018-06-17 22:48:33'),
('49bae0460db5cfa2ab835e6bff1ab077adc082b04431cef26cdda586d45e2e1b', 165, '2018-06-14 22:22:59'),
('49f983c193f5ea442d2337822a40b4688b0e478c0f9b3c22e9d939f26dc223c4', 94, '2018-06-14 01:05:17'),
('4a09cc2007001af4c454ffc03f24356c5ce9d45a61047087fba6122e8d425967', 467, '2018-06-20 20:34:25'),
('4a1ca3283f6c59e8c8daee20bd31fa1fb4209a91d9d957f5bd0356cb02fc4600', 597, '2018-06-25 23:19:25'),
('4a233a71f91a591b5afb5e4343cd028722fa97693ba3c99572029616cd15791e', 323, '2018-06-17 23:13:28'),
('4acaa07c7368290b58963ffd689580addecac6bd5545863a3c06a84f1c3e8dce', 48, '2018-06-13 19:37:21'),
('4ad9945a5ed5278605ad0d774d4839100f4c4de4509b293f974f2e0237bc6a19', 651, '2018-06-28 11:09:56'),
('4aede9ec5e5cb79f5ea54c7c7095e514e14fd856ce8cf49f78e410a430c5264e', 545, '2018-06-24 22:10:06'),
('4b0898caa6057671d5f75d8b156b625ca14798b06dfa310f870a7f9fa907bfb5', 150, '2018-06-14 22:20:26'),
('4b1b1e4c43e4b6dbb612437317657519daed96829d263b550fac1c252b6befd1', 459, '2018-06-20 19:36:43'),
('4b544588e36a7c49adc71ba5c4392a13c40dc46fb86a3e283c895f3ccfc6edcb', 340, '2018-06-18 03:39:15'),
('4b54816e0b0f5c9766bc58ea1185e2b32ec5b7283e5921f889b3008da98de868', 291, '2018-06-18 15:45:13'),
('4b70d493364c70d62ca65ee9492200de5b2ac072c4a529daef7029f979b190ce', 60, '2018-06-14 00:01:45'),
('4b819ad087cea19f2a4fd2fd205c1ad96fe853757fc413c13f646572140d949e', 268, '2018-06-16 20:46:53'),
('4bb20363cb0322e6d143f14f464d809cb568dbccdeae45914340c2f97d31e661', 595, '2018-06-26 00:21:13'),
('4bc609f01674ee4eb834938a472390a97bb0255ae37e5055e9f21ffcf6fa1a6d', 398, '2018-06-18 23:51:01'),
('4be34d844d6b38201d0ceeff83abe60b67b582c876c8eaf27bf072e86ea558c4', 560, '2018-06-26 07:26:52'),
('4c38053f85224307dc1bcb17a78dc9f0bca4c3baf534dd42ecdb5a15ca0016c3', 51, '2018-06-13 22:52:11'),
('4c396d285b5f12853f1b0efe5a5956d2b0a312b07e7a193bbebb299b27e38c29', 318, '2018-06-17 22:58:08'),
('4c5bccb8a8a8b6735eef87eee5bce9f58a9210be9a400036e7500af8466c3221', 179, '2018-06-17 22:37:22'),
('4c9595bfe2266baf855d266d381e7c3e477779b425756f40d32d33404b3457eb', 378, '2018-06-22 22:07:25'),
('4cd1398e0db6b3afae290fff3d817533bdcb347b6984f146d252ea99dcb34936', 444, '2018-06-20 17:58:21'),
('4cd789fecbf1f83d3387816593ed6f9bb99d7e370b0d7c524dc43808164b4a4e', 488, '2018-06-23 18:23:54'),
('4d1e821265e39d9a58b3c7ab3352cd597402c99dae2da264f039aa02bdb60115', 389, '2018-06-18 23:14:11'),
('4d57265af54c057e3332dc5e17509928aef783684ec0e9fc1e83743d80c3b954', 285, '2018-06-22 19:58:09'),
('4d90087697e9d20473be56c05430b7302e4963b1cbb2c2c0dddda35e9ae069b8', 505, '2018-06-24 17:57:56'),
('4dabe17b39976784d1134b25238639b995208477dc77aacf14deaa85b4da2b93', 17, '2018-06-12 08:25:23'),
('4dd66fbf27e677a3d3f156a6f68e30a4d9efefd77ab47c05655787df986b78b7', 609, '2018-06-26 10:58:48'),
('4e233e8d6dfbcf88ec185e4e9f23743ecfad4509d7811f6bb3cf742db88d37e8', 188, '2018-06-14 22:29:03'),
('4e6d9220a0a28fd4543f7ad0f03b22392a606b720e1c49da47a8686f5a166796', 524, '2018-06-27 10:08:30'),
('4ea70944bb5c6b43681ab00876cd6da494b91f84b1dafee119f6113f21b0b840', 246, '2018-06-15 01:10:04'),
('4ebeee6dae339bc4b339af7695cfe8f881083dd656fec7c5bcf32cf93fb07038', 80, '2018-06-13 23:14:51'),
('4ee2ec44435706d0797be4a85ac15749844d4957997317e566f4373b07c68823', 388, '2018-06-18 23:08:48'),
('4ee40bc9a8b270c39463997f1d0aa35a8d4ac4367e85cdd906e06c81b5b8a813', 66, '2018-06-24 11:15:18'),
('4efcefbc25b97e30b85ade0eb2ff3730a9f740abfe7d006991e33bef886e9593', 134, '2018-06-17 07:24:03'),
('4f85c69f46918ab3035ad84f2fcc4df44fb0d3ba6289a2cfe00428fb781affe7', 539, '2018-06-27 09:55:34'),
('4fa1bf9276fdb11b47d5ef3a12f7265825b668463f6555f874f42112345afe8c', 596, '2018-06-25 23:27:01'),
('4fbde0c3227fcd0146fa7fc624e21891f23286e0381c2770611110aee6ad9156', 15, '2018-06-10 22:24:41'),
('4ffead67bc430cf50063db69479408c3f1bda955e6e5dc7f1ef431b67cbf08ca', 140, '2018-06-14 22:19:01'),
('5015871de01222bd5d6cd512d2e78456f01556314dc3f7b2f5e8e3343c1c816c', 65, '2018-06-17 21:37:32'),
('501cbf54ef809ec301450aafaf0847fb5dff2f702816fd2e4a9d07b706afde88', 108, '2018-06-14 06:39:02'),
('503371e95bf2d5896643543600ac35a5fa08d85c322413d45b3ee78d98214ba3', 154, '2018-06-15 17:18:52'),
('508ca1f16ef8d23ce3efe721a349e39a89582546b8a40eda60898a863cc32150', 141, '2018-06-25 23:11:30'),
('50d26a6517307b7d09c2e3824ddc1b06f126ab3bcf49346dd06df1e160c0bca1', 232, '2018-06-14 22:56:24'),
('51896f027ebfd3c7c827f07c52aed93886d649368ada713bcfdcfad780193a76', 297, '2018-06-18 01:05:44'),
('51a11ad7ab05cc80fbffdca327fda2e2a2100439f79aad625c0774e378da6dca', 355, '2018-06-18 08:51:36'),
('51e19b1845743cde04dca2dd49fbe63031a344417b76ae05a0b3c6972a6f55ea', 579, '2018-06-25 22:29:19'),
('52019839b46e6515486436409224bcd36cc29f927b291ae152dd5c0f48c34d93', 511, '2018-06-23 23:08:36'),
('52160e1f606c19ade6ca334bbec75725afdc06f960dcd7a01f5064e2a9dc7a34', 238, '2018-06-15 01:35:34'),
('5303a4db4549c1a1ce453302e735f4413c0b7bdc68ab83c560f038b04e6fae4d', 362, '2018-06-18 11:54:54'),
('530af440b3c8a1ed4e8183ebac1a80afd72fd9630e6aa28416bc2928771d39f4', 589, '2018-06-25 22:59:07'),
('531da313ad7bee038a2bca6badbae334af7329fd5e3c1a0f14a4257aa90de154', 96, '2018-06-14 01:11:55'),
('537d704190bf80f78d5d75d1d99dcc8bcd660c331a4ae5fe8e15c16379285560', 426, '2018-06-19 22:39:12'),
('53bee6563a2a558eb1b190e5c93e9a529a5ec9ec5af69c9fdac693acb8ae5bdc', 45, '2018-06-18 08:57:53'),
('53c57e93eb2ea3bd87038674a1a14e92731bdd99f6c72aaec433dcb007bbaf4b', 630, '2018-06-26 22:57:08'),
('53e86c7a7a6c563fa3af11e4e1c6618408db199ec96fb99511bd3e9d19022115', 505, '2018-06-23 21:35:19'),
('540039481d509a477ab2ab912ae8abebf7c35530cbed35a8daba0ba84988007d', 100, '2018-06-14 01:30:30'),
('5401d1e9cb5bbfb75ced25842e3c793e84bd3b18a13c687ef67d2ed6ff5bbf42', 484, '2018-06-24 12:06:46'),
('5406927537d47c3de2428b96d7bf79a3f9b7258457460c452dccaf2d444a0a31', 180, '2018-06-14 22:26:08'),
('5431de868fc8b980fe1e319a7c76aaf1fd2f57cfeda54c5c8460b15c12e6ffc6', 88, '2018-06-25 03:45:36'),
('5453dbd2d67a364dab56f7205ae5154ec76136c5312a7d06ff4e2d71cfebc663', 477, '2018-06-21 16:47:13');
INSERT INTO `cookie` (`cookie_key`, `customer_id`, `expire_time`) VALUES
('549b310cb9116b2c0f75fe168258c18db84f0dece8aa207bc56505b59e734c1f', 433, '2018-06-20 02:38:17'),
('54d2f70768633fa239b3c2a08d962ef70e6268c61ad18b93e4f8cdfa052688c8', 112, '2018-06-23 21:16:32'),
('552aee8fa0e0f8e200f44bc290215dab869a0e24f5a715b2bc0caf87178a3854', 47, '2018-06-13 22:48:17'),
('553fe3fdcaca902172e7c5c17de3d71390c8aa70d204fd8edc86f9a6cb76917d', 651, '2018-06-28 12:46:46'),
('555d03375bcfb091401885de863d644d43218d24303c7e247db3e67f7c372a5c', 117, '2018-06-14 10:38:25'),
('559ed39f963affd173626a6b1835e7b34fa9fe5b65cf26789829cd3785797dff', 383, '2018-06-18 22:54:34'),
('55a516a3ea99f8f58dcb631c2cca8db886322005ca59fec6aba229a80b1c1681', 156, '2018-06-16 10:31:11'),
('55c56c8ede587b0a3106b4ed2790ccc054ffb360383eb362c8fc9d638788e99c', 8, '2018-06-10 09:10:40'),
('55cbc0017c0903011b148b4b5055f766eeb385fdb2c46f23be766d90237754e1', 586, '2018-06-25 22:44:13'),
('55f466e136081b3d145ef5458bc1733e37ce3ca8b5114f2c91b2b9f4efa08a41', 79, '2018-06-22 21:40:17'),
('561b6918119fe68f55a55a95bfaab64a188c4ceae69039298da3f910a0420303', 274, '2018-06-25 22:32:51'),
('562e570bd1afee850596f7225a7063265f7ace3527c3d78c9238fe6c3e42155b', 141, '2018-06-14 22:19:15'),
('56394b88baf6162ada7a51e5a7b0027ae1216ea2e003622af5a3d852d3bb0cd1', 516, '2018-06-24 16:40:27'),
('567aa44f19a4d0b45d1d84e309e6a728bf3732352adb8f88e51448183141618d', 309, '2018-06-17 22:48:08'),
('5696dc6ed3be95d71550f33809e9f7e58c7aff1c3d402f0a0aca5f55ef88e5ab', 624, '2018-06-26 12:30:05'),
('56cb8a37574325feea22993977a379c9e2282c0c24e7f90146659661363bc2a6', 210, '2018-06-21 09:25:39'),
('573b2c6c3655399956b41b5876a526bb7665813da08d5cf0f0a21ef7de14656a', 238, '2018-06-17 11:50:19'),
('578eacf5d2f00fed5f839e7c9d2955ba4fd8071b3b1435a0f5c93792b12b6c6e', 450, '2018-06-21 09:15:47'),
('579733b89c9211efa11d0bd1b3f36fe04f51b63425e7ef97e7c7378008e7b221', 239, '2018-06-15 13:21:58'),
('582cb98648cfaad6607b276ce3c2f20feeb2fd6fd923a00655cf4334c2c8c41b', 461, '2018-06-20 19:55:24'),
('587af71e9c66d78cf56907733e3eacb9da239dfb039edc6ddf832066a9be1cb7', 412, '2018-06-28 13:01:57'),
('58848a339cf98a1895ad300d2d42f2f6ed774696d337ec0e63d5663fce848d43', 416, '2018-06-20 20:58:41'),
('589e06185158ea39dab0d0e0584ae5d1ffa85af4efd79260cf0ee0e3255f8d87', 287, '2018-06-18 22:52:36'),
('58b26db6f2e2809fd0774407ef2eb5193274a49b7b660ce9da4d985b2927302b', 182, '2018-06-14 22:26:37'),
('58bce21409a81bd476e67d9924527f8f6d407b43b066c4d04d6f05cadc312377', 622, '2018-06-27 16:40:05'),
('58cfe166c60493cb2800e5ad9c9d80c8c1b7f358c825bbcb1c20f39597e77fc1', 31, '2018-06-11 02:03:40'),
('58e20c309d89f340d91ef9d10c475fc860cf5adc686701e92e78c994946ecbb3', 103, '2018-06-14 02:04:26'),
('58e6d488197d8bf64d566f4a84426ac7645c145d643799bad10c8ae0ebc382bd', 560, '2018-06-27 12:18:28'),
('58ea1ef09c46b42ec24b645de762609fb6dc7a7fb389e6fa97eb34dcec23a1df', 606, '2018-06-26 00:41:55'),
('58f0e8c4224aa625f07cedaa648360ea72ca979c4ce72964b61ba3f9ac463f00', 227, '2018-06-14 22:53:31'),
('590375bcdf58dcba42447588fe3d475939ef178d46006cb09408f4afc56de7ea', 139, '2018-06-14 22:18:53'),
('5959377a5c4488fce1e8b947694b4a8694d52b035129576c52bf5c81781ae5a4', 224, '2018-06-20 01:47:00'),
('59731f744e91bb097d66d3639a8618cd4be6edd588cb8df84ac03e17e5727080', 356, '2018-06-18 09:40:54'),
('597c4c4f8cea005f35f5bfd53f600e7730f10f48b4eff08377daf523a0f8462b', 228, '2018-06-14 22:54:11'),
('598a3039b3a696fbf82e790b16bce31f9294cc5d6ee965fe7d7a995e0de5cd61', 47, '2018-06-13 19:39:36'),
('59e4c134c3bcb352a7948f6e792ac777d92e9b21b845590319be94dde7a21c43', 91, '2018-06-26 16:40:23'),
('59f03b9439722da6b73ace767b1ac85fd332538968861361cc499dc6078badbe', 565, '2018-06-27 15:24:27'),
('5a05c21498594da5e1be0a02fe8680b5c235b81345fc315b670bdc9968a5fc15', 526, '2018-06-27 23:06:42'),
('5a10013e91b835a39e4d6d236fde577b0a348a690f477edea503b0105c3b4cd4', 20, '2018-06-14 22:42:47'),
('5a1b415fcb221ede48fe10a1bf0a50726c36a67a6c1229754d3244c2283e22a2', 473, '2018-06-20 22:38:32'),
('5a2df8eca895c58b7505fdeb2059f1bebcee81f03ff0eb13604351df37ad8a8b', 47, '2018-06-13 19:39:36'),
('5a4342100f3faf5600885992e7dc294a35b7cf967661a2d92c2bc528c49c7f70', 478, '2018-06-21 16:57:56'),
('5a52e58ec5fb40d8151f137dfcf500b6d8163e51c1c6179780a4ca3a5139ac10', 10, '2018-06-10 00:33:30'),
('5abbeb49429805b1bc03ae3acc3fb8c60e9676f66f76292417182eefeec671e4', 3, '2018-06-09 23:48:42'),
('5ac88ad5a72429f6d16ff1279be867e93328f623349763511ea5e113c9018a8b', 21, '2018-06-21 18:40:03'),
('5afc8cdcd9cc68b3e3d87335bfcd9909a88f58902e05adcd5dc492a7ca47cb07', 272, '2018-06-16 16:40:14'),
('5b759ea54a30d41318bee6e4782d0c9c32b99add439de6a1d0c7ff02c748f857', 212, '2018-06-14 22:37:02'),
('5b8d920269980fde4c2c866bfe1806b392784b9debaff745a0e2c6bb3667b909', 47, '2018-06-13 18:37:28'),
('5bd9ad7d7a24023d6e41c2941349db1cc2dd76133c7d8beb84fad33968e1f646', 369, '2018-06-18 20:42:57'),
('5c1930449c95e9bb8c498a655912cd4edc28fd6b698ef4963a9550f0948948da', 482, '2018-06-21 23:03:10'),
('5c88762d560947bea3c66d85c16ffe4211f45e14789d46aa21b31d43f067b5d8', 366, '2018-06-23 22:32:20'),
('5c91975fd3bf6c650f321bb189e7d51ac9af97fd7431749cf97f51be4b8450ba', 120, '2018-06-14 14:22:18'),
('5c9c34f8bc354a305d5f38db2b01b17bc77b228264f8302f22f5ce987a7a4661', 544, '2018-06-24 22:09:32'),
('5caee46fb3336108789f9d45c804113f6d767ac0c865216951fd488d00dd2654', 612, '2018-06-26 06:27:15'),
('5cd040bb583c3d93674608301461ce927cd79d9b470359a8ad8b78d8bc668529', 18, '2018-06-10 22:30:26'),
('5cd8507461a95ae933ad32096cd321a7e3ec384c9dd94c795dce9b4d8a07f1b2', 48, '2018-06-17 22:19:13'),
('5ce31cc4ea3388614333bd43ff7dd555c4c66c7354edc4e3bdb2ed88f3a2cb5a', 262, '2018-06-15 15:21:39'),
('5cf004d5acdda5e0efddce27b84d279f26e195cee0abd0010ac2b2b3c590fb84', 609, '2018-06-26 23:17:56'),
('5cf9c40407a98f7d834d82eb187d928720decbfc98aaafc8fb1ade988f2ec9d6', 262, '2018-06-15 20:09:30'),
('5d047eab13fd71aa3209a620f9bdf37067807c169f9bfc1209d748b347fb63fa', 539, '2018-06-24 22:18:20'),
('5daa51c20191f5790cadd72e748b93dde6ff5f0e60c85cab03e51479661496a5', 192, '2018-06-15 23:05:26'),
('5db546bfcc3a4756014b589dcf20fb90802a1b34c445022f8adeecaa9dcdcb4b', 514, '2018-06-27 13:28:39'),
('5e2167c7b727e34ad894e47a9c1d268595b720869171e7a23ba5be24497011dd', 539, '2018-06-28 12:31:21'),
('5e746202c346d93babb7486cd5467d996c26a4aaeb655d454c335a662a18768f', 385, '2018-06-18 23:01:20'),
('5e8de945077cbb217ddb54daf2c0afabaaf949055043e50ae09f1b9af5302504', 429, '2018-06-20 12:22:55'),
('5eaefa0591cfc7f6030395fd79a5c4a5e79bd524720ee2c079a7bb8caf6e0dd0', 332, '2018-06-18 01:04:52'),
('5ed343eed8613880832fb0a6abd6beaa85a1946433cf07fb70b5058e0e17c9c0', 56, '2018-06-13 22:56:35'),
('5ed8b02786ee7559292449664785ebff5325fd499d56d34f7035b2ea40714701', 277, '2018-06-17 21:47:37'),
('5f0ffac0aaecbd86aa7cddf7e2da14b492d8a85cba8daaa52271692e863ee385', 544, '2018-06-26 00:40:13'),
('5f1a4ec524f7254a6d035e0cfa74b7e1475f24c9588c6133593c30ed9b57b3fd', 556, '2018-06-25 06:13:36'),
('5f4e09a4636e881256feb0935b16e7cfab08c0754b53ad072c92cdf38840b5b3', 449, '2018-06-20 21:44:51'),
('5f6f295225ad12054c4ad3c5e0aa25e3ff72f3275422e11b53f0f2c596f71c79', 47, '2018-06-13 18:23:27'),
('5f6ffbb39f23e4eaf5790a8f61e1faac36e8748d7f34fec0af3304c7de8af0dc', 560, '2018-06-27 19:10:36'),
('5fb025928e2babff62b4553231e1531f705700137fc509f2916355f38e36a74c', 449, '2018-06-20 21:10:27'),
('5fb85f264334cc35353909849e497d9bde2ddd0f5407b6a0c1f541fae4ced2b1', 242, '2018-06-14 23:32:02'),
('5fc1884a821b1e040560ad417be3a8fd473496575dc1045e5e9106a950940782', 28, '2018-06-10 23:54:48'),
('5fd6957d4aa4afe02b4b21c4bc38be76de9c98ed6b1e63d6118cfd8e2e965502', 449, '2018-06-21 20:47:04'),
('5fe3b4f59a36ac7dc501c5bb889c8dca7bc453af1f5a9c1e95cecbc65181c818', 530, '2018-06-25 16:24:33'),
('5ff7da86dfca90f39fbdbfc4807fff0a2d2ccf73aa7078c3cda679b9f300b3cc', 289, '2018-06-17 22:37:37'),
('6051327239424160b3a96e823dad70ac10285f4dcc1ec930c7d3e617067fda1d', 224, '2018-06-17 10:24:36'),
('60c566e9fb7b32c1b0373347cd3cb4b24b29f549c697140e3bd0c968db44430f', 549, '2018-06-24 23:18:00'),
('60db6ae7519885e1556e70f2fe09b906878dde0467f65974d2a838575bc1e60b', 553, '2018-06-25 00:49:53'),
('60dd1960fe126127c0d1a20275809a7905a418334197173f2be2e9c670070516', 209, '2018-06-14 22:35:17'),
('60e49676c908887e6abf3edc36bac8bbe2cc775431d7a95ee424066a2a3b0cf2', 365, '2018-06-25 22:17:02'),
('61b6b56a3bb92343426705b3ecfc2556fa8e1c5e43256dccfb7088f6ed6736e5', 124, '2018-06-18 23:05:05'),
('621b85f8afcdb7e2a431234ac86bc9ae06de9e386d771f4ffb696ee1d858afc8', 558, '2018-06-25 06:53:03'),
('623753e7e198ec45dc5c55e3dfbf4cb57434f9154470ac1647d20b12c5fee02e', 461, '2018-06-20 19:49:55'),
('62452c44e18fa91f728312fb4f17c0e9810916dcb2804cea185828c46d6a58a1', 278, '2018-06-17 22:14:25'),
('629edbff6ed338cf2ffa5e0a4d6938f3f1df48d304df6d7240752a8b0ca50feb', 63, '2018-06-13 22:58:37'),
('62d6a85ed38dfbfbde3cb9b6b5ace59d104e64fcf08dd0b13ce679695139454b', 175, '2018-06-15 12:03:06'),
('62f100929d0e3be5dc68670d73e62000b9c6161ebc435d970bdd722fea84d1fb', 357, '2018-06-18 09:42:00'),
('62fda5698a49ab5b5c0687977debc1146633df7825156d9cc6cd5e38be7b01ee', 59, '2018-06-14 00:18:43'),
('632a076a120fb703c161409b14af8e39ca67325e435774526dddcbc0a848c017', 413, '2018-06-19 13:10:09'),
('63aff150e41ac238675882f3bb58d103e026aef8e35505107fe01481d87afc45', 124, '2018-06-17 22:27:40'),
('640424447de0510dff28f2bf608a4afcff72fd61e2920cdc90125b89d72f347c', 541, '2018-06-24 22:01:40'),
('642964fa21538c518e6b84cbfccd2a75ebc7de55b17687cd08cd63bc379794bf', 47, '2018-06-13 18:17:41'),
('64480f501e08a7de9a37d25387fa761fdf0e852dfdb0cc441bcf177ca771ca8a', 625, '2018-06-26 12:30:11'),
('64486590a56c6797207296e650e6bdebe95a961a38399efef1635dc74078eeaa', 548, '2018-06-24 23:05:54'),
('648a03a09003e14fae371d6fa2754ec0a8215ded1f716c5f9a0ae412849e2a4d', 202, '2018-06-16 00:39:44'),
('64ce28510269aec5c2cdd3a85ee616e184e5602907ab3016df5eadc7a4816c55', 144, '2018-06-14 22:22:35'),
('64dede8723cf0caa334b0c1be31ce9022cf59f8110d8e24e4624780686b65d3a', 76, '2018-06-14 13:28:16'),
('64f9871beb28fafd51fed7a1b48f74b8b4702eab4674b159a9be52e58e35a8b9', 136, '2018-06-14 22:18:45'),
('653497f0c48cb370b151a4a67deb04c1538e3042c36f31286c37350beaeebac6', 386, '2018-06-25 22:41:52'),
('6560e729b12b0bfcef2bf3fb1e73d0d65ea8c3ed6e461c73e750a3cf16b217c4', 573, '2018-06-25 15:00:16'),
('658afffa76fd80fbf6987cb2d27b0c51c903db97741c157ad09cb5188535d206', 341, '2018-06-18 03:51:12'),
('65952406c6fa700c7ce270692d3c31dadae154b4464b0dff05402b78622cadf4', 65, '2018-06-20 14:17:13'),
('65e1e9f6c44cad974ab81dd927bbdb133efd11aaad6deabdce1976ceb36efe39', 412, '2018-06-20 21:56:31'),
('65e671fe0e3e4f7be8db8294e142bc53078f97fc1d7f01e893a3f63649a1811a', 168, '2018-06-14 22:23:22'),
('6644fda5e13487648fda35acb9dff5765825f442fbd2fe8f90caa08fd0019a08', 179, '2018-06-17 22:37:21'),
('6648924ceed8320068685bce2d4aa3a597d1e3fa1b0c13ac9255416a4c3b173a', 48, '2018-06-13 19:24:51'),
('665d7d779d7516ef11c54cf50d05a2f037a7928be0b140e3152ca15577d4cae0', 446, '2018-06-20 18:03:33'),
('66c1d398f50f25c5dfd346393d3b4f6bb80417477af663af3a6f24d92b9d382a', 81, '2018-06-17 23:10:30'),
('66ca01f835aa22984f2bddd4ad595c0ce9df11699b3c9b66b29fded34c780d05', 497, '2018-06-23 21:17:02'),
('66d2ad519c0b5ea2c493c1ce14f3df901999f23e2f2612f3ccb54e9d9d9c0f42', 429, '2018-06-19 22:53:34'),
('66f42c737ca121695716bef9ffd4da09ffd62bdd4313a1539e3a881e4b1e2db7', 124, '2018-06-19 21:48:12'),
('673833a334606db2ea807257b305cbf37c38c8f832f4b284f622aba3b8d5a325', 70, '2018-06-13 23:00:38'),
('6755ccc1e9c10ab633c8d65abd0422d21ea876bb5f545e7fd72d240e5a6dc7c4', 539, '2018-06-24 22:18:00'),
('68076993be747a1050b5b9badf083b71c0869417073457f2030883f9738aa0fb', 214, '2018-06-17 12:23:08'),
('681573128e4215172e10cdceeb4865db34a4dde6ee8caa7593d7d72353f1fed6', 563, '2018-06-27 23:30:56'),
('686d150f337adcecc5f308ae4642974348212b74c6b4f4c703497e145cf336eb', 539, '2018-06-28 08:58:40'),
('68f6bd8a9ec5dff1bdd15c624c4abdc6dfd689179376bf9f33c4b52f431c7837', 277, '2018-06-17 21:52:09'),
('68fbb29402429631f377b8303cdcc1007eb3aa28771dfb7d99f97301013f5503', 48, '2018-06-13 19:25:03'),
('694d2a6b686e1d795905df1f4de1017e2789175342af7f562640e6e4c828a552', 164, '2018-06-23 22:22:35'),
('69dba713f7c94d3e7420cacd77a734bdf87d5fc113da2b1826adcedee725a0c9', 528, '2018-06-24 21:52:21'),
('6a1aea5a9424c5d9e2be4d8e78bc4b5eda3bb3672d77fe4256b563e9069ddac5', 128, '2018-06-19 00:02:34'),
('6a85054bde9bad092039f36e89c522342c9f1ab0c965f85b59dbc762fbdcc26a', 184, '2018-06-14 22:26:57'),
('6a8d75fa168af5422e9387488b8450e056021d8cd4026a13dd4eef8df46e8e7d', 513, '2018-06-24 01:49:36'),
('6a9935a9a5e8f03015255148084a1746df5d1fc5fe06474901cac137a5a1ed15', 205, '2018-06-14 22:34:13'),
('6ab42095f8d2c852b208a69f2fd6b62b8b68e4d0f209d62ee9da34333b3e314c', 47, '2018-06-12 16:27:40'),
('6ac096966a627043be7002e2826c6d2318c5eebd7206f60fb0ba48263ba66873', 574, '2018-06-25 15:24:30'),
('6ae7b56c45926fc7d522c73bef51f52c4a58ab39cdb9dba90aabb5a64d83cab6', 380, '2018-06-20 18:56:44'),
('6afebe4a9944df7382234ab6a7f9cc8fc2f02181a52431844698f22031f4a866', 145, '2018-06-17 22:33:24'),
('6b409f79374f9c6f134b107ab79b2319c37e14fedf20958d0247a773cebc9cf7', 124, '2018-06-18 23:05:05'),
('6b459c39694df3a4b185ea2637b9713d7c0d2ee61bb1b08fb9eaf257bf41c4e2', 597, '2018-06-25 23:25:59'),
('6b6b82bfde80dfcd140edb9a96e9ec039121f8e4b3a646f16999f57c422cab27', 335, '2018-06-18 01:48:48'),
('6b7539e7de17cbda044f728c19330a19ca84bbff9e8603bf1ba00075c7051f04', 9, '2018-06-10 00:16:50'),
('6ba5b53ca8c09423b84e5acd1ca9581bcfdd3b18c6402b058b6f28ad45b36fd1', 233, '2018-06-17 22:25:34'),
('6bbdade0191dc20452de08a39818aa82a5d1dd7c8c4ae8209d82859eb64bb039', 327, '2018-06-26 16:29:33'),
('6be50e1c229c094d900050b2c651d88297b9fff40829c9d1cb15edcc9a41f855', 60, '2018-06-14 17:50:01'),
('6bf6b490d5a0e51d915b50968d70dda8fffab361ec2454b2909a549aaeed3f8c', 152, '2018-06-14 22:21:24'),
('6bfae7ab3dc472a032a6d5adf1a368c425106144f89309ba94ad2725f923814b', 287, '2018-06-18 22:52:37'),
('6c0a531925cc2dc7572d7d7cdca056544be4761600e4b82b0a5b4f0de577fbcc', 48, '2018-06-13 18:21:56'),
('6c25bdc9fe3cd74f5337ea33cb89085fbb7f4b7bc53df7c7c4a4f56d33b4eca3', 65, '2018-06-17 12:10:37'),
('6c44d32fdcc72ee79a365f2974cc39eda2683a34a241d46f3412c06e3461178a', 584, '2018-06-26 10:03:12'),
('6c512cc3d397e8116b1e5023412c978e68c595cb7dd4b7e2e405820dbe650d55', 147, '2018-06-18 22:47:59'),
('6c7c21aa2e1d4501c2c5197ba86342f351a8d08c8850ad5d7bb86b4749c9a18c', 19, '2018-06-10 22:39:29'),
('6c84d039f043a21e49737c4acd6be14e2ff5cfdf55dae388bae6835cb1ae2384', 564, '2018-06-25 09:37:20'),
('6c84d825409d6faa58fa7fc187bbf4e0eff31cba87daae2d6248f3b8356872d4', 298, '2018-06-17 22:44:11'),
('6c9a3cc664f4dc2c7a355b4a911460233bf6c56da9274a3f6791b607579b78c4', 464, '2018-06-22 14:09:02'),
('6cfccce1639070c0903e9d8c411c00321cf5cecaaf79dbcb7c157116db12d8c7', 94, '2018-06-14 01:04:51'),
('6cfd80af29c1840dbd5d1de4872bd8516a5bd9f7edb677b14cfec73214611193', 479, '2018-06-21 22:14:05'),
('6d3e1d4103d21a33483c7e4900b3b42b767bafb1597167bda541c91a23695d13', 240, '2018-06-14 23:21:03'),
('6d4fe435cdd02a60d5c96eb2d4a18bb8c6ae299878428ce45b8cf622fc545234', 612, '2018-06-26 06:25:40'),
('6d69ad447cb01a71f699d3e55ff45670a07ba4194ed7fd69375704711a96aedb', 111, '2018-06-17 22:32:52'),
('6d6bdf03e8d971102a9b784566d10d9ffd711f4d2717d3f7b81dcc73443672dc', 584, '2018-06-26 10:14:36'),
('6d7252b69c00c23b5ac102a7a3988953f3ede7e8d76c4e960098ae24fdeb1fc3', 47, '2018-06-12 16:28:00'),
('6d975d7bcd686d682f2f845a0dced133af358f2009718bc27b5690413357d613', 199, '2018-06-14 22:32:03'),
('6e040b16888000c050aa006e044024c743bbdda503387380dd27c8cb6e64fa78', 286, '2018-06-17 22:32:33'),
('6e9cef18389546906aba859afe251eeda04685020f87df3e894e37b8919ddec0', 627, '2018-06-27 17:06:21'),
('6ec58867fb38022cfa371e896218b9960f76e0b43138bdf8c3763acaf5c45cd5', 205, '2018-06-14 22:36:56'),
('6efeb263519ff74260aa4c77ca564dc6e64d8c9c9abc9a9b0a337caa8b4c7b20', 322, '2018-06-17 23:05:45'),
('6f027e3d0c0f151fba6a6bac244d3f1a2cc9b21c0363f05378777ec05cb755b4', 47, '2018-06-13 18:21:41'),
('6f14a5f050ae1765a452667ab17b0948d9a2f987dd983b1b268229693b20f9ef', 295, '2018-06-17 22:48:49'),
('6f4108262519d7987981b2c5eb138ef7577ecf2273e05c969dcaca740487419b', 293, '2018-06-18 16:03:38'),
('6f64e99db2a7cd04077aaedae68ca71ce348632d6861b47ba03eb0fc63d79533', 291, '2018-06-17 22:43:21'),
('6f77d37dfc737a39d4904f12af49d352abe7dd45ca1922b12f94ab5bddbbbce5', 224, '2018-06-14 22:48:46'),
('6f96fcdab1d63dae86658ebec8258244670af82c661c5c2ff0cbaa8302ca2ed4', 48, '2018-06-26 03:05:57'),
('6fe23d87b527d4bb4345d021dd63fc607b4d8ee6060824bb205f8b3bfae91a19', 118, '2018-06-17 23:41:07'),
('6fe2644483fa83a3a36b0f4e2fa8f0baf77149c552ba124c53fbb24a5b7108bb', 539, '2018-06-26 11:11:44'),
('70524c8375c9c061f75aef17d5ee223f47be1c3ef1618e707d490827c4ed8453', 583, '2018-06-25 22:39:59'),
('706c406758f7d93dcec662b558452ea691a65bb0372c7338c71c088c0e2d0a36', 291, '2018-06-18 19:23:41'),
('70a25dab9921fd20095ec0849d493cef4e0b32aab43bcade5d72d31b9efab4ed', 518, '2018-06-24 21:29:05'),
('70a976db29fe68c074feae01c80f88b98128332c5555b9cce3ec242ad9530d61', 206, '2018-06-18 18:26:22'),
('70aa3387b7bdaa7828681f477beb5bf831c02d5e363f72b6ebbddc2bc032d148', 66, '2018-06-24 12:50:21'),
('70b45faca4102f3704a49e6811ee03571e7a6fe5e662be7159ea2e6779f1cd6d', 270, '2018-06-18 20:14:07'),
('7110a1e0806f81f00873a97d319314aa4827d89f4280a8faf7486a5e36244cb8', 335, '2018-06-18 01:58:43'),
('715d526244a4f0237717d7444d5ab208257a55c15ce2b3c558941ffd4138cfc8', 542, '2018-06-24 22:08:29'),
('7162670011c1a330c9e5ef9481a6f641fe7f6226923a3535aa96ab2b77008f00', 643, '2018-06-27 22:19:16'),
('7180de48dc30e53f89a8c0173bd9404f631fb37e3f47735b6a4b41090b3f0231', 313, '2018-06-17 22:51:25'),
('7188e108b86c5a1e4b7a37942767cadcba6e6b1f7ec1082fab8c2bbf2c45290d', 277, '2018-06-17 21:48:20'),
('718e2502c09b728db4510d0e7f730b26a8d872e76924d764bc2849f4fdd9786a', 295, '2018-06-18 23:15:51'),
('718fbaed360f6fd89a1366b436ccae63bb6fb5059f01452642e8b98cd4ed21cc', 65, '2018-06-17 22:41:09'),
('71ec16307d2b966374d05bcd7c4bd9e88c38a0e90af17829744c762f4afb4502', 144, '2018-06-14 22:19:57'),
('72c9ab5ecd231c6a8b2643f1009786d90c8ec855374c72ac6b7c7099705d84de', 48, '2018-06-13 19:24:21'),
('72d31b1abe83faaa193e0b4a918ada980b733e0c928a10f282892e0568cb34c5', 613, '2018-06-26 06:53:02'),
('73463580eb2803ea99762f8b527163df05d9ed4fe35506ed8ce19bfe952fc410', 424, '2018-06-28 12:51:31'),
('73555ab7a5b02845df038c64ab61545979c9480725e1354c118a4666d37a8267', 191, '2018-06-18 14:39:03'),
('736c400db74018bb712f0d07b7cc9554074aed19bef812e74e532c18b0b8ff90', 23, '2018-06-18 21:36:56'),
('7388c00819bcb04cc7d58c40fea24fb33140af2b8f8b37ddca1f42e468a8a070', 236, '2018-06-18 22:47:02'),
('73bb3578618b5f613c62e29ad42e1680448ed01ff49f37425abe61aff4b077c8', 66, '2018-06-24 19:31:37'),
('73cad637c97d8ca12ab1fef28301d6be6b1f08f6624d2671ee562fdead986cc4', 452, '2018-06-20 18:25:26'),
('740cd400fb3b92f3ae6fb6b1f4dafb5810dc50ea49b71d4980b9308c25992fb5', 87, '2018-06-13 23:43:41'),
('742dba6411b77d625ea290eb1eacd2af86b0051f72c7e4ac62a8fd75fdcc536b', 580, '2018-06-25 22:30:53'),
('74322c5ce17e2a8d20a76a5efa6284c56d2c977c0109d2a4c55db3c32eac5d91', 539, '2018-06-25 18:32:56'),
('74422890729f6c1427c14c038f9e126fd043c66b4fe6bf54ba4540573d33f654', 416, '2018-06-20 20:58:30'),
('74bf350a4db69e3a67cf3190b452edad376cf41c49f2a6a12d14ec55dd5dfb05', 372, '2018-06-18 22:39:34'),
('74d0e5262e2b7c5fd0da4ae0df8cb76282b14619834782b6c6bf136e39fb8e99', 154, '2018-06-15 16:36:24'),
('74e214f374bbfd44e313b78297a5da6bfbfcb76d8f123f4c84f4c1b5aecbd1f7', 35, '2018-06-11 01:20:16'),
('74ede5ef741a25028c35bd06594e632f94033b482d23fd7f6db4073547d1cd49', 617, '2018-06-27 22:09:07'),
('752fd268b11f1016f4bd0b367db7b9910f5bfea3b1c659f122d3911fa1ef534a', 95, '2018-06-14 20:21:21'),
('75325d6ab2015c59ef9410c63597f5cab1641cccc0c353d78e672fdab0ab9c22', 620, '2018-06-26 12:55:47'),
('755946afc4adb380be8616d105e1e2da2ded2b88e647fb3cff44db732246f1e4', 431, '2018-06-19 23:31:20'),
('756696aea700b45623279b8337d07eadf740d6e27bda6dba0005728b07134465', 283, '2018-06-17 22:31:18'),
('759493c31c79db52757aa2d125f2d4449e9c5667d97a61f07fc22233495a8316', 291, '2018-06-25 23:38:24'),
('759ab32b8befff3ce4c6dff07fc896f1b389de74d8e796cbc2e86276998a8116', 167, '2018-06-14 22:23:20'),
('75eee6ef2ef92d2d7c74a4bbab3f9c24efe4b83f2a626d9203ec3185a47fbca3', 185, '2018-06-14 22:27:31'),
('7606ac2d280b4ae516a8374efbfe4e2eb283ed4117bcc3783984d30de80d580d', 372, '2018-06-18 22:39:40'),
('7611baf9b189c5fedaa4fcacb35aedec46b860397146faccfa9c424f0c641e11', 124, '2018-06-18 15:11:05'),
('761b593a91767045d4ebb3f364c2a5e7e81c14b68e125942cd949a2c430520b1', 588, '2018-06-25 22:54:04'),
('7624d0883643dc10a320334fa14b68eb3977583a7978cb4f6900fb39f2adb15b', 539, '2018-06-25 07:26:37'),
('764fad03898bfdecc2ce30aef61a28869e7fabc8d7ac0fea0c6096eed1644210', 116, '2018-06-14 22:32:42'),
('765078a00b43065cd33111baeece6ecf2aeeb8b472b5bd9b3633ce5c5570aee3', 65, '2018-06-22 12:44:50'),
('76964d655ffdd63d46fc45cb7c27e8881a6e3afe35cde4eb3b1852560be5fe82', 533, '2018-06-24 21:55:01'),
('76c5ed02ab4de83610ee494e4fcc801b1bca9de2500e8d35d65c0f22efedf4b4', 243, '2018-06-14 23:41:41'),
('76eb2a31e16b687c14e2839f4ab7ce83be7ae72903d2374c5d30e06940aa5ab6', 474, '2018-06-21 07:32:23'),
('76f58450c4f39f58133f9ba544d9ef8bc93bd4836f98b45da46137f7c9d53cef', 572, '2018-06-25 22:32:25'),
('7707c6dd717093b6f1b8a3a7e410e00a5592da944cada89c72c4b7b819ddc414', 338, '2018-06-21 22:10:25'),
('7709e1ea4be55f846a84afe65a8e6d1394dddf32a3e6f3abf3b64cd043067333', 11, '2018-06-10 05:16:19'),
('7728a56471a16aca6083ac19935f65025e7dbf94af5dfae8290f023d51515192', 542, '2018-06-24 22:04:33'),
('773286a03b5392d4214418e36f31db50ec097173e579a22886674ca6e5eaf496', 21, '2018-06-11 13:45:24'),
('773ddeddb0e3f41555fd064861b435d38a03ddabd3f130e96001229fc4c014cb', 478, '2018-06-21 16:57:15'),
('7743371a22f8bbe41587bb814aec38f43aa8fe850785edb1f5d70727ea1ad9be', 70, '2018-06-17 22:44:58'),
('7748811f48598d309cdd0e27660c3acbade9a72a528cdef246ea918eb88b0889', 353, '2018-06-18 08:11:29'),
('7753088ca69e4811ec13da8c80b9d358e7f2907d2ef7f353edfddf2a24489881', 350, '2018-06-18 07:41:36'),
('77a03ab37ad96c51be6fd2603611b55d41c45b6abb33cf80df85bba58b5b0cf5', 60, '2018-06-14 18:06:22'),
('77a3f5305316f73a522f9aa3a35f1eb2b512f43381df798fc84959053a566a0d', 53, '2018-06-13 23:04:58'),
('77c7bf116e83676bfefae9e57cc8b686a2014e0dbccaf7b0c4b1473233cdd9ee', 358, '2018-06-18 09:53:16'),
('77fb8e7b055146a5ef6229665b3a4a37ccfab710d6a764c16f91c662a0a3b64c', 646, '2018-06-28 00:31:34'),
('7830dfebc7c5ba4d3fbdbd7609c2a93df0d5c31115532322efd952a73c2afba5', 166, '2018-06-14 22:34:33'),
('783eaa5c7339a56e79a9770c761a2d13ed63e222692e442c5989f7f60112cf83', 360, '2018-06-18 10:39:42'),
('78434e9e7a58f2ca071bcdf5336b5c0b7f4cec7eafbf55ea41622eb2cff049b7', 335, '2018-06-18 01:47:08'),
('784352a4730dc3bd6c269432e6aaf8e9c25056d35697b4b7bcc6cea4f8d9fca2', 76, '2018-06-13 23:05:00'),
('787f352bd3b23ac3efd3fec6be2c28104d0696ac3b6d0cc46d1523417b080717', 172, '2018-06-14 22:33:00'),
('78845b46bbbe92d0bbe666b1e3f9d246ecc408d3b0a1c4988b953693ca626db6', 546, '2018-06-24 22:10:45'),
('789bb309edbffe779b1027ee83ee76aadbaba757ac21662ef697c2723747e46e', 540, '2018-06-24 22:00:57'),
('78ac6c0791ab7912933ba844f1c5532b3abc6daf9a176fd8f598d518dc47faaf', 274, '2018-06-17 22:48:03'),
('7987b0b62a6305077d1bd97efdda1bb0e9183933400772c03fbad73f76adc6e5', 215, '2018-06-14 22:38:15'),
('79913cbc18b95d54dda0986916be60f576f10843dd276896d929b0959a382085', 159, '2018-06-14 22:24:06'),
('79ff07ddff311b91c628a098d655ad0a9c6fd8650bbe31a98b2466870564aa96', 415, '2018-06-19 14:29:02'),
('7a275971e6ca9748ae91712088f64f8a55f4c6a7d47fdf0ad804a0ab8c15adc0', 47, '2018-06-12 16:27:53'),
('7a37c925e0a0dd09f52f302490a4a85e2b231b76cb4153da8439117e7e27ccf6', 455, '2018-06-20 18:53:57'),
('7a678165549b798befee21e90f72e31095b04f18cd10e13a94e3e8b262495e68', 375, '2018-06-18 22:43:42'),
('7ace1cc78ca46bc135f33a1c40263c04221b6408cac26499de56ee5d5a3b3837', 12, '2018-06-19 00:14:11'),
('7b41fbe39778bd981fc7ad9b4a63c61d86af2147cc7a3746f0f2f6fc7c2d72af', 115, '2018-06-20 23:47:51'),
('7b45b1e2cdfcfd04b9c7a1a3c2b32fcd9f030247ee114874341e0942d43e79c7', 494, '2018-06-23 20:37:19'),
('7b5f52831591bea235e03a0b282990fec669f3ff6cdf491d24fa1bccb78c8180', 357, '2018-06-18 09:41:34'),
('7b7e156c6a1624c6770c76eb2e42d8f4ab6433ecd88d14b632359158de011124', 236, '2018-06-17 22:41:22'),
('7bf654d0348b331dca5a917692503d78bff735230d7d16a48c32c0932b607ae1', 47, '2018-06-14 20:43:47'),
('7c99330681d261e33c9a9ac24d9f10ed3518b5c41174d85ecb694251874d70a0', 313, '2018-06-17 22:50:54'),
('7cb2b8710c4e10475460312c78622d0ffe7ced0b83659b3bf91d8b9e03b5d74b', 440, '2018-06-20 17:49:55'),
('7cc1bfa505df1c7cebd652931f0e3be0d9161055a9a49dba07be779bdfbd5313', 13, '2018-06-25 22:00:26'),
('7ce70f25b60819693df59b6296441d4e241bd8d811adca3216fb69ecf476ced2', 377, '2018-06-23 23:24:50'),
('7cf0ecf4af57a91a30b6c3c5065124e2df3021dcc1a8a2c476e47c4d15d7d667', 555, '2018-06-25 10:57:44'),
('7d08a52a6ef3e58398ca499e987a36acb2dcee69f5aba059a399a8bd4140e8c7', 23, '2018-06-22 13:52:00'),
('7d134f7a852e1646749e3c9cc19e9d75002a5c70c3113b2c0c397b83bbf24d83', 347, '2018-06-18 07:05:34'),
('7d731708d138510c8397e37e9322c86dc526c5f7a956dbf3172eb6cdd6e2b075', 207, '2018-06-14 22:35:43'),
('7e160c22b672b6d799b32d2d039f2823501a09e509b52f7fd329059222d561a4', 416, '2018-06-19 17:59:03'),
('7eb35a6ae20273455d295692cdc4028c5ec84d6c1bd5c025b6f1ea2e227836ef', 27, '2018-06-10 23:47:19'),
('7ebe184a8a147cfed3e24738721299f4e71634b8405467f2be607a87e149c0b7', 594, '2018-06-26 16:49:11'),
('7ec95c12ff5319ba203b2420874cba1711c660c93b838b872d891f67b83d2442', 30, '2018-06-25 15:56:46'),
('7f0564b2e342c4faabd00cfb5c3f320796f0c55fcafa5e79e3574080b467f221', 608, '2018-06-26 01:40:01'),
('7f33f33f48f4322fc433cf9ff35e9ed4b84bbde0ba03993f10fa4cf74f133e5e', 570, '2018-06-25 15:15:34'),
('7f60b572d843ac472a877f5419ab5ffdf6488bc894eb02c6f419dee77d8a1c1f', 360, '2018-06-18 10:29:56'),
('7f7409dac9e873246a7b2d62bb739ea183b8e9974f0324cf531e69d2297a9741', 491, '2018-06-23 18:47:04'),
('7f8ef71c29b743de0b2a1f7ceec94fabb105f87637603037bc193103be26a456', 413, '2018-06-19 22:55:23'),
('7feb8fd7583d9cab55f1d7f53858314ceef0808eba4ae5c05919dafd98e527b7', 567, '2018-06-25 19:26:56'),
('7ff8eb8c4ad99636adb117d6d10526527544e7644ea5bd2f4c704a2df8bbc459', 405, '2018-06-19 00:53:51'),
('801c4a40cfacc05db4a0583293e2d89dc49e4b800e46cba2052561b5d632d51b', 545, '2018-06-24 22:14:22'),
('806fb4b889c42d92267ced27b6483886b4d409655e4ea8635eef345a403cc96c', 190, '2018-06-15 01:35:36'),
('806fb662f05d1190b8ccff1d12e6edde59cae4cec9ad676d662c37e7f5a36c74', 337, '2018-06-20 17:58:38'),
('808a6e1f1e73cf5ca14505ca2b76ee4babc0dc5b06d9e6a69f1bafd27890a996', 238, '2018-06-15 13:31:47'),
('80f52de87c7193425095099bfc667fa93b6f103fc7d84656fb21182fce5528f7', 241, '2018-06-14 23:29:26'),
('81119b05440b0324f04dafb37ce44240f256046dcf2ab3558bd393716b048711', 259, '2018-06-15 06:52:28'),
('81e44f48091066dec5b8e65ffd91c4d77ea3dea6fb4ff806bc984d19a16fb7dd', 312, '2018-06-17 22:50:52'),
('8217e3bda1ea9efc7e084444f2f6029a888b2f8ddd47c84cfac9e613cab55747', 91, '2018-06-20 16:13:41'),
('82348252f0b296aee57c27431911f9f6e735f7511cfa0d36607a3965cb681288', 294, '2018-06-17 22:41:24'),
('823b567602287200949a83a4136be7f535b8f5f1c0c0874450632d114ac5149c', 325, '2018-06-17 23:22:34'),
('827c1ad14aa3f8ae20aaa3971414ba48e540867a67786e9ad301edaef7c499b8', 613, '2018-06-26 06:46:27'),
('82c6d51fd17b44f74790ca73465acf6fd5516121ee4010fa9fe1e6cd04766a80', 23, '2018-06-13 18:40:21'),
('82eacd342c51cdfa444b1d4f5c13c33ca1a5ade91159d2298f0822ab03bb029b', 48, '2018-06-28 13:01:00'),
('83282d8b037fbd7abb753ad92e3a7f183bb445ed277064b19430d48f0d964c3d', 360, '2018-06-18 18:29:46'),
('83746e7dd0bd4aa59134efceab778de0f923dd9f4cae53365a551e48e1265457', 48, '2018-06-13 19:24:29'),
('838342dae7ebe5b2a41d4ddb299b1a957035b1789355bfeec2427b7107a1e1ed', 53, '2018-06-16 09:42:32'),
('83bccd2184129a76013dcf1ccf6ea2cba18feceb2bbfcbea04356f19cf6fe5d9', 115, '2018-06-14 10:30:06'),
('83faae4d58155667f2771d439f269d61bd17e6701583353d1db9d184429750cb', 47, '2018-06-12 16:28:37'),
('8408122c94e871ad2360b8a2f7e8ab666dd0cd3eef385deb4af09f5eaeb78aea', 649, '2018-06-28 08:12:44'),
('842bb7921dad9a9bf280ea71b4d0a61bf8236cc5fc6a575ce59280ee940d4e94', 522, '2018-06-24 21:49:47'),
('8444d7ddf8d4c83a05d38bb6b6807eb9c2b1d7f9cccefd9e99d29fb3968a92ca', 538, '2018-06-24 21:57:04'),
('84720962a577e4eabde01f0e16d67694ec6ee48901dba35a6daee2154bc81cd9', 297, '2018-06-18 01:06:06'),
('849e5859f6e27cbe6e921cee2dff6ec0da47c8afecac99c5db899529ecb14a95', 302, '2018-06-17 22:45:15'),
('84bd5774f0e8869be420ef21c3fa05315dd3003276d2d195c4911ec2493c07b8', 649, '2018-06-28 08:10:46'),
('84d57ea839350f2d681d0eec5584ae1a2efe5cfcb3546e89d94d92ea3b7e3c9b', 346, '2018-06-18 06:41:30'),
('84df047a9f378dccefb430607c4a0c93713b7bf6a8b82921f591c9b43f700152', 295, '2018-06-19 10:14:28'),
('850489c65686454046291fdfbf117a80286425b1b3032a8c85c77e4901cbe272', 513, '2018-06-27 14:34:15'),
('8531adff64227eebe87020fdc98da7430f071b3a4400e771d992d25bd0a075fc', 560, '2018-06-26 20:36:46'),
('853d3cfec05eb57f4d26598351605da30640ecaadd592224f6f5736533ac2041', 21, '2018-06-11 13:50:08'),
('854e68b98ce9c3a9cf8f21aafbbbeb7b0dc0305fa45d018a14b4536a199f3d42', 427, '2018-06-19 22:33:56'),
('857b299867c7c4a49a8528d065a716bee93c17d4933cb6392ac0339fc45eca7b', 535, '2018-06-25 10:54:30'),
('8589da18d79d18b9c751c97008c2965c3e875e37fd61cf745a46f9036c0d20f6', 216, '2018-06-21 19:38:36'),
('85d3d1cc9d1ddf04e5d44dde12e33961df86e98446e2e874cb8515a1e7ae32dc', 208, '2018-06-14 22:35:08'),
('8605649ef972d378fce8d5f43e5941d948ae8ad6ef2817aea6d33c6301f8ca7d', 338, '2018-06-19 22:10:53'),
('8623bab1715af29d72b0d4c3abb1f64174ecab57717e310ba383e05125446ff9', 281, '2018-06-17 22:29:23'),
('86da2e556ea050e20166c6ebb5ffb4f1571299f1fb7dda328f3434aff277bf75', 549, '2018-06-24 23:17:21'),
('86fba5c97848060aab62b76ea5f046c5286288d57368cc7a3a646db7c5c75b0b', 210, '2018-06-21 09:25:51'),
('8740fb4bc8e6953165723d1a0f7c6b1903f64afbfd1c3614d91df01f242b74a4', 559, '2018-06-25 07:04:31'),
('8745c82e851f195535266b60eac68f9bf8bd5adcee69837d7943d1644e0e7787', 451, '2018-06-20 18:57:48'),
('8761497579173efb46817ba7b968c9027e8456c363f54e0e2732187420c8521b', 364, '2018-06-18 17:27:16'),
('879560a24dfd20e72ad74edbce875642f53a70f83622bdbc8de86633675f3461', 438, '2018-06-20 13:43:04'),
('87dd688137bfe4865e14c204d30d1a2c071376e17eb0ad686bb288aab39477e4', 259, '2018-06-26 12:02:48'),
('87f931473d9875114283203c5e1db487ccbc85fb0334cba15fc12bee3199a3c2', 93, '2018-06-14 01:02:40'),
('8829aa2260a41a4d1a3563c5eec08702dcb0cb0ec1f80e98f8cb46fd29cfe894', 358, '2018-06-18 09:53:38'),
('8831e109c2788e63fc1d9d975c3295510c5cce28fd4164d60dfdb27b7284c9d6', 443, '2018-06-20 17:57:51'),
('8842b482265dbbd51d00f30f067f20249f56f4f71fd3eab359a07a0b2a55025c', 609, '2018-06-26 14:03:51'),
('886f82b631c76d7456487a2100a896002f20d15718f820b15216443ca2140a34', 474, '2018-06-21 07:30:35'),
('88ae8613a70532ef87b8fe8333d346003ad236d2f0a8746ba203023ee11c6201', 541, '2018-06-24 22:01:35'),
('88d7ef98c7ca1c36ba036357edea98ee7ba0e4d900e5de6fc30d68fc98af704a', 42, '2018-06-12 00:22:56'),
('890f80fda0ae31cbbb9dc5e77d4b1d170f5e01988ccbf6065d21937107aa8730', 84, '2018-06-13 23:34:17'),
('89199312b0616018273e84dde41a5c299af4139d124d238e6e8aba321579ffdb', 602, '2018-06-26 10:49:58'),
('897459f5e53d6ba4cf5a68b7cbc5a98e3cba25e07628eeb44c862f7dbf9836b6', 530, '2018-06-25 00:22:33'),
('89c35c890baa783d7a8e7e7def7d1d3485aa243809e06cd9e116c88899fc2c15', 124, '2018-06-23 21:26:33'),
('8a47e131ccec4a95446fae777200d9e0012f2449dcc28b4c3d75d7a0f1830031', 426, '2018-06-19 22:31:50'),
('8a79a91d461271a356aa6beb867f4853a83e37ee1fb9f907c3edc7331df18838', 632, '2018-06-27 00:48:57'),
('8abe73498663d8db875142c9cf288dc707e01abd3c7f8bffadc2349ff1768a40', 378, '2018-06-20 07:54:43'),
('8ad293f43420fa11eefa277ffe8a603acb77b71d932f9c74876772a8026b6a1a', 23, '2018-06-13 18:43:21'),
('8aeed570fe1852eb4e81a98ed05fa75952af2ebb3fa0e07ce17c5a565a44ab46', 539, '2018-06-27 21:35:34'),
('8b13fb49d7fcb139806401f81a1fba1558378980cd59304aa713543b08bad31c', 188, '2018-06-14 22:28:53'),
('8b61f52cd2f07db851728238aa71c1a54cda00b0c7fb15874cc84ca52c447fc3', 648, '2018-06-28 06:26:10'),
('8bca4797d66a19fd7c9873d27129c821b81c3a88af7476cd2666ebb384e5d4b4', 371, '2018-06-18 21:43:32'),
('8bee61bc28cb6038bf0e68177a941eeff46c60c59d499b4c0860fe4a9dce95ae', 319, '2018-06-17 22:58:32'),
('8bfe2bbed571e44a334d6cae1a6235de4ecd5c192f63c6c32bdf81b129e902f4', 473, '2018-06-20 22:37:43'),
('8c44cd40304279ef880f8b1201f4d8f5773a879e6ac36082f65dcb6fb3a8c8b2', 520, '2018-06-24 20:17:04'),
('8c495f97c09724b789204253c9003c4ee6e5cf7553efe1d1ac81dfff3ceffa81', 60, '2018-06-14 16:18:41'),
('8cadf3c0c917cda3fa50ceb074ae87d1a4cce342938ea1e00b3dfcffa2ee066f', 48, '2018-06-26 22:02:10'),
('8ce25776d02383ec753269cc66a37776b9e358d5a39d1cdedc8fc4fa050e3f5f', 23, '2018-06-17 22:07:10'),
('8ce51ebcae56cd426aafd063cb0132e1e20e3d59a302144413672ffb3d9b5d0c', 311, '2018-06-17 22:49:49'),
('8cfbf9a4d5979c5fde7f4507fa7d107cf52f4718b393e4feab88eb65af3c7b43', 82, '2018-06-13 23:31:26'),
('8d2a2d507312af1dffa2c3724a3bb5a4621609bf66cd0971c37b05faba7de91f', 21, '2018-06-11 13:50:55'),
('8d66a007583d0a2d764f640d87930bf97101ed3cb7d170ce5cc28dd6749317a0', 644, '2018-06-27 22:33:50'),
('8de30db18614dccdc574e3ebc2a1ba03d40c1aa67d8cccd7737aa715b9b28a6f', 646, '2018-06-28 00:33:36'),
('8e16a343af1bbf66410e4afc9ce4f477d6e6a5d5b455d1a4a27b14f846c896a0', 594, '2018-06-25 23:14:59'),
('8e234fb1c08f2f771ca032666bc5eecb5f39de86f7bc4d04a0d6025dcd51988c', 247, '2018-06-15 01:12:09'),
('8e3a38f4db53d4764169d70d0fffc45c0826f6aa2be9b17f4c8fb89a3383eebd', 584, '2018-06-26 10:03:12'),
('8e6418c0f0b66a2c1ec42d0c95c7a20203628b94b16f3b655af93baf276a8cbb', 355, '2018-06-18 08:52:33'),
('8f4704023e0050262700bdb9aeb3e7019d57f4817dad12c7df9df4fe2d207936', 85, '2018-06-13 23:35:35'),
('8f81b1272a4d410c314418919f8c2a5e4b961c556a5b956e690bd195d3f257a0', 546, '2018-06-24 22:10:32'),
('8ff859763cde3834f2c01b97d9d0f7d2b5acec158cb5513de5ac65228f5f88d8', 238, '2018-06-20 16:23:54'),
('90390d83feba9fd4b49c9dfc56cdcc3941870d6a973036d855fb796c7dc30279', 394, '2018-06-18 23:28:03'),
('9088493dec0a9b9cc218ef44107a2b81c49e941c5a116e5e510c473008237de3', 75, '2018-06-14 22:18:07'),
('908f3d805acdd2d9fb657b2526bb78cbb6557d1a75b261999a3cc5bb74e18f22', 584, '2018-06-26 10:12:13'),
('9096764ca3005ea479175c5851756153693dc31955f8cafbe0ebe5ef73ebf96e', 4, '2018-06-09 23:51:52'),
('90b5b3ab05d53010d082002460b89ca82d4fe8221ffd8bdfe6f8399038f1ffa2', 134, '2018-06-16 10:49:59'),
('90df0a90e9bcf9385fb320bf5bc32005f0eb1ef4505921e6e6899bea14047f98', 453, '2018-06-20 18:27:59'),
('910930c566167e078eb9cf0d1e60f2930483fcfb534ea03f22382ec6f3e0607c', 115, '2018-06-16 10:30:43'),
('911d6febc73c2bfbbbfd09afcebb9cf75dfeabae1d9bd550b814ea02fa600de3', 192, '2018-06-18 00:49:44'),
('915c13f6edb7a34bea3f6fd389d50febfeab88a854369552b506eb73e65ac60b', 509, '2018-06-23 22:16:47'),
('917779ab3b3299988ffb4585abd7d7a926e515d49a946d7593f5baef1b914269', 217, '2018-06-16 14:55:00'),
('91b2699b80a59eb40888c0cd8c801b1003512b4d4511134eba05c66af2da239c', 65, '2018-06-23 16:04:22'),
('91c112ed1901e9e6cc29dd391ba8dc9ca377693456a2c67bf579631e905fd5c5', 47, '2018-06-13 19:39:54'),
('91f2bf3ae65091e5f40e3085a864d154ea42c786fc9d90529ea75f3363b16149', 153, '2018-06-14 22:55:04'),
('91f43e5cf3bf15d5b388a4fac26589ee0f6b1649fc10574dd43a1045ad726225', 260, '2018-06-15 06:31:30'),
('92291519dde2e2407d2e7a38e8d62aa589838d5f7c2781e75b4d52e12aedcf4d', 202, '2018-06-15 06:57:57'),
('925d9894978a8bdc4ea399112f3431daf6063227998fd6c63ca58808b9e83ae6', 425, '2018-06-19 22:16:25'),
('92c4d780136034b9f23eb4f6e961c3b14b6f7ad8917137c08d2dae816725f741', 297, '2018-06-18 01:04:52'),
('92c77dcbb74a25cd1fe80911e15768f6eb2f3d1128e2a3fe5b805fa65027e56a', 229, '2018-06-25 21:46:26'),
('92d995c06a2392c21ddf1e61062c607e022adb51241dd383251c6f6fca5a40a2', 91, '2018-06-25 18:13:25'),
('92fe2c1be4ddf7bc5fe24246d4ea94e40df4785176d0f64def36c3df03b44121', 154, '2018-06-26 10:16:25'),
('93000051a3424c65eb4f1c1c4be5099e4126b355c8fc20ee1ece857ca3e452cf', 379, '2018-06-18 22:49:53'),
('9326f41a879b53aaa47b929d0f60d84f5e1a569656f00dfa67785d99f60a36ab', 280, '2018-06-17 22:29:05'),
('9327b0dfe3b4cf74850922c7cd81cca4556d4d36f704ab4068b9f6628060dc3f', 530, '2018-06-24 21:53:16'),
('935b8347d8f97851bd72b070ecaee77c6265eee8f6d52f3ba4dd379752fce6c9', 537, '2018-06-26 00:29:16'),
('93ab822516bb1c5f9d119c431b6d328751a9705cb0aa45abb959171d82229b3e', 277, '2018-06-19 10:43:59'),
('940181861f3d6f0136f429e73afca00df85b0347046a8e8939ece028b3ceec2b', 416, '2018-06-27 22:49:06'),
('94045b82454a5e76ffd67f7912a6e6ef5cbfa9452625a95d8113c4291f0d7b8e', 57, '2018-06-13 22:56:17'),
('94cf3c1b21d6a6f5321572c5f4713549526282a4d2355a329b86e1b359a627c1', 33, '2018-06-11 01:08:43'),
('94f2de4f523b889d8c378b4633e708b280d10495c642b752fc51bf636cd4fe80', 9, '2018-06-25 01:59:49'),
('9514d7c49b07b24c9df7fcde35af70a9ca9d6b91620d19ea2d0aeed502859da9', 91, '2018-06-21 21:07:08'),
('951b2aa923266155e1ede722bf6b2df8e1ae2b583e052a28851e891c2c64c87b', 607, '2018-06-28 09:06:05'),
('95261e58cce6d08ae87b38297c2959a745dd8ef627c18b0511ed400fd721066d', 409, '2018-06-19 07:20:41'),
('956fc1324db3f51b3ef9d4f478215a087ed74bcf38909ae56d955c4c72630b1c', 293, '2018-06-19 18:06:11'),
('9578bc1f5e1a1fce7fd03c2cafec9b4be832406af068b8a6d776b9ba52c829d2', 224, '2018-06-25 22:13:44'),
('957a24dd0acf9828921ad080736d5ee2aa5caba15e7e111e82cfb2a4dcba7870', 342, '2018-06-18 04:35:27'),
('958a68cca33815e705d7590777f8baa4ad8c44620e85c309d100191f84521d3d', 529, '2018-06-24 21:53:16'),
('95bea07fecd4e389f669d62fe63ed63faf21c655ace56c12b338c67c0904936c', 565, '2018-06-27 12:00:26'),
('95d92a2add8e89992dc2a29a3a8ba7d0b0c44c40f69a052fad8fb8a7e41f89c7', 192, '2018-06-14 22:29:32'),
('95ff3dd7e33c81d84b05efb452f4c17d29390f5c938e3238de1c8edb9903fac5', 201, '2018-06-14 22:33:46'),
('960a88f289482bc004a3fec6af4deaa9b6b631f29bc116d07917554c8fca1dfb', 608, '2018-06-26 01:39:10'),
('9621c9a4b03ff8225538a9c06ca93a1a9970de0f330e6b3ea7fd947f6846a758', 178, '2018-06-14 22:29:09'),
('96895a366a52bca825ab6829b064b6e8ab36f4ed8e7a83e850f8dcb7a4d860bb', 539, '2018-06-25 09:33:41'),
('968d4dc2de8375841f4a7c6fbbd4dfa3ece909965fb8cb4ad9eab65ab5fd0457', 124, '2018-06-18 20:58:16'),
('96adb0d43cdd5f03c5ec11c89d76b412deb978bfb6d22a631fd546b6485ee6e1', 303, '2018-06-17 22:46:05'),
('970e0e47eca7be956b936930f46b202202ecd8cf002667a6b47c3e8796aa716a', 560, '2018-06-25 18:24:24'),
('971d055d53bad60308cf53549f8ea1cd5bbefcaa0eaca28bce1ed69611b09ebe', 250, '2018-06-25 21:39:49'),
('97a9d5e0e643cd189b59b12a35b61cf312412f19592d5fbb2891ab3a8414f72f', 594, '2018-06-25 23:14:51'),
('97f31ce4541e16e7e75099bdd454fc9720f99d2daf2678c6b699d2a351a18971', 266, '2018-06-15 10:57:13'),
('981f12bf902ab3e550c179a1ca2bb7a8654aaab173f680819d25587114fb2dc9', 521, '2018-06-25 14:46:04'),
('983da2f9b5873ea904041f2974c1f199faa64d43c6986316db451a33c9442c63', 621, '2018-06-26 13:00:33'),
('9851c76b6865c1be7c408d809e60e7ae3448ab66cbb31322c13826b9c5f5f935', 421, '2018-06-19 21:55:34'),
('98661fae2851cd63bbffcff8da75cf1f97d6ef35e614afb0c2ec9f890cd682c4', 68, '2018-06-13 22:59:50'),
('98901c40130f04a5bfcd2294a5a04618860a7b441e87a5e03f5ab9d2b4fdc552', 575, '2018-06-26 19:16:27'),
('989ea392f61be7ce47d7cfc472e33c68fd31bb241ad2cac6f1d13b660c1ec043', 317, '2018-06-17 22:54:43'),
('98c9f1d414f58c67f38eaca3ee4031a3cd731a7f9def2ee6b0edfbd95a3500d5', 65, '2018-06-27 21:27:10'),
('98ced17652b9c7f9f402492b08d8d8c2336baf27af60b706b1a00cb3259a6541', 112, '2018-06-14 08:36:13'),
('98ebb848fc5e08837760f95ceee091e4e87fa04c4aeb70989355ffdfaa577549', 26, '2018-06-20 23:05:02'),
('98f60100fcdfac5e6598a56a4c9a615c6c1940d5c455d68feec0a19a308f79fe', 216, '2018-06-19 21:27:31'),
('98fee876bbddb1511505edfe76ad725bd2f80140da980e266596c940f726ce42', 452, '2018-06-26 19:40:09'),
('99136adfac90003085870169bbf2aad38df05ee1b078fe484921c2124c27c67b', 12, '2018-06-18 17:29:42'),
('994502d471526b580779447113b86cb02d2455d9b3e52681ab36ad90532fadb7', 306, '2018-06-18 17:57:12'),
('9953ba5c6f0e7db963ec639b1b8af9bcbfdce21f71d31541e718296535463d97', 23, '2018-06-13 18:41:36'),
('9956415689c991afd9fc6b0cb5d36f00ef9541744a8c5d0e6f81dadb08f5fd3e', 213, '2018-06-17 22:41:05'),
('9974ea832db229cbef37cf31bd8fb14ab3aee4fce118c78dbe565f2a087eca4e', 555, '2018-06-25 10:01:51'),
('9993a283c63f930ff23c99d0a7de18a9343e0b1f174ffb924f50c3579639b7e3', 438, '2018-06-20 13:41:47'),
('99a26a5fdc78f55ece7483ef855f420e9eb11d2b57a075631b6ff648e63dd1b6', 520, '2018-06-24 20:16:48'),
('9a0f6df3cc6bf6033992b3a5b25131c00fd21d7cd45b34139111b5738bb66b6e', 575, '2018-06-26 19:16:26'),
('9ad19ab0cbd83141ff1e4a9653c54669d71ad9db1505fa1536a8ddb5a43c9c18', 636, '2018-06-27 06:06:41'),
('9addd1e51a68893aa30ab8ade823dfbf895bc25353cbfd061248eed2f761fdda', 525, '2018-06-24 22:41:14'),
('9aed37308d1e9fd2e747cc7acc055b1e0ecb9c023aa5bfad65f544d8de589b5c', 54, '2018-06-13 22:55:15'),
('9b10367f1ff087edc49e840dedf14b4f015420dc1455c950670bae1b2e8eeec5', 325, '2018-06-25 23:35:19'),
('9b50a01496055e84b72e2c03a772fe6b3526ea80a9bb29bc22cb90c166a95e4f', 238, '2018-06-14 23:36:50'),
('9b7410634d0e7cd04aea68c8c1c44d002caf1362b90c584e839a645bfecf7f66', 439, '2018-06-21 22:37:35'),
('9b9085894ef43a6f0caae86db442f4edc63c5b14da6ffe76fad99490a6a24c09', 464, '2018-06-20 23:55:40'),
('9ba26327e31aeb3949f38d0ee4ed1af08492b205ef4b2bab95ddcfd057b87a80', 233, '2018-06-17 23:29:15'),
('9bb026a66f12d5427647d86f78f41934370eecd8121edb58cb5bff1d27568815', 314, '2018-06-19 21:22:32'),
('9bbcbe31c68000442ca5a92ef08f54c4f6d13f196e378ff5abe7a825fcbf3984', 646, '2018-06-28 00:35:35'),
('9bc898e5f6bfae18cd98da2175f4bff274c610896e19b9fb85c6bdb64774f507', 38, '2018-06-13 21:31:24'),
('9c300da6f2495a9071f3a5b002755ee8f2f2cca40ae647a9d67484069100424d', 305, '2018-06-20 07:40:42'),
('9c69fbdedca212f819b1fe0d84bbcdf88ece2fc6117b8edc65f6f6eab9f69fb8', 35, '2018-06-11 01:20:12'),
('9c7710a5139dce7209f63f803259bff94c8e714c625545ad88f9c78ecf81af5f', 368, '2018-06-18 19:02:36'),
('9cf0e9deb17b377bd00b84e51ab96473ce6878e513ade326b82bba4dec9afd1e', 204, '2018-06-14 22:34:12'),
('9cf37a9ad808516743f02b238af41495e00f625c23674500990da3514c885705', 60, '2018-06-27 22:08:33'),
('9d1a184f707094f85a6df5a670a0a79ceb1e42c9fe76a9d4d851fd11e964770a', 378, '2018-06-24 22:30:47'),
('9d1c53857a2b62ef05548656f79926be81cdbd28fc1ac3c74c5ca215153f6d72', 262, '2018-06-16 08:27:25'),
('9d7929f4f756544a488d12da7ca81100167867b310d9f7db5e4e92ccb2a00cb1', 71, '2018-06-16 16:57:41'),
('9d959297df5dbb76df4100817be0551ff4f0795ba831ce62c794f0e95a3b78d6', 296, '2018-06-17 22:41:35'),
('9e31b84364107a0d9330442f83789ee405a60b43d965502cc050b0a044047f9e', 515, '2018-06-24 12:23:00'),
('9e4b3577c9790e636927c9a77910a6a8660397c5de848d17b2dc247b124f06da', 116, '2018-06-14 10:35:15'),
('9e5ac4d70861166780172ab345401aec68dbf3657e3602388d4881aa94ec3fd4', 47, '2018-06-13 18:17:40'),
('9f0f018446011a8ce2f73abb4707616677cab2bbf48f33b2ed1071422bbcac6f', 582, '2018-06-25 22:38:53'),
('9f4467b548361bcc813bbb094ffd533b5818bd5112a5ab59001f28fbbc71baf3', 133, '2018-06-14 22:18:32'),
('9f66b92b7e5d78dadc49501a6bcd3bb485b46a439e8808760f673d81d5c58f8e', 262, '2018-06-15 06:41:29'),
('9f8f92d0b1c9f63f34afbf1fefb3e462ee7cdb0838102cc98b0161a6c8814678', 259, '2018-06-15 14:10:48'),
('9fcaa3feced6583cc0cb15851cbae105360cdcd5e674170584b64780bfc9dbc3', 48, '2018-06-13 19:11:19'),
('9ffb6f57e26e79ff77f2f9a00bef31817a889c5719a6ad491873bf4a6989e894', 291, '2018-06-17 22:59:47'),
('a0271708d95deccddaee81840a12fbdecb0b9a15ae2c4f021902b064aed609f1', 530, '2018-06-25 16:24:34'),
('a06bb0b355cc49a5ae5e1a08bd5cee382240e5816806fdcfff2f6999a7e7ccbb', 539, '2018-06-25 09:14:41'),
('a06dea84096b9ef96ac32f966e084280a478fd689644dedc0d7e3d41a7a2465f', 269, '2018-06-15 11:56:22'),
('a084ec5672cf3accae7cee368ce223f8fdf3e85aa0530760d8dbe97fa0908f37', 327, '2018-06-27 16:33:57'),
('a0903b16033349fbed2be923589f501226e1de1832ea2caccec63ee591f5c4d2', 119, '2018-06-15 08:49:59'),
('a109645cc481dab87268a5efc18dc9d4e7a2bdb89fef20117970780fe6b92286', 570, '2018-06-25 15:15:34'),
('a1112ce7ea6997599c676c48c4147a72d705329808c912b2807e44e3f9f708ed', 39, '2018-06-13 08:23:13'),
('a22e77d9bec040741761cf5f69aba7fb8529b4d67b851170d566272f0b67a5fb', 225, '2018-06-14 22:48:52'),
('a25942c961e0d3ae4e1b2ac6b16ff8fba06e837a1f4140c6097910c1eb62c0fd', 89, '2018-06-27 22:59:10'),
('a260eae380d48febc9e9fb50ac577762c13092cb60a27c385945c5995c769f58', 297, '2018-06-18 01:04:52'),
('a2683a042f15e9aebb8ad945bcf280fcb15df53e1670b659534ceaec97a2b09a', 47, '2018-06-27 17:51:24'),
('a2aacb7967932f29c02636d115a4483b13342eb40151a8f3435d7b8c5aac6b9b', 360, '2018-06-18 10:30:39'),
('a2b1a0d129d7f05cdfbe4fbf7d29bc118d31c9f8eaf2cb3b383e05139081f724', 26, '2018-06-10 23:45:07'),
('a303ae73ddcca6179c21fd3b63514664e1310832c80ed9304f482bec69517e08', 539, '2018-06-25 23:08:49'),
('a304dc41650871015565386f01033101a67deef7c3231f51b1f4612eee4fffe4', 122, '2018-06-14 15:30:38'),
('a35a32d9678e214f6f42e7e0e736c31498bf0b8dd4e87f7c3e766d5d8e02cc17', 151, '2018-06-14 22:20:26'),
('a39a2301de4a0cac022bbbd8270e0d1f58abbf49e57d326446a0da31a68cb24a', 227, '2018-06-17 23:02:40'),
('a3a3a857cc06fef92bf9affb0af166bc1e7bd6f0f6d3012d71a04dcbdbc38c4a', 206, '2018-06-17 16:39:59'),
('a3d210569ae273643233910941b39d9531582eb9b0bc1299d146bed02464db2b', 421, '2018-06-19 21:56:03'),
('a3eea6b424a78510a7e8b96d0b2b5a233185cb0720c7834c086b7efa02453665', 193, '2018-06-15 19:02:44'),
('a3f22fd9149c47db0b5da3d9a6afdef047d77e3829f7b2932d2cb7bdab3f710d', 26, '2018-06-13 22:46:45'),
('a4dbd826079147301b0bd4f8e7350196f6e06808f3ac675c5ac99ea039971c74', 545, '2018-06-24 22:11:28'),
('a4dd41012541c339637371a8fea5c94520ce707b438387e6fcdd87688190a21b', 216, '2018-06-15 18:53:37'),
('a501805f1c04d638d2399a0a0d2c258e45ea38d2c66d0ad87a9af92ccb425ba6', 65, '2018-06-17 22:44:03'),
('a5255e5f01e06c62ad5af9911bdb5f52bede9200abbe54e5eb1f23a79ead0f92', 571, '2018-06-25 20:00:26'),
('a556114f24391cc2b0b80b4c09e1d700a1676849f4496d3f23e1e9c362b42561', 210, '2018-06-22 18:38:25'),
('a58a9f6898fd23a21e9be6a7d88ec1e1efbf9231170a7904a1045c04616146c3', 274, '2018-06-16 10:16:49'),
('a5b7f261cdc7432ff3d48db53df0a0430347db912d0995f26a06ce38c9411d45', 290, '2018-06-18 16:39:41'),
('a6199aa679696d52947afdfeda2da7c4639612af65799fe421d38d3f64f08384', 607, '2018-06-26 09:48:04'),
('a622fe81072f36f69387bafc31023c0c402aff36cefa54308e6e700e157ff854', 376, '2018-06-24 17:21:22'),
('a6473d1a1077eb69045542a2f28faf927b098bec0b7cae066699e59ccf397f19', 449, '2018-06-21 20:47:05'),
('a64ac6352fdd90b79594371a12e3a09d9bc02c1e0f9756663288dec40ab1d80c', 461, '2018-06-22 10:07:42'),
('a675ef1fd325f4bfbf6ed31af4939a67f2e5832d1745a7857185741ebe2d068e', 120, '2018-06-14 14:18:42'),
('a67d6b354c452167a6b474ca4dff919dfeecb2846e6745d58c713d18ea34c51b', 382, '2018-06-18 22:53:19'),
('a6d564fe3d636a2bc0f5c829de83553934b29d7f5a09c688ab4673ed69227e08', 476, '2018-06-22 15:05:16'),
('a6f3892264759e5cdf7e7d7099bef412e22a958b5a48a8f5d0b46703694057c3', 600, '2018-06-25 23:59:25'),
('a767036eabace480427a9e153f3dd2e47524a08bbbd6d9428e77f1fcc9571e23', 262, '2018-06-15 07:00:33'),
('a7689e0d6afe74b791265514d9453d9fb1425a26f8a0adee2566e3a39ef13686', 47, '2018-06-13 18:36:53'),
('a7779beff895a93b4ef8a0f445d81d3c6dc639e69850bece3b29bc9a6414965e', 249, '2018-06-15 01:17:46'),
('a77c19b00e882bf72df04e8372fb20c7c78040ecf9e15651f796ea81a58e50c3', 557, '2018-06-25 06:45:15'),
('a77f19e7d213742b8dc33d5f4fa03f5205aa1d74f851aea0311c7c14df4cf6b5', 642, '2018-06-27 22:04:45'),
('a797e379967d25f2430f75619a6d358575b100d32d60a5499275ede9b911101b', 56, '2018-06-13 22:56:10'),
('a7d7c017126898237a86a8defc0392d4758622b5207a2998f51d732914497aa8', 607, '2018-06-27 16:31:10'),
('a83023492f5368a52e7337a28668b562e09acfcc141a38660d9cc872acf84d8a', 445, '2018-06-20 18:00:18'),
('a83ff2cff4f81ceda589c92cb20d8476372e6100fdecb67799fb958756ef4d07', 69, '2018-06-14 01:25:38'),
('a856eee098cc549a553250cc6c458f3f4108a4c26c979a92ad1b1eb2adc5530f', 98, '2018-06-14 01:16:59'),
('a8aff0821065022a1c41958bfd3a5f5d135e1f052ebd25d8f183362288306570', 346, '2018-06-23 21:19:21'),
('a8d89f5905c9e64266971c1c1d62cda09061e29e4c53fe316e7267c938591da8', 523, '2018-06-24 21:51:24'),
('a907e064b28c8605f44ef312ab34780c9461c8c29ae597253db8e68a09a749b6', 249, '2018-06-15 19:53:21'),
('a92f4c6520816bb8525bb0c58187b4bfe1886f874b6b5cd595e7fc0423bf1202', 292, '2018-06-17 22:40:50'),
('a92fc071a96cfe5d95847311f146e61dd010abe407ce2e2f89613e977a9fa247', 305, '2018-06-19 00:08:41'),
('a93282f41a4db76e15e75df5d28bf10bcd026b707ae610e1e1b748c4534c0af4', 432, '2018-06-19 23:47:35'),
('a96d520e7cf17e6bf2caa8bfc741061b67fa45dbe5970ee0bbc3d771a066cff0', 91, '2018-06-27 21:01:52'),
('a990039bb9832d9ad16ff2e2d0e8b5303b2e0d2dd56993709ce243a3667ed61b', 486, '2018-06-27 21:20:24'),
('aa021fa91622e0947f6ee324ff4509b25d41c95b0866493ff84c5b2521760d4d', 26, '2018-06-21 08:20:06'),
('aa1a937eea09b3f85db68ea9e991317de61b5e023ad76def38d73a96b7a6c1bf', 210, '2018-06-20 21:24:57'),
('aaf55947ac7a545596f1ca43254957f90555ff8eb3867f64cdfb7029a1f2fa0d', 536, '2018-06-27 21:25:04'),
('ab175dab2cb7dc849e9ea29f6bdb46d399392bac6d11300eebe4281031dc6539', 345, '2018-06-18 06:29:04'),
('ab1af780283e05fc29ea1f23be54092adfc62ab6e66b97686b76afa3985fd29c', 174, '2018-06-14 22:24:11'),
('ab39f8a8865b53674a400af546f14b8dc95c65e4fd6bd75118c6934cdb4f8f22', 39, '2018-06-12 01:09:35'),
('ab670d0f24c6cec40362755dc5a4d2a38dc604f47881020f56629d4a4f58e22d', 449, '2018-06-20 18:14:36'),
('ab74a22e51b4a7c874ace7931fd764a1b1ae7146975e900760ad448d636c5710', 400, '2018-06-18 23:58:14'),
('ab88ca12bc7654c8c340d2cf67efb6f1096b023c8c3ceda8f3fa09a99651b832', 393, '2018-06-18 23:25:25'),
('ab8ff9eac317362b68ade237af61d2afdf160ed9ee1979f09ba92b8b105d6198', 227, '2018-06-17 22:47:39'),
('abb13409391ff9298b3d88fb30915af7e4ec901e7129b2b66b6c5684fc680844', 65, '2018-06-17 18:11:03'),
('abfe1d72b8bb9d4e109c3c4866f105a3e1beefb9887ffd3d75a074ec1b766885', 652, '2018-06-28 12:44:55'),
('ac05ec7e45baececa0c472c6a46055e5028b57c6408bb5a599482d9126c37885', 48, '2018-06-13 19:39:21'),
('ac36fa23a91576353305cbb6e60ab6e2c568b39f35e47d1872074541835216db', 494, '2018-06-23 20:38:36'),
('ac4fb7c83b4641b292953a7a0a640070d6e2f75297abd47926e546a635043541', 540, '2018-06-24 22:02:18'),
('ac55e3d36f698311eaeab985775c7720790d405e636414764e4e90392b22b756', 489, '2018-06-23 18:27:56'),
('ac57660d4271572a10301f77b1dec7b4875f3fb507f09cf7356e8f748334aa62', 333, '2018-06-18 01:15:15'),
('ac58d838c24cc3a895bf6e53101fbfa74b3e503651868963b7495727b5c36c77', 290, '2018-06-22 16:20:17'),
('ac5fc654bea285840f8b0a7baa29d96ca44a8acb28813ef4be552f6fb4d55ea2', 539, '2018-06-27 19:24:55'),
('ac9170dd508c7af617a468d8d5178fe07a880e07501600f85412242eb52160c8', 126, '2018-06-19 21:26:42'),
('ad12238fa70abf0ba91ead65bb7134cbcbc170a5048ffa7d0780d34ab331a6d0', 369, '2018-06-20 11:01:28'),
('ad19ee4e5e0a0a6dba3598ed56867ca4cb32e6c59148a5ad23b26bf211d623c6', 237, '2018-06-17 13:28:28'),
('ad72529e8911b60e58b43332d517af5fbf16c0865bf495ed6ee0bd0b3e1b9693', 576, '2018-06-25 17:54:29'),
('ada91dd679893a6145922f9e3a269e75d5f2e6baa54830d30d82f25e852d36d8', 20, '2018-06-14 22:41:28'),
('adf1f1a29432b22a41272542d494715edb0323340f304b92b64878b54a1568ea', 424, '2018-06-26 09:23:39');
INSERT INTO `cookie` (`cookie_key`, `customer_id`, `expire_time`) VALUES
('ae7c471cef7277b843bc11aa681c2edbe5cc73f9b2b6c00546fd6dcbefa8f50b', 310, '2018-06-17 22:49:31'),
('ae90345ff3970a426df1f207c471d29ee410d6204740c6d3618c6522c576741b', 464, '2018-06-22 06:40:58'),
('ae9f12168f12e8ceb2731115c885fe16b4ebb2f4b5435a4d4949be4d946f0740', 607, '2018-06-27 17:48:22'),
('aeb959d00bada1e7d9bc30fe9cf13e0f38769d5aff265a22122b07403c85c9dc', 561, '2018-06-25 07:13:31'),
('aedc2719b2de4f2b11d97d1623b1e4d37a9ea6287bd44dfba5956b036539680f', 280, '2018-06-17 22:29:31'),
('aedfdeffb671bcc21168c7f819d94a5a8f353c26ab54f5185ca58e3c2fd6e3e1', 198, '2018-06-26 22:00:26'),
('aef2228e94e2e33cfa40934cf0f30919a031330f89ae1ed9988ddf0f98857542', 597, '2018-06-25 23:21:40'),
('af1031a251af72a298b4158215dc1d27833702a576d3be8ab7780ce0d8142aa0', 378, '2018-06-19 00:08:03'),
('af1131f4d8c130712bb638531d4b5cad656387817ec8a1f1bb66d72d72065268', 181, '2018-06-14 22:38:56'),
('af687321ab84fc1778615c529678dc6aa21d6742cb72972ae249d3d7920510d2', 20, '2018-06-19 15:49:06'),
('af688f3e70999a6b536cd0efb52e7dd89d75970edaf308a6db35432b67c4007b', 650, '2018-06-28 11:03:33'),
('af8ac3fb58b22dc35191e8a06e421e81d0969a9214a27a65b239091a30397d8f', 16, '2018-06-10 22:27:02'),
('af94d39d7db87d43ee8cd3946748dbf342443e98378784e38132879acba90fed', 210, '2018-06-18 19:32:49'),
('afade03d35fb834877021ca64af4fe740888ea542e853b734f4955e3e138faaa', 262, '2018-06-15 11:32:56'),
('afcc9ed4252a42383557526fc411829a3e2a758bb81018e5f8676cfd41c9d6f0', 154, '2018-06-26 10:16:57'),
('afe140ad7748c95e66cd51ac3798a79777f0ba1382301d2bea55d4df89a613ed', 584, '2018-06-26 15:14:14'),
('afe3f1d607816d7fa4ea22f51f583715220a450ede07a8e52268747253730cac', 83, '2018-06-13 23:31:34'),
('b05aaa903faf7d13a96953bbae42d4358d56402b42372bd6773c2782fb105baf', 302, '2018-06-23 22:28:53'),
('b0780c2cfaf7d81d3886963e91b7c4540dc18c46d04416e0b0b14b922ada123a', 244, '2018-06-15 00:40:41'),
('b0a123929f3fa7817f1f797fadea16e7cf92490d1ec452610a31552c6fe6355c', 633, '2018-06-27 01:16:34'),
('b0bfb1f0d7e1c6af6e53efece7c74617a3912fbb39ade8f9dbf8f68ed5c194f2', 235, '2018-06-14 23:07:54'),
('b0c7ff3e346be6ace87d8bb79c13963465ac56860f921cf85bb219d4acdfaf0f', 254, '2018-06-15 05:52:17'),
('b0e2dade45afb1ff56370f77f997d5b0fdac5d88f5c5a149848f5d92112358f7', 547, '2018-06-24 22:19:48'),
('b0ea455da7c62b4762de89d5b97755eadd2743add0114ce71d6da5022dd33d51', 95, '2018-06-14 01:08:20'),
('b10077da32d4b5d956b875bb61108335639e407a037b65ac8e3f174534509624', 556, '2018-06-27 02:31:58'),
('b142e5907e53a77cc93bd2594e52fbeab83add59b31739e1d0e521377340e931', 48, '2018-06-13 19:11:51'),
('b14dbe457258a411e586e63e85445fc9a87a4eb144c64c88324952cdcf74e2e0', 111, '2018-06-17 22:31:50'),
('b1522faee184a5d96da4c8da00f3859d58ca79110c6b426d5f6a8712edcfcb90', 496, '2018-06-27 12:33:00'),
('b1e311e6a04696514cc20b66cabfbd9f22364e933356431c6aea8bc905cfa7f9', 314, '2018-06-19 21:22:32'),
('b22872f7deea94d9897411ac82da4cffe6677b14bd3aef2d2cbe429113c4bcb6', 48, '2018-06-13 19:24:33'),
('b23ddf3acf90180bdce0c900e5e672b741b53126862d1b6a31d8a1f44039356c', 416, '2018-06-20 08:36:23'),
('b2a597ab49cd63f108c1e031fab7de9930cd811bfa1db0ffbe2186b945fcaae3', 109, '2018-06-14 08:17:23'),
('b307fc92382f37dbaf78e13087b9c305cb3c89cbe484c16de9f3032d813abb41', 305, '2018-06-19 00:08:20'),
('b32cc9e8dfd973e4a4603d7c0a97dd3d4f5aa61858a4cef19603518af2ffc184', 437, '2018-06-22 01:28:33'),
('b3367cd72fb7a214937093cc6462cea5b2e392089773e6681deb6dd37067e715', 278, '2018-06-18 20:53:11'),
('b353746db3f8c9d2b514f6f836c885c66200fb31666d802bdf6e7f55d21099a6', 124, '2018-06-23 21:26:34'),
('b39a24a7c4ea01ea2c86a2e8314ecff3496cebf75e7ec59c6d8ac05aed194574', 609, '2018-06-26 15:23:02'),
('b3b47133b4ed2ee31af0b2e01a123ae1fbe9fcdd98aba2a2a62d757361a6effa', 469, '2018-06-20 21:44:44'),
('b3c3a36d6f1ef4526711e63c1f80c4a28fa55d0d8561150da2765767edbeed08', 490, '2018-06-23 18:36:37'),
('b3f55dded6064951917708029fd5b78282074ddba4d40ae6f69a967f92cad4f7', 519, '2018-06-24 19:28:02'),
('b41acd07a9d052051fbe9db39556ecd90f3393c7287ffb0f75f5b14e6bdc0e6a', 166, '2018-06-14 22:23:01'),
('b4623ad4d6f81567abb34233899cd41eaec405ec0c7c1b7078a1092f3fe04c73', 74, '2018-06-14 23:33:36'),
('b47bf00fbd71a9cae105a86dba45a69da1e08ca288e74071e0fb4c22e6005696', 399, '2018-06-24 22:32:30'),
('b4ae76d1fc899c075a95af7e356e712920e5ff8b37e6f2563848b1848a59c9f2', 311, '2018-06-17 22:49:34'),
('b4b4c917705e95165787fc2abcc12695c23220dd8ccf63034d2dc253b9f79389', 291, '2018-06-17 23:17:13'),
('b4ccc60b9779e5d15d9e42139e16b28b0b4b7d3729535187136208151a84d665', 195, '2018-06-14 22:31:44'),
('b4f7741d6554fe23f84aec36199ebf341434949f2dfa06c39258f21320e1394f', 312, '2018-06-25 23:30:23'),
('b5049e53091ef9d0ddce66d27be45c92775b1c2563be33d5f2e535a6e3c5a22a', 207, '2018-06-14 22:34:47'),
('b51917d3d563a48526c6c89d841846022e8f809b6ecb2f9d101d5bf0cc0a49d7', 507, '2018-06-23 21:44:49'),
('b543ec1c760606e566ecac9a76aff6733f7c4f09caa98f85c57b7db551696fa1', 338, '2018-06-19 22:09:41'),
('b5dc3d868474e3c6300de585eca36643f3aea71a605a741bb771b6c3fa50925f', 334, '2018-06-18 22:59:03'),
('b5f596cf07a18c07eb7670bad16adc41f379cc438155e13543bd1b4cd20247d1', 638, '2018-06-27 16:08:02'),
('b62ab9bcb4d3a899bb86f2c65bc1130743cc79f422e4999651bea58fed6717cb', 263, '2018-06-15 07:09:01'),
('b62df19c30577ec4f70ec898eae2847e1e72e4e7a26309b2d2b89aa8bf6f58fc', 607, '2018-06-28 11:34:17'),
('b64724cf872d8d12749f3d14a8f3fd1bff3c9ac968725dd7a7a946868feabf0d', 483, '2018-06-21 23:02:06'),
('b684448c4ba61cfa59bedbf067688c269a32048c086af2802410fdc341f63d56', 21, '2018-06-11 13:44:39'),
('b69ea74429bb460467d45b9b5aca2cb746e8335e4456ac8c15eb403ebafc7015', 407, '2018-06-19 02:44:25'),
('b6a2fa09cee114311406ad5444fa23f67ccceb5825c79ebcb4008a7be14fc289', 438, '2018-06-20 13:42:55'),
('b6d2432fda0792afc2463e2edea63fbc5c750be6da48274457a022684eecc67a', 568, '2018-06-28 01:30:50'),
('b72ea7de976db5a82313b3513d71c555a965288fb1ffe79ccff62996a984be76', 571, '2018-06-25 20:00:25'),
('b74b0e0efc210ebade9e787714af577ffc5c588c28029c102960f12df7d00b92', 645, '2018-06-27 23:04:09'),
('b756ddbcf8363e10e3d1c0ab48dd3998ae9f15646f90dc8daeaa367cd6e3f51c', 565, '2018-06-27 12:00:27'),
('b7a768a6c3437ac968596bf6004994856ba680fe49e065abdfa21fadb0a09ca6', 21, '2018-06-26 16:30:48'),
('b7c155e3d68aab59490df8bec136d822255eb1e64be134e6e65601b0a708f556', 155, '2018-06-15 21:12:42'),
('b7d2190b183e72a42a188c56ebc718123e1298f35f6199b7f0ecd061a7220fdb', 137, '2018-06-14 22:18:57'),
('b7f4973fdee686db52a583ec75f488289de7e9e9bd8188b1730410a728c2b042', 64, '2018-06-18 22:41:55'),
('b8129e29dc9b524e1eb595973206dfce1867fba7b9d7778096b407d387cfe950', 146, '2018-06-14 22:20:05'),
('b850266d9d8f063ac7966415bc38d5bf4b93e852770a278625394586995251e0', 47, '2018-06-12 16:27:24'),
('b88ae38f0b8924d39e4c8a86f03507b43d64f74242b04c3e0bbd1fb81a31ab05', 427, '2018-06-19 22:33:38'),
('b8acfb991406a532f908f0b1a6bae1aeae6454b98bc47e911ba944e157ce72b5', 101, '2018-06-14 01:43:53'),
('b8af843aaa7559c5d87b350f55defc10625da6f96b400e59761685e25d604ca2', 364, '2018-06-18 17:27:15'),
('b8fde8d899f3bb060a8a45e44bb2ff9c47d8c70920767c2f41176181e62c34b9', 485, '2018-06-22 17:21:45'),
('b944cc8c2db7704d61a90e4b52f98897f2affee69ee0733794e320f03914a49f', 346, '2018-06-23 21:19:21'),
('b96ee8313c9e62fac889f96560df83cad4571c1d3ff2aada56ab2791583aefb4', 198, '2018-06-26 22:00:56'),
('b9818bf5c358ef0eb38060637350fbd1c12a13adb6443d6b64c440b5d30bab59', 338, '2018-06-18 02:45:37'),
('b9a20ab99b831342a0f2560473011c430b9514d2813d4218e65538deed8acf73', 435, '2018-06-21 07:11:48'),
('b9cad1ba16c569a9a1100de11e096fb05f1d99570e62fe084532329154d65286', 337, '2018-06-19 00:36:49'),
('b9ed24f1f383dad8dabb853065b70d0109ce61eb98d2a45b3a9c1d77d45bec3d', 148, '2018-06-14 22:20:11'),
('ba63dcb82fc3dde9008733268d7478e34057ca30eb4b2795d60ecf81f37c9f09', 61, '2018-06-13 22:57:30'),
('bab9d12b663f0e34b14ea2c6922863727ed986b5c47d2f6f79960c05b5712d87', 339, '2018-06-18 10:17:49'),
('bae33967bd0f799963b0849ea5a4a0d1f5f897e422d5a0810627fadc3e40366c', 534, '2018-06-24 21:55:19'),
('bb14585f6c373ff274efa87a3771fc043c38a7fd39552394682708a9938d321d', 554, '2018-06-25 01:28:38'),
('bb1c6691ac9ba58ae090da1e568116fe5b31ecd052d1deb1ef59f04ca26266a8', 69, '2018-06-13 22:59:54'),
('bb2800b3bf713c92b1904b02edfbc166964753f29309db1f54c09832db525956', 426, '2018-06-19 22:37:01'),
('bb3967a5f84e743b97cacdf7e90e42f1069977c414c330a6c0ea9741b452c022', 369, '2018-06-20 11:01:04'),
('bb91b70ebf4cee09e37b163f7224b8c4b6057d0445f552da67235ab46b4fbe4a', 14, '2018-06-10 22:23:10'),
('bba588353a3da8352560bfeef8dfb2e20bd739f00110a63ebfc18f010858fe4f', 48, '2018-06-19 19:46:29'),
('bbc248f95a8da523be9a3a96367cf5e80038c1e882beca5e1b8c6b659b25b5dc', 428, '2018-06-19 22:49:19'),
('bbd8ad5bc80c92ba7ef9eb00a948c6f3fe48717824ffaa9ffa9ad3ae22774f62', 259, '2018-06-15 06:43:36'),
('bbed16aac94a6c6d63ee5070f88540d8326cd32fc93f13ed36274775b69d3a27', 12, '2018-06-10 22:21:37'),
('bc137ae6f3e3aac59b62279198f3793bb2a4cbcfc474e9b95c4686fe502d279d', 48, '2018-06-17 21:21:06'),
('bc50d2f0e55a01c5ced8fa3c9b99cf005e8a5d7d9644daf926073ab0112f0cf1', 81, '2018-06-18 01:16:57'),
('bcaf2b48ca0d5b6029eab5051e9b5fee944abd8f30b805335250ccf8ab2882a7', 623, '2018-06-26 11:59:51'),
('bd4cef3246bf6bdb1a7606fe512a8ae90a116d6551ea11dea93c2c05d98a08dc', 378, '2018-06-24 22:31:13'),
('bd8abb725b6c419367ee56d3f95569356281b2391d7173d90b68d4a143e142c9', 270, '2018-06-19 11:43:24'),
('bdb4c597d469ac14a334649e2fc8da99b0044dfccff5a8ecaf8130065435a11e', 197, '2018-06-14 22:31:34'),
('be2489367380548797d83bf5ee63182d7e0a1787fc65a1750fd629ca4d8aca6e', 59, '2018-06-13 22:56:25'),
('be28278b7ed6934c2ec34f15b4bf788fa8ce16f2b25497e49488e6a68ad6d272', 210, '2018-06-21 09:25:52'),
('be2e7133340bd6f5d5f2a74f8e03562d9013eb776edcef509cd1e375ecccac13', 59, '2018-06-15 19:41:24'),
('be6129f10230ae1b91e98c7e1ec078b906506c0976f3fdb47aa91d926c738724', 393, '2018-06-18 23:24:11'),
('bed515ea14c3f05e8d2858f866dc686f416d130b3d573605484c4031385035c8', 495, '2018-06-25 23:20:56'),
('befee2b5629b66f4a46d4d61b78468532d841080d23f0230cf480adf66feb768', 564, '2018-06-25 09:34:37'),
('bf43165814fd8a89bdb88984d83be7d81e78b7d167db5d9db1746a526084edda', 354, '2018-06-18 08:23:21'),
('bf7dfc4fc4eb21ff8b27f5f5ae416f5f1eb2abcf67434f523080366e8bb94b4e', 196, '2018-06-14 22:31:33'),
('bfacb571512f8fc6cd725a485f3ce03ae7abab608e3f7a21793fd408aab6a080', 468, '2018-06-20 21:41:41'),
('bff5bea64c1ac40eac14ce8f2dadbaf1c1b0475608c65e74fe81349117f946ad', 26, '2018-06-11 12:13:37'),
('bff677773a6d7dd5a45ac71894f287f389636e8d3eec5355b7ac1114679e4829', 384, '2018-06-19 00:29:41'),
('bff853f424538a962a10ed261a3701699525d4c137072eae349725d4c904bdfa', 131, '2018-06-25 21:47:10'),
('c024048dcc50d87935494900dba9fe3ef7b432e38cc59efe5d524d81a1c6fa09', 420, '2018-06-19 23:45:42'),
('c024ce1358dd59b1be7573a5eb52437b0cf06f578bdce5fb646eaecd621e9005', 497, '2018-06-23 21:22:30'),
('c040d22cb758aa5f20e7cc401da90e1b101579ff3fc1c7b4bb620e854a6a4ec8', 48, '2018-06-27 17:55:07'),
('c0783c8ebdbd4cdb82943ad6ffb1a583ff7acc1f634cb27a36190ed007695c82', 643, '2018-06-27 22:18:14'),
('c08b86900f0e90d94cf746c0a4bbd34efcd57225c86ac4d571206351a739381f', 66, '2018-06-24 09:49:51'),
('c0955afc9f354123aca6da1cdf17a20e798eec3e84a2881f64cd01b7fdd52b42', 378, '2018-06-19 00:49:08'),
('c0aa3d5228b352c2976c60e0c609649d5d1c0c5c8d54519d5a14d048952a2795', 439, '2018-06-20 17:48:31'),
('c0f96371fdd3aef099bf82be5a93a5b5752ce2a7e59ca130bcf0b14f4ec14c1e', 53, '2018-06-13 23:04:59'),
('c11cb39a0b66a7e63a563f395b928e0dc9d00be9f9a3623b3f0b2fc30219c283', 429, '2018-06-19 22:53:08'),
('c127be19ba5856074e792035e3f8ed976ede9e723f300b85a01ed7ac6746df15', 505, '2018-06-23 21:32:04'),
('c14c7302ca3495a2c99027cd2c636b8ed5ce727b4b5ad19b54ca801597daa901', 151, '2018-06-14 22:21:46'),
('c157715ba5366867a825dfce8a4061d4378805eee123f13714934b0f0d04b08b', 377, '2018-06-18 22:47:15'),
('c1896167d52fe367473c84c60f2f46a99e253d334728ba7b95078088b347eec2', 360, '2018-06-18 10:40:12'),
('c1a2eb3c3d1c4792f182a33bbeeb241e74356f5ae4045cc8d65c31ad729ac92e', 227, '2018-06-18 08:33:49'),
('c1c618c1c30ce680b7e7746332a3dfa81476700f295026871b12317d68826f2e', 238, '2018-06-15 10:00:45'),
('c1dd8c023e6997f6df82c7ef3b1dd39c9bb339f9ee15daf882cfd104c81a3209', 48, '2018-06-20 21:39:59'),
('c1f813b4297c501b71321d21831062bec2bdb19017dca8a9bab7ad65dfbb7032', 376, '2018-06-24 09:57:54'),
('c208202cfd09de2f8d56e5ad55a27b0a1bd7559dfb71df224c94285ed60647dd', 48, '2018-06-27 17:54:48'),
('c2179e4d1967118b75f6e2624a03e86a0e9ae0964d06fb4728786cc0ca447663', 214, '2018-06-14 22:37:58'),
('c25d3965140fc84ca9351d8d75337da6a0d322309e91b68b6f2a91a6eee5d874', 229, '2018-06-25 15:21:02'),
('c292b3f5e1328dcce3643da5bbc2a7e7e15acd7c4176906378e3015d32ab5f65', 451, '2018-06-20 21:42:31'),
('c2d3df1919453461bdeb384a27ada5a0e08e0d0dd98128cf78488959f15ea489', 335, '2018-06-18 01:47:39'),
('c33a83e103f7af3f00fb4863d0c62858f9d82013a922225543f28ce2f81b9a81', 47, '2018-06-13 18:36:33'),
('c35a5ae046aa8f34e77b5164cb298a434bfaac16568faa7f0d987ce855c26598', 81, '2018-06-17 23:10:31'),
('c3834329dbfcc19258a9af8cb3411936a2df857324e16287034d16af207d13d2', 70, '2018-06-17 22:44:57'),
('c3b12e11f73f42bd810832640833b605214ef87e4c8765a229c1b268ee05d5f8', 60, '2018-06-14 18:06:27'),
('c3c56f9ceaad29f97648880b180467a248ca50621de5e6ef4d114e10d36eb15c', 555, '2018-06-25 01:44:45'),
('c3f2b64fcabe527739f1fc5c0c2443359b482169f82919778ac05ddc3c397f33', 607, '2018-06-28 11:34:17'),
('c404b024f37f7d7e4571ee2d18b7d9b558503b64b727595707ca5efe2c2c80ab', 609, '2018-06-26 10:48:12'),
('c41bd058629b7062d5deb51bf2c3725c9fd97d529c2072983af2512104e308a4', 243, '2018-06-14 23:42:08'),
('c441cbf16e8014327aa5c1ae32f711ba62f05fe7451908590c5eafb6f22f83f6', 224, '2018-06-26 13:02:33'),
('c45cdbf171f7c0a429beafc32b9f4cfbdb229e0d41449f66473b36c603a7c89f', 518, '2018-06-27 22:02:14'),
('c4e31d449df3f0ca099b38ec51a937dc87719b96f0f909108c4339ab648a1a91', 39, '2018-06-11 17:23:41'),
('c4f61d667c5fac6263b3cb40e5c0f21bbb3b4b61669c99b81e1dbbe46ed91cd2', 23, '2018-06-13 18:44:17'),
('c544acb0a7c0ff847634a41cd95b4285c8694952ce20be2e0aea70df88c641ef', 91, '2018-06-21 21:09:55'),
('c5623e9cbcbdc0ad6d6d3a4b1ca69095f08a953234c8493a76754be45a735fa2', 594, '2018-06-25 23:15:36'),
('c575c6faf375383f94265acccabf5fb5e3d4f108a88fb4535b2f4700e4356906', 401, '2018-06-19 00:00:53'),
('c596858199a523ab09aabad62611310f8a36d7ac7b7b12f3c8e84deb705ecdde', 228, '2018-06-14 22:55:42'),
('c6049555eca1ebed1223427be3994972850c94edffe9822ecf66364470eef62e', 21, '2018-06-13 19:10:24'),
('c60f1dccbbae54db8858fda5e2ddc73f909f73ce8b704c9661d1ba961890bf29', 47, '2018-06-18 15:42:05'),
('c611cb46f95b8fe129330626f53f3aad962060f90b1b0c07a011b063cf472979', 570, '2018-06-25 12:40:38'),
('c6205671259277fb19efcb0354c3bc6c672bc7a09cc92b76ff14876c144f45ca', 470, '2018-06-20 22:07:15'),
('c6236d0493e912e6ea7b5b702c5f3811da7441c0504c06cadb5a25c8ff8bb788', 343, '2018-06-18 06:14:29'),
('c64bbaf721d1c21cf558221212c87c4920a2e9af7fd2a39b072c5e3d776ac528', 360, '2018-06-19 06:35:51'),
('c651e3840583c0532094246b1016e9a7934afaf5362d4e231f4db5b552c3785e', 392, '2018-06-24 20:49:36'),
('c66295cf7f6875dfb9bb0909169f86576ba4268882f9ba25c137788e37bdaf41', 617, '2018-06-26 10:16:28'),
('c6b38b07fd99071b1d2d33d8df448e9185b0ee2d9495789e8c6c7723d4326cbb', 315, '2018-06-19 08:40:27'),
('c6c4f7c6fe8198eeae33c04d65884e93d61448796d4128e3de12dd6101fd7444', 550, '2018-06-24 23:36:22'),
('c727c70b247d1da713e90d88dcb9f600de3d842d65bcab67d7171843ee67ed9b', 50, '2018-06-13 18:51:28'),
('c75cb7f60fe041a87599218f3235f28c22fa46c268b4f1eed91b6ca1b8026619', 40, '2018-06-11 23:16:34'),
('c76e720197b4d84db0063eb5cbad85982866b3f4dc891e58652596d356f4f0e6', 170, '2018-06-23 21:09:57'),
('c7a3e4abcdcd2df55961b02e9f9aad36c4bcb9b037a4ee839591aebe225e1895', 24, '2018-06-10 23:09:36'),
('c7eb82f4864f33d45b4ddfc2332cacd090aa60de91229cec4f2d0e91c10f328c', 23, '2018-06-13 18:40:42'),
('c8155c4a63fb15e063b669d998d12f54de790f31f02144a384196b282024efbd', 293, '2018-06-18 14:45:08'),
('c81b62b3192d9a6a630d92c456b108fc9707cbd5396584bab4354854e44875a9', 10, '2018-06-10 00:33:39'),
('c85375a306f769b2b1cd787849a3c0ac02b796ec926b40651fe322a39479ba6b', 21, '2018-06-11 13:50:42'),
('c8982505db7e827d4fccf80f265219b13a1bfc5ccf5083d5f72639afe06511ef', 23, '2018-06-13 18:40:48'),
('c8ae4cb102ce18a0e61620dc05efa56af7c70a799a2a61b6a6962694ad97d282', 99, '2018-06-14 01:28:13'),
('c9017c04616a59a25c7e939c3d64b8d1a343758c9855583ae9974ca9ecd4ff68', 539, '2018-06-24 22:10:51'),
('c902efb512fc69e42a1d3a1e83da52d63223f9fcfb09df251ba2045ac1347af0', 647, '2018-06-28 02:54:03'),
('c94dd71e9e6174a59228bc1a169aa72896d5f71a57ee156b32e0c39ad6152038', 456, '2018-06-20 18:54:28'),
('c95580e320e74de7c54905563e64403763695f84a79d978f364c028d5c23f18f', 105, '2018-06-14 02:10:41'),
('c97291b317cc91a32e6b9890c49dfd0ec184737024a9b538564d97717207d39a', 321, '2018-06-17 23:04:19'),
('c9874a5ac60c52071c3fb68de9a0017aade8a07fbdf022d90ba7f016a41de0a0', 233, '2018-06-21 13:47:29'),
('c9921461806dfe47ca506f9b171617f65bc3c422a966eceaec1a513bc5806be2', 355, '2018-06-18 10:23:05'),
('c9f64edfb643e5d459dbc266233b9a68bf4761d1a3fde68c7a627e0bb5710662', 265, '2018-06-15 12:12:51'),
('c9f98044eb26466285f17424e7af6707e81cde8d6aa8f4f7305733c88bcf9e30', 511, '2018-06-23 23:03:12'),
('ca0d207e608a0872bb6ce256d0029b50e7d20b6dd2fab3e6ce6fc8bc7033bf3d', 589, '2018-06-26 11:58:32'),
('ca0e7174a420f7037f5870204603a40f4d658b7604d753f66cd0ea07625b2d18', 250, '2018-06-15 23:21:28'),
('ca34a7c9c45db492cfec211fb4978a87f35a8d3b6e659d4a73db0ef534a9338f', 214, '2018-06-14 22:42:50'),
('ca568566336ac1eff7b03bfd99a052748e9c5244afb7849040356698845dc532', 584, '2018-06-26 10:09:35'),
('ca65246456cbddf7de14cf533c5709f8996eba52ba580d5bbe422878bc1a8692', 481, '2018-06-21 22:37:17'),
('ca7688f168805aa05503644688dc274234111a2ebe5edbdb52b496b93a9d2161', 114, '2018-06-14 09:21:59'),
('ca7bbdcfaefde3e145328f020ba7070639eac702a038234fa29f52e244f8dcb0', 334, '2018-06-18 22:59:03'),
('ca87323fbf18ca30121c01f6ebb3f4f30e2a597f80ae334ee2804750edc28079', 48, '2018-06-19 19:42:13'),
('ca8883a6d76470872b8b4204ef4cce7e01d417d450fb912d05db4f8cdde56515', 230, '2018-06-14 22:55:33'),
('caa69637b411b4b5ebec965b68f97a29bb9b0a97188e366bf2104933116d3ebc', 573, '2018-06-25 15:00:57'),
('cadb049a8a371ab7a561b4fcc1badc79d4a3dc70343ddbd8b3ff756f4a83f681', 175, '2018-06-15 18:57:33'),
('cae1a4214429dbf7cecf5c0d1a726a36ec434f2789600fa91991e235b12ea31c', 359, '2018-06-18 09:59:26'),
('cae42ccb1bfa882455517b4a0bb2fa33a9970aea6a4aeb923d487bc42ce92222', 111, '2018-06-17 22:35:59'),
('caeb9ca31c179645007774f95b4e36328da3825c226709c65c30b414692d426a', 501, '2018-06-23 21:20:55'),
('cb171d7ef06fef2661f985dbef7a1bb4313f4c9c336212778aa9fb2969cbd3db', 589, '2018-06-26 01:14:41'),
('cb6aa36c2317b7a202716c99733a28e750d48c09c5aefaae179edfd855e95b1b', 475, '2018-06-21 13:42:18'),
('cb8347589d6bc3f77c1964d1978d559e102ef778e8b1d36ec2ced696dab58265', 380, '2018-06-21 15:53:04'),
('cb9e2fd35cf99ee134c6df8d8555af57d39b724923163ce08c1d71cb0ccf87db', 303, '2018-06-17 22:45:30'),
('cbabd92750ded817bc03d2198e78037cc7c918fcafc7b4c104dd9bd6490050f0', 382, '2018-06-18 22:51:22'),
('cbff7aabadaf054ea19626dea54a0941ab19e8e1c856e6e63a5ffb319eb78684', 371, '2018-06-18 21:43:53'),
('cc365828b8bac00c399fc228be94c3befcb0ba8a875dc953faf4f2ae80ee3bfb', 335, '2018-06-18 01:48:12'),
('cc894526243caa7462124b059fa50e3901d7275d7a749e37c376e15b97c271fc', 26, '2018-06-12 11:48:18'),
('ccad7e4dd1c65f4725c4b81e4fe9923ba680a40ce08934f5388698a174714c6f', 424, '2018-06-19 22:15:48'),
('ccce5181000a0705535c4af757358434d3f3d1d472f3c8940ccc005927df2d85', 199, '2018-06-15 19:29:42'),
('cd04382186b3546c51067135d684e96248dd74e96fce157b70ed74e01c63840a', 291, '2018-06-18 13:58:43'),
('cd116d371cc5d5220503a8e098e3b33fb4a188b6c8f6ae78816580b1e94d912e', 210, '2018-06-28 00:23:46'),
('cd344801d172bda7fd651d0724715eba7f096c6eb6c3b54acabea67464d3069e', 267, '2018-06-15 11:06:31'),
('cd6285fe6943511da1a6a2da542adbdc0c34a260952a35e9eb694958802c0c34', 465, '2018-06-20 20:18:37'),
('cd8f717e0deb004d43fedc888320d2d707f1edba80f40f1bf3f4b3e2d308d1ab', 53, '2018-06-13 23:04:47'),
('ce2d44ce3f5bf2a16287122baceb91e855d9882da10d9ef90ce75030a8789346', 402, '2018-06-19 00:18:58'),
('ce3c33dc348ad9680a1780241acb6b26bf18083cde36656003044e2ca67f736b', 641, '2018-06-27 22:01:15'),
('ce41152b1262fd0784a80ab38c8714b834f1bd59ffd888908d49d008da3a36b7', 111, '2018-06-15 07:02:18'),
('ce476493f996b9c68b882ef0696e9a127cf28910fe724759e6147031fe8de317', 539, '2018-06-26 02:48:38'),
('ce50ebcb29eafc617350d68602f0347ff9e615b41e27f13fcd4603568719a5ae', 464, '2018-06-21 01:03:41'),
('ceb1cd3d1c39c180c8471573ae475ca5253ad4134696594d71ee06a5f04d565c', 600, '2018-06-27 21:50:18'),
('ceb76db89945137c390a7bcff04387f7c2ebca88fd520cb8d23440b4ea768a76', 45, '2018-06-12 15:36:12'),
('cec88712b9130a35120f10f3298e84ec0661adf4d963001d4c20f2ca6f4f6daa', 650, '2018-06-28 12:34:13'),
('cef478f41af6fdde9c961003c8c2125493d887a3ec77444aa4e75c56b43c3e90', 353, '2018-06-18 08:11:42'),
('cef66fd2bca39b40d7207a927192cf7e004c7010c96b1f01b2551d6a39abff0d', 65, '2018-06-25 21:47:57'),
('cf10e9ba0bb45cccd79d968831aac490cd2175dc0f53630564738cb67c35b720', 378, '2018-06-18 23:08:12'),
('cf1b69f2344dcda587b9fc0a92a8b7d80051a2c9f32d307b503520749b19f033', 633, '2018-06-27 01:15:46'),
('cf1bb9a8dd690429cca32cd2ba132555a2bd008425d1bc5f4a6105b658fa6539', 412, '2018-06-19 22:35:15'),
('cf2d1b6b27480a081510424e864eced1885762208df071993a89727472d3c7f1', 111, '2018-06-14 08:22:38'),
('cf3dc25a17e549c3a248ff0e867f65d1d17f823537cb19f71d7b6b1cb116e8b3', 380, '2018-06-19 22:14:03'),
('cf9e8fb408179defdf4ee1be8e1229e00994d34cca633dd457654b682032ff38', 73, '2018-06-14 00:00:47'),
('cfc2b9894513ff263ff6f68c9d1443f807017320b6853511100efb6ee7a87235', 302, '2018-06-17 22:45:25'),
('d00681169e762fb0e5387c96491d4ed4800907529a4b9505793cdf7edd7869e8', 410, '2018-06-19 10:42:08'),
('d03bb80e761d92c907732a9c49adf74d4ff7d9ba01a1153a6e8649d67dfe57df', 36, '2018-06-11 04:45:35'),
('d055a45a14750af5dd81cb9eac0a4a10e30c48772a19f883ef0b2699074fd5fb', 233, '2018-06-18 12:11:08'),
('d08c7db87cb148b1a4c27d23477c977eb25da9d8ccb1753af89c20c2110534e8', 238, '2018-06-26 09:30:08'),
('d0f5439e785eefb36fa68c2a6a4e5cabe9b4b8792d4d39bce3f42dfb2eca8598', 327, '2018-06-28 00:56:40'),
('d162f229bb1d3459dee6efd52cddcb7b0329d6d89378ea55236cd264bb0cab2c', 266, '2018-06-19 18:29:42'),
('d18fcd6c0ec5bc9c7e836c27d25a0a569f7f9a01ac0a8c1a1b689d7143a81b0e', 586, '2018-06-25 22:44:55'),
('d197076f77e1cc1a84e650e63509a0d250d8e290f5a80ea7dae62908b7834d1c', 620, '2018-06-26 12:55:47'),
('d1b452824247bff654b1c1a3d54c82521c2cba067b01186a0c6a537413732480', 47, '2018-06-14 20:14:58'),
('d1da67e84d6737fc6e5f6dc7aa9da06d6bd11e0acabec88df9e396a1c8c1ef53', 380, '2018-06-22 13:43:56'),
('d277002055b00fa8f80b339c3580fd24281d2f2208ee6f9b2c8ec5a9d5e29d4d', 181, '2018-06-14 22:26:31'),
('d29702dfa4227186f6cfb9c6f89476d33c35151472851e7a63e77ebc22de048b', 451, '2018-06-21 17:18:35'),
('d2e2ce5f29af5339b181d91aae8ca5aea1e73ed235849d909c7603889e070f6a', 522, '2018-06-24 21:50:04'),
('d3f4d285f468ccbd4a3a4a09f8e74a3518d9c615d68a26ef778190237901f567', 164, '2018-06-14 22:22:59'),
('d496df7b6c6a38535eba4f2dfa8b24f481e5e21755436676a6d03a07d0318f1b', 206, '2018-06-18 23:31:11'),
('d49a3acfed92d6f0123d6e834507305468ff732b8e472adb572a21269e22c1e8', 47, '2018-06-13 18:19:49'),
('d4bf3be35bc80209e3ca4ee9084af14f29f688047317e4d66471446c592c85c1', 32, '2018-06-23 22:09:51'),
('d538994cb49eab133f7f58a0acee4301b0b0e12561ef5c070e6226b406acbb65', 259, '2018-06-16 07:04:46'),
('d56e81ac17af6a01ed80d00a3409cb0273c14ab785a5523b32651704e3301d8c', 558, '2018-06-25 06:56:11'),
('d5ad7236ecca67b87892598999a5df959412a704a34a6493a8a3466047caaa22', 217, '2018-06-18 12:23:34'),
('d5c4f623e64857d99f194088203f866ca05f48f989f43506198cccd7de9f2b4d', 34, '2018-06-11 01:18:08'),
('d5f66c0d7b1f0dbf187835d2461a7260ab2d37b1f83c194d1b695d734b351a6e', 439, '2018-06-21 22:37:34'),
('d60cf7d38a019a1e9adea3818946a572218b77d4513352a81748390f3ce711bc', 374, '2018-06-18 22:42:01'),
('d626f74779d75771fb986eb575db7aa6d7e7fef35973d4c53dc9c048bdc5cefa', 177, '2018-06-14 22:24:45'),
('d66a11e9fead65a6ed2d262e3d04d3f5b76aea8119076455bf98bc00bb910e7d', 539, '2018-06-25 07:26:36'),
('d66acdb85c35c066691387603d66c85d0df57146269a6c55c33c6a7caf1a429c', 373, '2018-06-18 22:41:15'),
('d67fbc8f7a03826db2a38a9876bfb6d9d41e19479443239ebf10ddd1ec4964a2', 307, '2018-06-17 22:47:56'),
('d6f7e6a127bd041277efabd279dca09713e5dba96359811a75d32f89ad56f83d', 124, '2018-06-18 15:11:05'),
('d704ae4c0bfb7c050412ac05e5a675966f090fa759f61b0797175ef30c47a785', 227, '2018-06-19 11:20:54'),
('d714c1e0c2faf7413ef8c93cba43ca77c7237445fcc7c479ee9640416e4252b6', 128, '2018-06-19 00:02:34'),
('d7260486e3cae056a98e202683cb9b38b65c02cf4aabcb15ede1dfaa52884bf8', 163, '2018-06-14 22:22:41'),
('d72f2e56501ff9d8b61d7def000f2dfe8fdbb20ba805c2d701f150798557c28b', 64, '2018-06-28 12:30:10'),
('d74e8d71d977d5e9a4dbd114d9607e6c66f7494d8cdb216fd72223a15cbfcf40', 65, '2018-06-25 21:45:43'),
('d758e1fa5fad3d445cf834fb905cc491d9940ac8dd82c4115225bbe305b7f5c3', 26, '2018-06-21 14:04:15'),
('d77b857649e8caf9374e145dad0efa27a9bb56f778b2b30ad22966f8d2cad78d', 45, '2018-06-18 08:56:46'),
('d78aaf5485198b0f8a58409c73f5e35f0ee5b0c660c0b4f5ba2ab3021130ebcd', 124, '2018-06-17 22:27:41'),
('d7dbeb92eb3dabd53ddc94bdd21af0b1627515f38a820547421b8c97f62e07d3', 21, '2018-06-11 13:45:28'),
('d7eec4dc920629b5d96ef6dcc4cf8d8fc283c24e2c40f2d38b4cc3f043ff5c8a', 464, '2018-06-21 16:32:49'),
('d806f15b3b8c523c9a848245c46a2ac323abd3e12359a1b0bd272a8b045d972d', 262, '2018-06-21 09:23:12'),
('d80fca9d50a6ccd6bff74a82887eef0a2edee3dcf61502d2428e2f9ca5f84c12', 239, '2018-06-15 06:50:01'),
('d8431b317748c0b84377bce93698bfd5ceea941745fae9732e5ef5dcc301450c', 283, '2018-06-17 22:31:44'),
('d84792fd31c2a1684c866b77d8fd3b34909c5cc3362d4e9c86c2a5bfbb0070d5', 293, '2018-06-18 14:39:23'),
('d87e166d97e988e4433ec8c45ceab178e4c90c50f76e4b320b59b18ccc17981a', 21, '2018-06-19 11:05:15'),
('d8c829b907b1163759c491787114e09e247fdefc5230a358f3d4d25d3efe517e', 9, '2018-06-27 11:50:13'),
('d923537010ed1c82fff35b064384d0842bc374b37349b80cf498347170ab1573', 336, '2018-06-18 01:47:10'),
('d9881406cae02e440a86946e193bfa64d1ac068bfb025ce1e2bfc49b661c09b2', 183, '2018-06-14 22:26:51'),
('d9a4602412f4bbef2abd4d78d88da583d7aed54066326b2a495ea96acd283563', 266, '2018-06-15 10:57:36'),
('d9c761d430f1bb073b7bf04dec93bdedf36dd8c6f6620aaacadf73d58d29cdc3', 472, '2018-06-20 22:16:41'),
('d9cf97bc636b44836e4b66f786e0aa474b30e4e4fc5d9dbaf33539ea5cd2ec2e', 236, '2018-06-25 22:28:23'),
('d9fc0a6600aa2e7ba993a202e75aa473a50607011c88f61fb9bcc4b1c0a40b5c', 50, '2018-06-13 18:48:27'),
('da50a2f48efdc702bdf5de693f91e8e0eebbbeccd1ab118993b3fbf41da3c887', 280, '2018-06-17 22:30:08'),
('dae2c030b40683be60bcc45b2cf39aa52623d76d36bbdb13c19ee7393da44970', 145, '2018-06-20 21:58:35'),
('db2cac1766632dd0daa2d0af8f5f2679363302dffa9f31d19c83aff10f3e3f96', 157, '2018-06-14 22:22:09'),
('db437dd3bd05defaebc1e9db6dc8472160aa89bd50b6c5cac991cd9d479f1701', 274, '2018-06-17 22:47:16'),
('dba58a6f275c300aef445798f1609a15784fb9853965a7c613a1d113f1c14208', 47, '2018-06-18 14:21:29'),
('dbb6e79fa38d7851f660bcc5b7d2d84b87b0ca4c91dba2d3e91fbe86334f524a', 544, '2018-06-24 22:10:01'),
('dc4485e1248d96c64f645c752227acd33c32f71ff4cee493b7fe40621acf977f', 452, '2018-06-20 19:43:00'),
('dc9a57adb70ed90ecf8612e67bcec2df00f7a021374f58020e9e1426c9f9edd0', 434, '2018-06-20 05:40:15'),
('dcfa8a105714878251e10f064758981f903292eb8cb3ae8236a38c9a061384ef', 276, '2018-06-17 10:59:38'),
('dd09e3028ffd1402211025d22bb468c5167a753f61266ab1d9e22dcfd418fd17', 575, '2018-06-25 16:49:18'),
('dd2a8b5252a2c9077afdea3c103c76b8f7e0db303002a2a07d853866a590a26f', 462, '2018-06-20 19:53:49'),
('dd4356aebafe6a7730991bf882582a255987bd6d34e18827a457c82840798af6', 21, '2018-06-11 13:44:35'),
('dd4ea4381d8e495b1783c8189796ffa804801f8b4b4d18b1196814f01207dec7', 346, '2018-06-18 06:40:53'),
('dd5535e2373f5fd5c702141f02c09141c51786e78f9997ab732d5f377843513a', 609, '2018-06-26 10:41:30'),
('de02e3cd29e957eebd708b25e002abf370605e388871a9eb62f8981495cc17fb', 609, '2018-06-27 16:29:04'),
('de083fafdcc4dabb546c16f7ab3d67f0d04cc086122b895621a969134b9f2628', 214, '2018-06-16 16:41:56'),
('de3816633c91b165b3fa10794e5c7c1e4b081a997a580fa8b79a7ed230a2996d', 320, '2018-06-17 22:59:26'),
('de3dc2c46706940cbb4c0d0d2865739bc832dea2ca1120cfda88e005666e89bf', 194, '2018-06-14 22:30:10'),
('de87156a44ebadeb00731db96f683fd9be03049a6c487e7c7ecfdeadd17c7b6f', 252, '2018-06-15 02:52:36'),
('de898487daf7b1ac1c088bb73fffb17d6d580c76a7db5700001150751235a5f4', 200, '2018-06-15 08:25:49'),
('de9e06c2e9446b3eafeb9ca021ac8e41b1cb1126d4a26521a4718a0cc84cf81c', 295, '2018-06-18 17:34:56'),
('deb1c97c0834db2980c77bdfd39ad9a56bbe303d12e9419c175d2d86740c045c', 397, '2018-06-20 19:30:31'),
('df09a8567ab7761c79515250b833ae56fa76a96ef096b67eeb0ccf420087e876', 1, '2018-06-09 23:53:25'),
('df163e03dc9f1785b1844f804ac51ce100b0c1fce3a3a0567745dae7ac9cb07a', 216, '2018-06-20 20:34:51'),
('df167f1ae5cf1edf365b3dc977f856590ff3e8e3f55243a4f2164d11b8e14b0e', 293, '2018-06-18 13:27:55'),
('df419f8d48a950268c72121b7b531646af64bc77df060bba505fe8f4e1714ef9', 464, '2018-06-20 20:01:38'),
('df50696e589bd8e85c344780f4730c24bfbce9bc767e0a85ed39e9154dce3f48', 636, '2018-06-27 06:01:10'),
('df913e936e14321fc73d222bfcfc9379ab6e815cd610093aac7d4a9b0d187160', 72, '2018-06-13 23:01:08'),
('df9f564d46c16bc556b835332f32a4f1b5e7daf0810871ea503550227c60341f', 234, '2018-06-14 23:07:42'),
('dfa919885dbadc5a8e399973a5f7a83f4941e9c4ddd090e785254441c1810c31', 510, '2018-06-23 22:46:52'),
('e04ccd552ab0547e99efdf6dc9598a4ca6bdfb963cc1d72f99fdfa2bf10c1474', 162, '2018-06-14 22:22:39'),
('e0688556e4f463879236e2d45889e07d774fc59bc9a25ec656066429c5b1bb6d', 403, '2018-06-19 00:27:28'),
('e0d71012181b95aab564309f1b47149a79715438326892419b4ba654604bca04', 81, '2018-06-18 22:49:36'),
('e0de774c8cc51cef8de2fc619267eaf805f2f0f7736bee16fcdd0a44048c79f5', 278, '2018-06-18 08:35:31'),
('e126d77f95fc65cdce126d056416b94b50f96a4c20d22552429109afcd5706c9', 21, '2018-06-11 13:45:17'),
('e129d7114ad803e120539e852be8d7602a57c111cd49766459bae67d82cfac88', 231, '2018-06-14 22:56:23'),
('e167fa0a52ad13c0dfd9bf3c8170bb098af03b41d8d75a717eef90356f92407f', 366, '2018-06-18 16:20:15'),
('e1d012d8563103c98aedcb78baeff401996930c2d069fb4a558d785fc8b21c6c', 413, '2018-06-19 22:15:29'),
('e1d53e399d568ba9be38cb786eadea36f9546595e013e901ecbd4e435ab73bcb', 47, '2018-06-12 16:28:19'),
('e210295f6047b1756f28eeb4da70cea735294d12d34fa3822b22b33d3783bcb2', 295, '2018-06-25 23:59:51'),
('e2283565bbd519f76d4081e497dafb5c88b32a1a77e5703467da5505ef059509', 457, '2018-06-20 18:56:17'),
('e250029b17ee7a0c1e63d03aa87e9d66bda8b3816de26b737ce3d0980944c9b9', 159, '2018-06-14 22:22:28'),
('e2a1b0406dc6365a0333f054b9f7d60683d8062cda9e8095a6526aa24f6694d4', 569, '2018-06-25 12:06:34'),
('e2aa1bdffdbb341dba96060843608e9c829ffdb671b35398c1c564aec67d9eac', 295, '2018-06-17 22:41:27'),
('e2bb9bb713cda59f5b0a74ad7c534438411f0f60b4b1fe9a05564c973f9002f2', 653, '2018-06-28 13:06:49'),
('e2c397bdbc673fa36c7ba867dcd1f4b8d1b2a2ca02f47c7625f8a198c4af741e', 67, '2018-06-13 23:48:07'),
('e35358da77c0b4849fc475089211fbaca26100115b54fd0b5bc4e5fe02808244', 49, '2018-06-13 10:41:17'),
('e37e694c67dac2a1ebb7199ef4fe766874f17b56b6eab9e15d2d094caacb505a', 406, '2018-06-19 08:39:22'),
('e3ec6e1a09017daa96060965b011d06c8e0a8b74c841ff6931f663a6c069f7f8', 434, '2018-06-20 05:41:01'),
('e41f4b41b0798ff14ad217374e2f6f0d1a64cd59197e820131ab77fa58962941', 408, '2018-06-19 03:48:05'),
('e43154d897aa8653145228f9bf5c805702ace4a38e6d298055d90f5878f1fb2a', 284, '2018-06-18 12:59:51'),
('e435c8539bd75b9971fb53863041238f8a79e389c9283ef89db46527497b6089', 565, '2018-06-27 13:30:38'),
('e445e0781e4be8fea43ca93e40c6043650a017deaf432d19a8f2ec79e1710961', 458, '2018-06-20 19:22:27'),
('e4959175a9c25fee214bd1af00055a28930a4140794f6ccc6b8eba8f350d1949', 376, '2018-06-24 09:57:55'),
('e4aa41e9675e2a17aec489bdcc7af4b285cdd9346bd33eb72ad9228dc68189d9', 489, '2018-06-23 18:29:04'),
('e4dca54d32d5087d9a87d8b5a545c5fba7245f1e37d5692d6c74116f86544798', 160, '2018-06-14 22:22:30'),
('e4fc707e40e22bd253ebc233987eb65eacc4047104b486ab9adf2825b8897b9e', 499, '2018-06-23 21:19:53'),
('e5011122919701784899b199b357ca909e2a611fff4cb426c0295fcf9ed2c044', 431, '2018-06-19 23:30:56'),
('e50e96fd6477ad2c166222e7c1b7a3e960125efb6d3a7c0f0a837ffdad1f5848', 39, '2018-06-14 01:05:29'),
('e51c96e8c83332fcb35246d96f22aaa26bcc81be8eeb34c91528c9a3592514c3', 83, '2018-06-13 23:31:45'),
('e59cbe0a5cd5a9dcdaea02d142fa7fee95e389fcf3aecaa185bc253417cbabb9', 343, '2018-06-18 06:15:05'),
('e5ec2c7c903f5086cb70e6f7f606c2db9911111fde3375c9fd1eef06adb2fc9a', 22, '2018-06-11 07:05:12'),
('e5f931b8a16ffb29697ce1a416f5e1a5f8c48c9ea4e37d8c7c47a96d52402895', 472, '2018-06-20 22:21:42'),
('e5fe008f1b9daf675d2efe4104066878144bebf8ec02a5782f229b98b46dbc72', 364, '2018-06-18 13:54:29'),
('e6003a6d3650fd78f3d6fab305c193ea5103acaeac294a0a45cce39232bb3a50', 380, '2018-06-20 18:56:43'),
('e62885a79161d9caa43c757e8f047184fde39310c9d638b27434316c130298f1', 534, '2018-06-24 21:56:07'),
('e630d2d772986bc566109511ae1a7055ac1c71b70b31f4a3e8c2f982948402b3', 530, '2018-06-24 22:06:16'),
('e636393b02cd87b2ede1c1676fec05a838618c28be1a190bad784182b0b0ddd6', 403, '2018-06-28 00:39:46'),
('e64972374989a105c03076f3cb91061c70992c87ae5f7fbba30112ad3726b186', 262, '2018-06-27 12:56:43'),
('e6930d963285db75d59725ddb78168267ed52cc1d74f15228a1ba3098d8a15b3', 480, '2018-06-21 22:19:34'),
('e6c7364d52a1a14afdad34b46e3de1917c2fabfe0d7e135b894868875469f162', 558, '2018-06-25 06:55:36'),
('e6c7fe9f1cba96f3864b82dbcaa8540ba8ab176b4c8b792b283ddfa68b568081', 291, '2018-06-17 22:42:59'),
('e6ca392e2404dd3a5ab75f00103902c0221a544520214ce25af0296d005a963a', 47, '2018-06-25 22:43:43'),
('e6fde2866c282bc05a5b11add1b4ddc06efd366281320b0a1a48c360f6ec2de6', 344, '2018-06-18 06:27:03'),
('e713a83c347839641e45ea22c4a577dbbe0570735d13917639286bbdecf0657b', 498, '2018-06-23 21:19:29'),
('e750490400146fc3e72b69bb45acff0ed509428af4d426a1957c19fb9e445e51', 81, '2018-06-26 00:11:51'),
('e7685cbcef9adcc86393acacca3c6355cc09c8aef3215ecbd09892514b60d87a', 1, '2018-06-09 23:53:36'),
('e7c60d7898508ed7bfd765f7829df7d4de24d1a9e34e947ca8ae51c1d041860f', 48, '2018-06-18 13:01:24'),
('e8115e823f74c596388fc5e56eebf821e306020bc7cac37b99ceb3fac9c447a2', 646, '2018-06-28 11:22:51'),
('e8721286561a3f552bc9401b6c7a85912f8cd842f42459b87990c906ed33b8d4', 211, '2018-06-14 22:43:33'),
('e88020b598dd14096afb1cd63c18eadd83f142f7811c756dbebedb452783a6dc', 451, '2018-06-21 17:18:36'),
('e89725d9b03fd4e0c63f18cd605ca8fdb56f1068cb5e1fefb2fdd7f38ff74de0', 504, '2018-06-23 21:30:00'),
('e8dc9b63251734915efa4fe5b51222eed0031c660d5583a2618c0437db487b9b', 138, '2018-06-14 22:18:50'),
('e900f007a125d1ca55d86445ba6e0508164a40c1df3eaa90899d80b0bc866a1b', 539, '2018-06-25 17:03:53'),
('e94b5661e4513ff824d989d8f1d129d6c1ced4f037e850eeef53fcb5dc56d810', 446, '2018-06-20 18:03:20'),
('e99de39d5bca67bd4607d330a94973468be0a3a5f44b5cf5e362d4ef69ffe602', 356, '2018-06-18 09:40:46'),
('e9b2f65d89d3164ea23635e1c69028ff1eae425df09d7052b038b5b9043e3bc2', 172, '2018-06-14 22:23:51'),
('e9b44b208c13536a045f7d726040b66be4fe66cfccfcbc2faf064d2bf2b1e195', 226, '2018-06-14 22:51:37'),
('ea380b65a67016ffff4b81fc982bb5d0f976bc565ea960d6dad6e9d346a950b9', 23, '2018-06-28 11:45:25'),
('ea4168ab42a20a40ba21edbe82ea3cb5d9b62b85920ac0544b09daefb21c684f', 262, '2018-06-21 09:23:13'),
('ea603cc35bf7f5a4442aabb702162935a1f37378af33deb4492552ea80ba6545', 451, '2018-06-20 18:24:42'),
('eaa36ff504c9522bfba33b00276ae7320fdebae7e0a74a69d420533ee6187946', 249, '2018-06-15 19:53:52'),
('eab132916251e18e239ac260cb94b4eb0f9e808fe898ca6db859837bdf2662ef', 521, '2018-06-24 21:38:54'),
('eab3a7b56a56a077a45d674b33d160271415d0bf0d94b0e8f624694e0a8602bb', 339, '2018-06-18 16:52:17'),
('eacebbeb4a04978819471f0bfba727a6e6d5abcd45a5e68f68680fef9ec06622', 52, '2018-06-13 22:53:57'),
('eb51a00322757197aad16b6acf8e68781e559310d851a5261694326d8d1e3d82', 169, '2018-06-14 22:23:30'),
('ebed8ea32ae24e44dd5f60e7aa671a8be7cc38b9ddf8e3d8c383726bcb943ee7', 422, '2018-06-20 12:10:16'),
('ec094a5f28ab0e50e90dc8a0e8c4b265e5e15ea9cd9c137d13593950890b80c8', 270, '2018-06-27 23:20:48'),
('ec0c26df9aeca535707f39a1fdb225fb029a9ede31249695638f46ebaa0e4b8f', 566, '2018-06-25 10:57:17'),
('ec1098eeb5ce8f777067e80c0f51ecf78c4ac2d891f1552b0037d6d457657df8', 459, '2018-06-20 19:36:28'),
('ec24d9ec3df7c0a7fae1eaefb560b88b630dba07872021d5d647fdb4f7b56f56', 565, '2018-06-27 13:30:37'),
('ec6d34535b014a1a6e7c75bd1fcffbfebd26804f15271f38d3ab2420d536608a', 145, '2018-06-18 10:23:40'),
('ec8f222d48211235fa5680336666fc54ecfacbaa99be0d367d644fb41f7dcffd', 21, '2018-06-11 13:50:44'),
('eca342063ebb93b955f92123172dbbf98a5f81127aa6a2a783129c2bb1778e3f', 217, '2018-06-14 22:38:59'),
('ecb136f3b760505c1f91d6f97160107adda29b768c6a14526ae7002fae1c435b', 291, '2018-06-17 22:43:41'),
('ecd956043ea2013ae902994e5d30f3d2bf4c76f99c37e0e6b941655954cac5e1', 65, '2018-06-17 18:10:56'),
('ece1911c1a9d792215bfd617c4543f0bfa9cb8a869d07c58bb3d3028ec9f5c2d', 649, '2018-06-28 08:58:30'),
('ece8599f5049eb19923c2f39f7cd32dcc15944e453b3b6b9091443cc879649d3', 319, '2018-06-17 22:57:48'),
('ed0e52c59010e74e872d060741abaf53202a6285b69533e8b809e8a81fca2f1b', 451, '2018-06-20 18:58:25'),
('ed1516eca523d2a07f4415764ee7f09f90c36294731f56a9c7a983666e79af0b', 210, '2018-06-17 22:08:40'),
('ed9512b105f283cdb5067619eb9f60ebf24f3e88ca3c878356ec72a74a38ad4d', 589, '2018-06-26 01:14:40'),
('edec8863dd9fb82f44731559a7233f31a0873c51c1ad3b5c2c5e1dc2ebac8837', 78, '2018-06-13 23:08:58'),
('edfe17aded6b2403772384650d4dc7973124b40efb33128f36c5f7875b39a030', 361, '2018-06-18 11:04:56'),
('edff085103fec65affaca097845bb111c7b512350f288560cd437c31e8ed4b32', 15, '2018-06-10 22:24:11'),
('ee5c597f969923b97f1c3bf8b9c6f3469f44abbf7cbcab080754e0088ed960ec', 482, '2018-06-21 22:48:51'),
('eeb93b0c0cff97af2c1bd4b4bd77bc25103648fdef656163053a0c6a5b59c60f', 575, '2018-06-25 16:50:47'),
('eeda113c82b9353f867a0dc59f8d035f319b611f070f495db192955fd2a5271d', 624, '2018-06-26 12:56:08'),
('ef656f71b850bc589b4d1b84f9c902d9456ad0e26298ca949b7f2f712fd5f0d5', 245, '2018-06-15 00:50:28'),
('ef7441fdcf64c07d50c975f465aac20e9941fe2960443fb1533534aa8300cc7d', 459, '2018-06-20 20:36:48'),
('ef98cbb7b7263cd63533ffa893b0c55413fbb869d0cb221703ead802d7f726e1', 349, '2018-06-18 11:26:38'),
('efcba199f9bc477281f5e42eaac80b195f2ea312b2dbde334b8850f0df58528e', 295, '2018-06-19 17:13:01'),
('efcbf9183bf1628181397f88838f74ddb3de6df95beb258362921cea71ee7260', 43, '2018-06-27 23:05:00'),
('f005f5a116abf66d9e23c8c7c98eb0bbbf3507b8f476bf188040e3eaafc42625', 447, '2018-06-20 18:06:40'),
('f0467494421e57520a12d71cc6fb83b672698a409f662c6e9a2165466b3d7ebc', 47, '2018-06-17 23:42:55'),
('f0ac4ab01ff3aafa5972c2bc5f35f11ddce78f3a103fcb9c938bb73b4d1d9a43', 291, '2018-06-17 22:40:34'),
('f0ee999a807b040cdb401e14aaaa5a416b75052b6d733cc07ceccc59c5078ae6', 612, '2018-06-26 06:26:13'),
('f105f447e91a2d6a8651401ffef35006d172e7ee44e314e5e3c64470ab386844', 549, '2018-06-24 23:34:06'),
('f15aa21cb441183e76cb77c573df0b140bdea0c0e9628e9d5c200fcee86e7ef4', 35, '2018-06-11 01:20:03'),
('f1976457e14eac2f258f420d463fc1c44e97fec91960ccddcb414eee15e2f851', 363, '2018-06-18 12:27:23'),
('f1b1471e28fe472cbd117fbdc7d6738229546b9f4371d2d0727929c82e053980', 556, '2018-06-25 06:14:12'),
('f1d4fb02c3d391440a4893ef77ba7297fea63845786904cc3fbd82960e59f57a', 347, '2018-06-18 07:05:51'),
('f1fa97a230e31c4d8e67ff1c8a095a90b22c9c22ca15eacf89ede23d751d6d82', 317, '2018-06-17 22:56:22'),
('f2007ba6be5abce685ccdf6878ba97633b40458c06c3d2ff3c6deee8e0b50563', 20, '2018-06-19 15:09:28'),
('f222953b969fc12e399ad82613384af5e76adecd4fb5f7c70ec4edec26471cef', 453, '2018-06-20 18:28:40'),
('f2731a0310f074619eacbeaf898d25954069a51b640ad0ed9382986597785f75', 351, '2018-06-18 07:46:34'),
('f274ffe33b4f0fa6d6e4b5db12c39fa93fc2ec9a27319c78e3d4e2a5a9446369', 423, '2018-06-19 22:14:08'),
('f30af78d5f24cad155b5311ef2fd101137acb281a1772997b33235099a467de8', 288, '2018-06-17 22:35:11'),
('f34c602a7fd1e629f4c1f70a6ead71368490782712e5ea1dafe3d14169a48335', 324, '2018-06-17 23:22:18'),
('f34e5f87ab1d29cfa19cc5b17366b9065881a3f4751c31dd29efc11eb74949c5', 531, '2018-06-24 21:54:07'),
('f35f0370ebf94285ddd750d9f6202b03af8dc315c4b6b211f50951a2b03cfe6e', 8, '2018-06-10 09:10:38'),
('f378879cf72c7ab310a87e47b031b27bc6f94d8ac80cdc414ede0c16842dc3a4', 616, '2018-06-26 08:03:40'),
('f38f4e7e197200173c7a0ccc9fc4946d5a3b1323b509bec5d43799a3aef7f38a', 503, '2018-06-23 21:29:09'),
('f3d3e43518c0fa924d43554ad1b18fddd8bd01d1d3b03f97378e90635f0ad3ae', 171, '2018-06-14 22:23:43'),
('f3d876e57bbb167188696c8060536e50d2b78e2cba3056fa517b4797875a2beb', 466, '2018-06-20 20:24:40'),
('f44210a344a049789f478c2596bf9a6d1eaa76edd5117171c177e4f98ed802dd', 461, '2018-06-23 21:17:51'),
('f473304cbe6f4ee252eda133f379764b54d34fdd6348607d95e1bf18bdc9fd61', 172, '2018-06-17 13:50:39'),
('f47f74dcf7d594cdc9009244408c4e60295ad25702cda1c9fbfb28412b72857a', 594, '2018-06-25 23:15:49'),
('f49a99f67102bb5b31ae13d22fcaeb3907877cc9937e8d56a959f241d19ef1b6', 66, '2018-06-28 07:58:15'),
('f4b59bf5fdfbcd60032955be58ab6a3e61235a103fb85a178cdb3c605700e918', 539, '2018-06-28 11:48:37'),
('f4be823deac0bf607a99abf7f00b61e9f45331a775536cf6534c9b70fb906b67', 282, '2018-06-17 22:30:44'),
('f4f426ad80f28728ad6d28387063ecaf637c61ee4620df652f41f803593553a9', 195, '2018-06-14 22:31:21'),
('f5584dc7567e557230bf2989742a557243538b5c6bfeba7649dba3f7359cf850', 419, '2018-06-19 23:25:08'),
('f592cdf75dca20c7ba08941989716f9f73a0cb9ab3db011277a6b7139c2ee853', 514, '2018-06-24 09:29:59'),
('f5c6e6b850bd549734ae427470f64e1224568cd6fd7e93045a767d57075f2ed7', 153, '2018-06-14 22:21:54'),
('f73d2275abacd398d0292e13b5c918bea2d5dbeee635848cf5808ad192b952ba', 7, '2018-06-11 18:59:25'),
('f7546871ec20a136cdf438413be81648926ec95ebc470383068542ff420035b4', 142, '2018-06-15 17:46:18'),
('f7eaf9e733aa06bb763b1789e5b9c2e34963267f4f8c70d5847ee2bcf49ce672', 168, '2018-06-14 22:55:08'),
('f82ab5baadf568ff22872262d267b237f048c15075733c9401f80c81c75a6abf', 187, '2018-06-14 22:28:47'),
('f84e0f629463a3a18e2eb34f8f42a131cbe600c831ef025f1b1bc35e81bc0d3f', 449, '2018-06-21 19:05:40'),
('f8e6315ec0705ed34a3c85fe244264fb7a7ce3ece136bb75628c384cbf28d5a2', 307, '2018-06-17 22:49:05'),
('f8fb4cd818aee1fb59966c6500bffbebd72fd449cc9e977f4db86191e948bd2f', 404, '2018-06-22 18:05:21'),
('f90ba104112164be2292edf9d30efdd4c48771b4ac9dbcb5f309a3fac07bbe9c', 270, '2018-06-18 10:24:04'),
('f952f8eee66e5363899a356f159760e4742cb6e767f902c7e2b4a0359d059c18', 310, '2018-06-17 22:49:04'),
('f983031c18679ce32c12b53e56352191c3dd73b34b6540171a32c09f866a7156', 125, '2018-06-15 01:20:30'),
('f9888aacf5eb331bada18e4891a9cbee9c81cf54301f1bd5a611d4d0c766a97c', 257, '2018-06-28 09:02:18'),
('f99a5d8169bd7cc0ed76c7def3d42bf550e68005b7a33936b324351df92eb483', 39, '2018-06-11 17:23:32'),
('f9b981a5b78c4d5afad7187e9862e6d620260244e90845949ada44305bd48e18', 565, '2018-06-27 15:24:26'),
('f9c8401530cc9daa7ca4c731ee09689ae23a574884fc5bf6580841c21af64ed1', 591, '2018-06-25 23:02:36'),
('f9de96a5d17392d7466c8f1f632528b4f1b92eadcf5279bf663edba2be52cad9', 562, '2018-06-25 09:01:10'),
('f9f88d6b423cbf2e0a7be71e14254596dae1da6ddf2918fecaa3150b14248a4f', 47, '2018-06-13 18:28:32'),
('fad2cb323f6e75a26679f49c6256ba9457d27b5f4a262f90becd1a31d1245af8', 493, '2018-06-23 19:51:39'),
('fad7be3d382bd3a493cd92d6de56ce573061e1b3d0223220b8356f66f7127cdc', 410, '2018-06-19 10:42:26'),
('fb461b1070c2a9954284af5cd2eff323cc83105f4af5d3c1269a23efd294fff3', 640, '2018-06-27 21:39:34'),
('fbb905c983e622b37bf8d116e5f15e2bbd6eb5b440e029152635f470a5a104f1', 539, '2018-06-25 14:27:32'),
('fbc751bb2e638a059c53ead8744458635eba74a0213d81a847f9814720af191d', 283, '2018-06-17 22:30:54'),
('fbe259006508b09afecc09a37a7cfb685cf82f041d30676aa15e2b778a9497ac', 614, '2018-06-26 20:44:58'),
('fbe5d29eb0c228b6cd81e303ee090f914ced8a11f2d8d59a0f296150c3983a77', 113, '2018-06-14 16:46:05'),
('fc2595bf3f1d97405a9c4336743fab3f2a31ee2c712305960546814b92ddbf08', 297, '2018-06-17 22:43:59'),
('fc8585ff0670e3423852bbe4752099e7cdbb116e2d5f9342810fe829b461a823', 48, '2018-06-18 16:47:46'),
('fc8a68aabcea80c280a5293b27fe93a3eaec382d99ff4bc862c3001f9b1bba87', 300, '2018-06-17 22:44:43'),
('fcba78fc4d83f62646be278cc07fa20e6b9d21fd5e1834f7e38c59c6274653a3', 433, '2018-06-20 02:36:57'),
('fd302e03d0a5077fbacd463939f1e1b6045970e7c1f7caea5e18fa40299aedf0', 436, '2018-06-20 10:04:40'),
('fd3a2c2a9beaf466544bfa912ccfb24e06b3e4988c9cd285d9998a40cc1e5418', 544, '2018-06-24 22:11:02'),
('fd64f1470a50ee5610e4a3041139f74359859117ac4a7ebe5de5efc339aeffc8', 449, '2018-06-20 20:16:19'),
('fd8115eb05a50ff4544a342ea75bd50b57a89aebb354a8ec0ef39ffcc325ef1f', 407, '2018-06-19 02:42:38'),
('fdd82c4d98fe52f120e7dcf86ebfd76ad0fbf8cace66a8602d125a7fcf4e7d7f', 26, '2018-06-10 23:44:59'),
('fe032f503f4f328889c8dad9c9e807b9dc0f4dea0fb3b17e2fca6aeb2ca8be85', 20, '2018-06-19 15:09:23'),
('fe3133f520a1dfcf1356c2ee9af4462a0c45739ae181493c61b515b8fd37dee4', 596, '2018-06-25 23:15:48'),
('fe4d7c96f5518d43314db1e7f7a1c99ad86ac249ed37c65f6b3304c762f59883', 23, '2018-06-13 18:40:22'),
('fe65309b6d626349ad5040e37bb09e8d4fff1eab58ecd8b23460dd8ef5f17629', 391, '2018-06-18 23:14:51'),
('feaef5f288af8c8e9f7a42a5504576629c6ea1ca39bb0ee7a793fc435c82eecb', 62, '2018-06-14 22:49:22'),
('feb0dbb64de81a4ff5dc7cd1d1fce31351d771310f49e95c441088ef5c25c0b8', 154, '2018-06-26 10:16:24'),
('fef04074c20b36ce7cbece5bdd7b96879b293dd85810a519cce74686a4841f6e', 370, '2018-06-18 21:19:08'),
('ff2612abc98756c18287d8f9789a29a43bc7214491d31992a2695dd4470586c2', 628, '2018-06-26 19:15:04'),
('ff9e496cb64183305b73302824bde26d6f649688117b1ebd775fe7652248afd0', 281, '2018-06-18 02:29:33'),
('ffba723a2c02585c4ad7886450926f19517b6aa00ef7f9f962ce6e762bf85863', 442, '2018-06-20 17:52:30'),
('ffbd6a548610d06bebef008475094ac37ecb1c37dd17afb53b0b32a05e12ce3d', 429, '2018-06-19 22:53:27'),
('ffdb2ab8aab5ff326fc03ed2e74d790b8c67b195eaae22184a67895332b87a55', 210, '2018-06-21 09:25:37');

-- --------------------------------------------------------

--
-- Table structure for table `customer`
--

CREATE TABLE `customer` (
  `customer_id` int(11) NOT NULL,
  `username` varchar(30) DEFAULT NULL,
  `password_hash` varchar(60) DEFAULT NULL,
  `address` text,
  `firstname` varchar(50) DEFAULT NULL,
  `lastname` varchar(50) DEFAULT NULL,
  `tel` varchar(15) DEFAULT NULL,
  `fbid` varchar(100) DEFAULT NULL,
  `fbname` varchar(100) DEFAULT NULL,
  `fbemail` varchar(100) DEFAULT NULL
) ENGINE=InnoDB DEFAULT CHARSET=utf8;

--
-- Dumping data for table `customer`
--

INSERT INTO `customer` (`customer_id`, `username`, `password_hash`, `address`, `firstname`, `lastname`, `tel`, `fbid`, `fbname`, `fbemail`) VALUES
(1, NULL, NULL, '{\"name\":\"Tanatat Choktanasawas\",\"tel\":\"0968862159\",\"place\":\"171/1098 \",\"subdistrict\":\"\",\"district\":\"\",\"province\":\"\",\"post\":\"10210\"}', NULL, NULL, NULL, '1223066611160808', 'Tanatat Choktanasawas', 'bleach-1999@hotmail.co.th'),
(2, NULL, NULL, '{\"name\":\" \",\"tel\":\"0910258499\",\"place\":\"628/9 .\",\"subdistrict\":\"\",\"district\":\"\",\"province\":\"\",\"post\":\"65000\"}', NULL, NULL, NULL, '421419834987894', 'Ratchatawit Youngjai', 'jj.fca@hotmail.com'),
(3, NULL, NULL, '{\"name\":\"Peerasak Nampimai\",\"tel\":null,\"place\":null,\"subdistrict\":null,\"district\":null,\"province\":null,\"post\":null}', NULL, NULL, NULL, '304525190082058', 'Peerasak Nampimai', 'peerasak.pp123@gmail.com'),
(4, NULL, NULL, '{\"name\":\" \",\"tel\":null,\"place\":null,\"subdistrict\":null,\"district\":null,\"province\":null,\"post\":null}', NULL, NULL, NULL, '423190684771957', ' ', 'paprikazaza1596@gmail.com'),
(5, NULL, NULL, '{\"name\":\"T\'Thuntanakorn Phitakratanaphong\",\"tel\":null,\"place\":null,\"subdistrict\":null,\"district\":null,\"province\":null,\"post\":null}', NULL, NULL, NULL, '452893445142416', 'T\'Thuntanakorn Phitakratanaphong', ''),
(6, NULL, NULL, '{\"name\":\"Paponrad Tontivuthikul\",\"tel\":null,\"place\":null,\"subdistrict\":null,\"district\":null,\"province\":null,\"post\":null}', NULL, NULL, NULL, '10155288047402657', 'Paponrad Tontivuthikul', 'birdy_birdday@hotmail.com'),
(7, NULL, NULL, '{\"name\":\"Des Parados\",\"tel\":null,\"place\":null,\"subdistrict\":null,\"district\":null,\"province\":null,\"post\":null}', NULL, NULL, NULL, '948462005333881', 'Des Parados', 'taeba500@hotmail.com'),
(8, NULL, NULL, '{\"name\":\"\",\"tel\":null,\"place\":null,\"subdistrict\":null,\"district\":null,\"province\":null,\"post\":null}', NULL, NULL, NULL, '10209323071114292', '', 'max1142_za@hotmail.com'),
(9, NULL, NULL, '{\"name\":\"Chong Chongtanapaitoon\",\"tel\":\"0618800222\",\"place\":\"126/106 .4 . 36\",\"subdistrict\":\"\",\"district\":\"\",\"province\":\"\",\"post\":\"10150\"}', NULL, NULL, NULL, '433102663804071', 'Chong Chongtanapaitoon', 'jojojj2013@hotmail.com'),
(10, NULL, NULL, '{\"name\":\"Mumeino Jungpakdee\",\"tel\":null,\"place\":null,\"subdistrict\":null,\"district\":null,\"province\":null,\"post\":null}', NULL, NULL, NULL, '10211100917309978', 'Mumeino Jungpakdee', ''),
(11, NULL, NULL, '{\"name\":\"Folk Thitipong\",\"tel\":null,\"place\":null,\"subdistrict\":null,\"district\":null,\"province\":null,\"post\":null}', NULL, NULL, NULL, '1660612944016190', 'Folk Thitipong', 'yugiho.folk@gmail.com'),
(12, NULL, NULL, '{\"name\":\" \",\"tel\":\"0918161911\",\"place\":\"1201/143  5  \",\"subdistrict\":\"\",\"district\":\"\",\"province\":\"\",\"post\":\"10260\"}', NULL, NULL, NULL, '247186216019227', 'Taechin Jarupant', 'stamp1045@gmail.com'),
(13, NULL, NULL, '{\"name\":\"Weeraphat Najaroenwuttikun\",\"tel\":\"0919836375\",\"place\":\" 143  5 \",\"subdistrict\":\"\",\"district\":\"\",\"province\":\"\",\"post\":\"48000\"}', NULL, NULL, NULL, '2078917285713735', 'Weeraphat Najaroenwuttikun', 'mn6.youjadai@gmail.com'),
(14, NULL, NULL, '{\"name\":\"Poonsak Sawangarom\",\"tel\":\"0617674547\",\"place\":\"1092/218 .\",\"subdistrict\":\"\",\"district\":\"\",\"province\":\"\",\"post\":\"74000\"}', NULL, NULL, NULL, '1795256397202916', 'Poonsak Sawangarom', 'manza_zaza@hotmail.com'),
(15, NULL, NULL, '{\"name\":\"Pinn Pinvadee\",\"tel\":null,\"place\":null,\"subdistrict\":null,\"district\":null,\"province\":null,\"post\":null}', NULL, NULL, NULL, '10155220110496581', 'Pinn Pinvadee', 'pinvadee_chandrindra@hotmail.com'),
(16, NULL, NULL, '{\"name\":\"Kant Karnphong\",\"tel\":null,\"place\":null,\"subdistrict\":null,\"district\":null,\"province\":null,\"post\":null}', NULL, NULL, NULL, '177340849762813', 'Kant Karnphong', 'itsmekant.1102@gmail.com'),
(17, NULL, NULL, '{\"name\":\"Kittithat Palchan\",\"tel\":\"0830758685\",\"place\":\"234/434 24  \",\"subdistrict\":\"\",\"district\":\"\",\"province\":\"\",\"post\":\"10270\"}', NULL, NULL, NULL, '10160386325990252', 'Kittithat Palchan', 'karn_10_4@hotmail.com'),
(18, NULL, NULL, '{\"name\":\" \",\"tel\":\"0631283946\",\"place\":\"1\",\"subdistrict\":\"\",\"district\":\"\",\"province\":\"\",\"post\":\"50320\"}', NULL, NULL, NULL, '2063209667290723', 'Sairawee Pichai', 'sairawee_19832@hotmail.com'),
(19, NULL, NULL, '{\"name\":\"Su Preme\",\"tel\":null,\"place\":null,\"subdistrict\":null,\"district\":null,\"province\":null,\"post\":null}', NULL, NULL, NULL, '382402625574242', 'Su Preme', 'peemzaza2200@hotmail.com'),
(20, NULL, NULL, '{\"name\":\"Ketsaraporn Pormket\",\"tel\":null,\"place\":null,\"subdistrict\":null,\"district\":null,\"province\":null,\"post\":null}', NULL, NULL, NULL, '832753550248166', 'Ketsaraporn Pormket', ''),
(21, NULL, NULL, '{\"name\":\" \",\"tel\":\"0639656593\",\"home\":\" 82\",\"place\":\". \",\"subdistrict\":\"\",\"district\":\"\",\"province\":\"\",\"post\":\"44000\"}', NULL, NULL, NULL, '1823957104573839', 'B\'Boss Akadech', 'troozaz0011@hotmail.com'),
(22, NULL, NULL, '{\"name\":\"Vitsanu Kraijindapohn\",\"tel\":null,\"place\":null,\"subdistrict\":null,\"district\":null,\"province\":null,\"post\":null}', NULL, NULL, NULL, '412944755837678', 'Vitsanu Kraijindapohn', 'jackson9870@hotmail.com'),
(23, NULL, NULL, '{\"name\":\"Thanapath Lee\",\"tel\":\"0805928824\",\"home\":\"-\",\"place\":\"-\",\"subdistrict\":\"\",\"district\":\"\",\"province\":\"\",\"post\":\"10330\"}', NULL, NULL, NULL, '1870045473060905', 'Thanapath Lee', 'thanapath_lee@hotmail.com'),
(24, NULL, NULL, '{\"name\":\"Torpor Duriyapraneet\",\"tel\":\"0825798888\",\"place\":\"188/139  \",\"subdistrict\":\"\",\"district\":\"\",\"province\":\"\",\"post\":\"10500\"}', NULL, NULL, NULL, '10156381801777929', 'Torpor Duriyapraneet', 'torpor_tp@hotmail.com'),
(25, NULL, NULL, '{\"name\":\"Pacawat Jry\",\"tel\":null,\"place\":null,\"subdistrict\":null,\"district\":null,\"province\":null,\"post\":null}', NULL, NULL, NULL, '969606916541471', 'Pacawat Jry', 'pacawat17@gmail.com'),
(26, NULL, NULL, '{\"name\":\" \",\"tel\":\"0831895216\",\"home\":\"10/1  14\",\"place\":\".70\",\"subdistrict\":\"\",\"district\":\"\",\"province\":\"\",\"post\":\"10130\"}', NULL, NULL, NULL, '10213656714824701', 'Max Thanakorn', 'maxthanakorn@hotmail.com'),
(27, NULL, NULL, '{\"name\":\"IlNonll Rachanon\",\"tel\":null,\"place\":null,\"subdistrict\":null,\"district\":null,\"province\":null,\"post\":null}', NULL, NULL, NULL, '1840389912724376', 'IlNonll Rachanon', 'non4561231@hotmail.com'),
(28, NULL, NULL, '{\"name\":\"Kanatip Ibaas\",\"tel\":null,\"place\":null,\"subdistrict\":null,\"district\":null,\"province\":null,\"post\":null}', NULL, NULL, NULL, '2017915188527032', 'Kanatip Ibaas', 'kanatip-bas@hotmail.com'),
(29, NULL, NULL, '{\"name\":\"Earthz Sorraset\",\"tel\":null,\"place\":null,\"subdistrict\":null,\"district\":null,\"province\":null,\"post\":null}', NULL, NULL, NULL, '1507550506023200', 'Earthz Sorraset', 'sorrasetearth@gmail.com'),
(30, NULL, NULL, '{\"name\":\"Kittipong Phothiwat\",\"tel\":null,\"place\":null,\"subdistrict\":null,\"district\":null,\"province\":null,\"post\":null}', NULL, NULL, NULL, '1247511258719476', 'Kittipong Phothiwat', 'bas_2684@hotmail.com'),
(31, NULL, NULL, '{\"name\":\"Tachit Sohsawaeng\",\"tel\":null,\"place\":null,\"subdistrict\":null,\"district\":null,\"province\":null,\"post\":null}', NULL, NULL, NULL, '1685254124889235', 'Tachit Sohsawaeng', 'ton-lovepai@hotmail.com'),
(32, NULL, NULL, '{\"name\":\"Bsp Oceansky\",\"tel\":null,\"place\":null,\"subdistrict\":null,\"district\":null,\"province\":null,\"post\":null}', NULL, NULL, NULL, '10156420300284044', 'Bsp Oceansky', 'bsp_devil@hotmail.com'),
(33, NULL, NULL, '{\"name\":\"Chamew Wiriyapornpon\",\"tel\":null,\"place\":null,\"subdistrict\":null,\"district\":null,\"province\":null,\"post\":null}', NULL, NULL, NULL, '1367112170057595', 'Chamew Wiriyapornpon', 'kuraku2011@hotmail.com'),
(34, NULL, NULL, '{\"name\":\"Peerasit Techaumnuaywit\",\"tel\":null,\"place\":null,\"subdistrict\":null,\"district\":null,\"province\":null,\"post\":null}', NULL, NULL, NULL, '1897243050321473', 'Peerasit Techaumnuaywit', 'kungapple@hotmail.com'),
(35, NULL, NULL, '{\"name\":\"Jindanai Khamhaeng\",\"tel\":null,\"place\":null,\"subdistrict\":null,\"district\":null,\"province\":null,\"post\":null}', NULL, NULL, NULL, '1781542851902113', 'Jindanai Khamhaeng', 'saint_seoul@hotmail.com'),
(36, NULL, NULL, '{\"name\":\"Kratai Tawanrat\",\"tel\":null,\"place\":null,\"subdistrict\":null,\"district\":null,\"province\":null,\"post\":null}', NULL, NULL, NULL, '923160024520812', 'Kratai Tawanrat', 'usagii-rab@hotmail.com'),
(37, NULL, NULL, '{\"name\":\"Sethanant Pipatpakorn\",\"tel\":null,\"place\":null,\"subdistrict\":null,\"district\":null,\"province\":null,\"post\":null}', NULL, NULL, NULL, '1666276086742914', 'Sethanant Pipatpakorn', 'the_tkpark@hotmail.com'),
(38, NULL, NULL, '{\"name\":\" \",\"tel\":null,\"place\":null,\"subdistrict\":null,\"district\":null,\"province\":null,\"post\":null}', NULL, NULL, NULL, '1777717092285584', ' ', 'birdo_o@hotmail.com'),
(39, NULL, NULL, '{\"name\":\"Kittipan Wongtuntakorn\",\"tel\":null,\"place\":null,\"subdistrict\":null,\"district\":null,\"province\":null,\"post\":null}', NULL, NULL, NULL, '1735309583217331', 'Kittipan Wongtuntakorn', 'kittipan_4321@hotmail.com'),
(40, NULL, NULL, '{\"name\":\"Chaichan Romyen\",\"tel\":null,\"place\":null,\"subdistrict\":null,\"district\":null,\"province\":null,\"post\":null}', NULL, NULL, NULL, '1876999012361835', 'Chaichan Romyen', 'kai36525@gmail.com'),
(41, NULL, NULL, '{\"name\":\"Aong Natchanon\",\"tel\":null,\"place\":null,\"subdistrict\":null,\"district\":null,\"province\":null,\"post\":null}', NULL, NULL, NULL, '10212022817592036', 'Aong Natchanon', 'prince_sonata@hotmail.com'),
(42, NULL, NULL, '{\"name\":\"Ingorn Chatgrod\",\"tel\":null,\"place\":null,\"subdistrict\":null,\"district\":null,\"province\":null,\"post\":null}', NULL, NULL, NULL, '1753812374707608', 'Ingorn Chatgrod', 'orn.ingorn@gmail.com'),
(43, NULL, NULL, '{\"name\":\"Nutkitti Thavornsettawat\",\"tel\":null,\"place\":null,\"subdistrict\":null,\"district\":null,\"province\":null,\"post\":null}', NULL, NULL, NULL, '1824663224263321', 'Nutkitti Thavornsettawat', 'kit_sk134@hotmail.com'),
(44, NULL, NULL, '{\"name\":\"\",\"tel\":\"0972568769\",\"place\":\"38 \",\"subdistrict\":\"\",\"district\":\"\",\"province\":\"\",\"post\":\"49000\"}', NULL, NULL, NULL, '377891746046136', 'Euphoria', 'butterflyzera'),
(45, NULL, NULL, '{\"name\":\" \",\"tel\":\"0629042718\",\"place\":\"7 . .\",\"subdistrict\":\"\",\"district\":\"\",\"province\":\"\",\"post\":\"49000\"}', NULL, NULL, NULL, '624205247927189', ' \'', 'pphimphaniy@gmail.com'),
(46, NULL, NULL, '{\"name\":\"Rawee Kanch\",\"tel\":null,\"place\":null,\"subdistrict\":null,\"district\":null,\"province\":null,\"post\":null}', NULL, NULL, NULL, '2165053690202136', 'Rawee Kanch', 'rawee2000@gmail.com'),
(47, NULL, NULL, '{\"name\":\"Ratchapon Masphol\",\"tel\":\"0830245500\",\"home\":\"660/45\",\"place\":\"\",\"subdistrict\":\"\",\"district\":\"\",\"province\":\"\",\"post\":\"10500\"}', NULL, NULL, NULL, '1480387478737619', 'Ratchapon Masphol', 'conworld-fb@hotmail.com'),
(48, NULL, NULL, '{\"name\":\"\",\"tel\":\"0632469959\",\"home\":\"121/36\",\"place\":\"\",\"subdistrict\":\"\",\"district\":\"\",\"province\":\"\",\"post\":\"10220\"}', NULL, NULL, NULL, '1902822683121951', 'Tanawat Deepo', 'd.tanawat@hotmail.com'),
(49, NULL, NULL, '{\"name\":\"Keng Wichai\",\"tel\":null,\"place\":null,\"subdistrict\":null,\"district\":null,\"province\":null,\"post\":null}', NULL, NULL, NULL, '430908633987893', 'Keng Wichai', ''),
(50, NULL, NULL, '{\"name\":\"Tanad Lerdbussarakam\",\"tel\":null,\"place\":null,\"subdistrict\":null,\"district\":null,\"province\":null,\"post\":null}', NULL, NULL, NULL, '1657428407709184', 'Tanad Lerdbussarakam', 'milza_tanad@hotmail.com'),
(51, NULL, NULL, '{\"name\":\"Godner Watchara\",\"tel\":null,\"place\":null,\"subdistrict\":null,\"district\":null,\"province\":null,\"post\":null}', NULL, NULL, NULL, '1968570016551264', 'Godner Watchara', 'godlovemom1@hotmail.com'),
(52, NULL, NULL, '{\"name\":\" \",\"tel\":\"0881006620\",\"place\":\"365/1118    47  \",\"subdistrict\":\"\",\"district\":\" \",\"province\":\" \",\"post\":\"10140\"}', NULL, NULL, NULL, '1742827699138239', 'Sirapop Jame', 'zajame1234@gmail.com'),
(53, NULL, NULL, '{\"name\":\" \",\"tel\":\"0629750609\",\"place\":\" \",\"subdistrict\":\"\",\"district\":\"\",\"province\":\"\",\"post\":\"83130\"}', NULL, NULL, NULL, '1722400634511373', '- \'', 'noppadol_ton11@hotmail.com'),
(54, NULL, NULL, '{\"name\":\"LookNutz Vorakan\",\"tel\":null,\"place\":null,\"subdistrict\":null,\"district\":null,\"province\":null,\"post\":null}', NULL, NULL, NULL, '1737604132989269', 'LookNutz Vorakan', 'looknut_d@hotmail.com'),
(55, NULL, NULL, '{\"name\":\" \",\"tel\":null,\"place\":null,\"subdistrict\":null,\"district\":null,\"province\":null,\"post\":null}', NULL, NULL, NULL, '10158034631168084', ' ', 'zen200411@hotmail.com'),
(56, NULL, NULL, '{\"name\":\"Katay Noy Batakira\",\"tel\":null,\"place\":null,\"subdistrict\":null,\"district\":null,\"province\":null,\"post\":null}', NULL, NULL, NULL, '1573169562791396', 'Katay Noy Batakira', 'berbatop@windowslive.com'),
(57, NULL, NULL, '{\"name\":\"Oat Chayanont\",\"tel\":null,\"place\":null,\"subdistrict\":null,\"district\":null,\"province\":null,\"post\":null}', NULL, NULL, NULL, '1645951632190795', 'Oat Chayanont', 'oatty123@yahoo.com'),
(58, NULL, NULL, '{\"name\":\"Prach Wongsawan\",\"tel\":null,\"place\":null,\"subdistrict\":null,\"district\":null,\"province\":null,\"post\":null}', NULL, NULL, NULL, '608925786129309', 'Prach Wongsawan', 'prachfedfe@hotmail.com'),
(59, NULL, NULL, '{\"name\":\" \",\"tel\":\"0873309706\",\"place\":\"C 612A Uniloft Salaya 81-83 4\",\"subdistrict\":\"\",\"district\":\"\",\"province\":\"\",\"post\":\"73170\"}', NULL, NULL, NULL, '1823663891028640', 'Chakrit Phanmeteerat', 'solitarykid_@hotmail.com'),
(60, NULL, NULL, '{\"name\":\" \",\"tel\":\"0836997956\",\"place\":\"66/44 .20 .103\",\"subdistrict\":\"\",\"district\":\"\",\"province\":\"\",\"post\":\"10260\"}', NULL, NULL, NULL, '801012233428503', 'Ekkaphol Tanvimol', 'ga_guy8520@hotmail.com'),
(61, NULL, NULL, '{\"name\":\"Kittikun Kong\",\"tel\":null,\"place\":null,\"subdistrict\":null,\"district\":null,\"province\":null,\"post\":null}', NULL, NULL, NULL, '1025373044278557', 'Kittikun Kong', 'kittikun-kong_5708@hotmail.co.th'),
(62, NULL, NULL, '{\"name\":\"Wuttichai Oangkhamat\",\"tel\":\"0610308198\",\"place\":\"785\",\"subdistrict\":\"\",\"district\":\"\",\"province\":\"\",\"post\":\"48190\"}', NULL, NULL, NULL, '1568155746615620', 'Wuttichai Oangkhamat', 'mmmmo222@hotmail.com'),
(63, NULL, NULL, '{\"name\":\"Poonsai Kotchaporn\",\"tel\":null,\"place\":null,\"subdistrict\":null,\"district\":null,\"province\":null,\"post\":null}', NULL, NULL, NULL, '2171079016455678', 'Poonsai Kotchaporn', 'poonsaips@hotmail.com'),
(64, NULL, NULL, '{\"name\":\" \",\"tel\":\"0922787504\",\"home\":\"111/424\",\"place\":\" 13 ( 3  1)\",\"subdistrict\":\"\",\"district\":\"\",\"province\":\"\",\"post\":\"10220\"}', NULL, NULL, NULL, '1695349977211619', ' ', 'tonzana_00729@hotmail.com'),
(65, NULL, NULL, '{\"name\":\"pleng\",\"tel\":\"0831000555\",\"home\":\"48/184 life sathorn10\",\"place\":\"\",\"subdistrict\":\"\",\"district\":\"\",\"province\":\"\",\"post\":\"10500\"}', NULL, NULL, NULL, '1907887595948210', 'Nunnapat Punnikul', 'p.chiffon@gmail.com'),
(66, NULL, NULL, '{\"name\":\" \",\"tel\":\"0918513655\",\"home\":\"62\",\"place\":\" 3\",\"subdistrict\":\"\",\"district\":\"\",\"province\":\"\",\"post\":\"55110\"}', NULL, NULL, NULL, '249431662465940', 'Peerawit Satiman', 'peewilson2@gmail.com'),
(67, NULL, NULL, '{\"name\":\"Ratchapoomchai Posaeng\",\"tel\":null,\"place\":null,\"subdistrict\":null,\"district\":null,\"province\":null,\"post\":null}', NULL, NULL, NULL, '1785901154806916', 'Ratchapoomchai Posaeng', 'mandy_hahaha@hotmail.com'),
(68, NULL, NULL, '{\"name\":\"Prodpran Chanpangern\",\"tel\":null,\"place\":null,\"subdistrict\":null,\"district\":null,\"province\":null,\"post\":null}', NULL, NULL, NULL, '1801025613313423', 'Prodpran Chanpangern', 'prodpran_gade@hotmail.co.th'),
(69, NULL, NULL, '{\"name\":\" \",\"tel\":\"0835719576\",\"place\":\"10/4 .12\",\"subdistrict\":\".\",\"district\":\".\",\"province\":\"\",\"post\":\"24000\"}', NULL, NULL, NULL, '1788836991159476', 'Earth\'h Thitipan', 'earth-1212@hotmail.com'),
(70, NULL, NULL, '{\"name\":\"Nirucha Kaewphalai\",\"tel\":null,\"place\":null,\"subdistrict\":null,\"district\":null,\"province\":null,\"post\":null}', NULL, NULL, NULL, '434031030392020', 'Nirucha Kaewphalai', ''),
(71, NULL, NULL, '{\"name\":\"New Hurcules\",\"tel\":null,\"place\":null,\"subdistrict\":null,\"district\":null,\"province\":null,\"post\":null}', NULL, NULL, NULL, '1400324743402098', 'New Hurcules', 'aphimas@hotmail.com'),
(72, NULL, NULL, '{\"name\":\"\",\"tel\":null,\"place\":null,\"subdistrict\":null,\"district\":null,\"province\":null,\"post\":null}', NULL, NULL, NULL, '2135923459974269', '', 'kritsada033@gmail.com'),
(73, NULL, NULL, '{\"name\":\"Sc N\'New\",\"tel\":null,\"place\":null,\"subdistrict\":null,\"district\":null,\"province\":null,\"post\":null}', NULL, NULL, NULL, '467069060415576', 'Sc N\'New', 'newnewss0190@hotmail.com'),
(74, NULL, NULL, '{\"name\":\"Thanaphat Apiratpaiboon\",\"tel\":null,\"place\":null,\"subdistrict\":null,\"district\":null,\"province\":null,\"post\":null}', NULL, NULL, NULL, '379389389226227', 'Thanaphat Apiratpaiboon', ''),
(75, NULL, NULL, '{\"name\":\" \",\"tel\":\"0892050027\",\"home\":\"123/46\",\"place\":\"\",\"subdistrict\":\"\",\"district\":\"\",\"province\":\"\",\"post\":\"10300\"}', NULL, NULL, NULL, '1033016583531286', 'Thitiwat Vonnasrichan', 'tigerfoss@gmail.com'),
(76, NULL, NULL, '{\"name\":\"Piyapon Patchachai\",\"tel\":null,\"place\":null,\"subdistrict\":null,\"district\":null,\"province\":null,\"post\":null}', NULL, NULL, NULL, '1842128716083989', 'Piyapon Patchachai', 'iqzaa1991iqzxx@gmail.com'),
(77, NULL, NULL, '{\"name\":\"Wasawat Wetprasert\",\"tel\":null,\"place\":null,\"subdistrict\":null,\"district\":null,\"province\":null,\"post\":null}', NULL, NULL, NULL, '1719343938159527', 'Wasawat Wetprasert', 'wasawet@gmail.com'),
(78, NULL, NULL, '{\"name\":\"Bancha Aungkuna\",\"tel\":null,\"place\":null,\"subdistrict\":null,\"district\":null,\"province\":null,\"post\":null}', NULL, NULL, NULL, '1778088735585841', 'Bancha Aungkuna', 'mafiamai_46@hotmail.com'),
(79, NULL, NULL, '{\"name\":\"Tai Nakami\",\"tel\":null,\"place\":null,\"subdistrict\":null,\"district\":null,\"province\":null,\"post\":null}', NULL, NULL, NULL, '256603464914761', 'Tai Nakami', 'xkanegt@gmail.com'),
(80, NULL, NULL, '{\"name\":\"Mark Anantasak\",\"tel\":null,\"place\":null,\"subdistrict\":null,\"district\":null,\"province\":null,\"post\":null}', NULL, NULL, NULL, '649861062027018', 'Mark Anantasak', 'mark.anantasak@hotmail.com'),
(81, NULL, NULL, '{\"name\":\"Wasawat\",\"tel\":null,\"place\":null,\"subdistrict\":null,\"district\":null,\"province\":null,\"post\":null}', NULL, NULL, NULL, '2209810025770695', 'Wasawat', 'aus1716@hotmail.com'),
(82, NULL, NULL, '{\"name\":\"Mud Ks\",\"tel\":null,\"place\":null,\"subdistrict\":null,\"district\":null,\"province\":null,\"post\":null}', NULL, NULL, NULL, '1910712075627515', 'Mud Ks', 'pokjok@windowslive.com'),
(83, NULL, NULL, '{\"name\":\"Pong Siripong\",\"tel\":null,\"place\":null,\"subdistrict\":null,\"district\":null,\"province\":null,\"post\":null}', NULL, NULL, NULL, '278719776001797', 'Pong Siripong', 'kookli1288@gmail.com'),
(84, NULL, NULL, '{\"name\":\"Inaam Salaeh\",\"tel\":null,\"place\":null,\"subdistrict\":null,\"district\":null,\"province\":null,\"post\":null}', NULL, NULL, NULL, '1910745785837579', 'Inaam Salaeh', 'salaehinaam@gmail.com'),
(85, NULL, NULL, '{\"name\":\"Wisarut Chamthong\",\"tel\":null,\"place\":null,\"subdistrict\":null,\"district\":null,\"province\":null,\"post\":null}', NULL, NULL, NULL, '587357534968420', 'Wisarut Chamthong', ''),
(86, NULL, NULL, '{\"name\":\"Runglavan Nun\",\"tel\":null,\"place\":null,\"subdistrict\":null,\"district\":null,\"province\":null,\"post\":null}', NULL, NULL, NULL, '1610835579035794', 'Runglavan Nun', 'nunnan11@hotmail.com'),
(87, NULL, NULL, '{\"name\":\"KT\'Cat Capcat\",\"tel\":null,\"place\":null,\"subdistrict\":null,\"district\":null,\"province\":null,\"post\":null}', NULL, NULL, NULL, '202758280452137', 'KT\'Cat Capcat', ''),
(88, NULL, NULL, '{\"name\":\" \",\"tel\":\"0957951268\",\"home\":\"\",\"place\":\"\",\"subdistrict\":\"\",\"district\":\"\",\"province\":\"\",\"post\":\"\"}', NULL, NULL, NULL, '1691819720887002', 'GoD\'Ji Krisanapon', 'krisanapon_sangthong@hotmail.com'),
(89, NULL, NULL, '{\"name\":\"Teerapat Somsriagsornsang\",\"tel\":\"0625478669\",\"home\":\"\",\"place\":\"71/14 .81/1\",\"subdistrict\":\"\",\"district\":\"\",\"province\":\"\",\"post\":\"10160\"}', NULL, NULL, NULL, '1858665034179885', 'Teerapat Somsriagsornsang', 'teerapat11boss@gmail.com'),
(90, NULL, NULL, '{\"name\":\"Jirat Promcha\",\"tel\":null,\"place\":null,\"subdistrict\":null,\"district\":null,\"province\":null,\"post\":null}', NULL, NULL, NULL, '1846735468710816', 'Jirat Promcha', 'ballza_0023@hotmail.com'),
(91, NULL, NULL, '{\"name\":\" \",\"tel\":\"0839046504\",\"home\":\"71/291 .3\",\"place\":\"25 \",\"subdistrict\":\"\",\"district\":\"\",\"province\":\"\",\"post\":\"10530\"}', NULL, NULL, NULL, '1691254384288987', ' ', 'leonkung007@hotmail.com'),
(92, NULL, NULL, '{\"name\":\"Pannawith Thanaratchoksiri\",\"tel\":null,\"place\":null,\"subdistrict\":null,\"district\":null,\"province\":null,\"post\":null}', NULL, NULL, NULL, '2090128251000801', 'Pannawith Thanaratchoksiri', 'peeazzza555@hotmail.com'),
(93, NULL, NULL, '{\"name\":\"Wachirawit Ten\",\"tel\":null,\"place\":null,\"subdistrict\":null,\"district\":null,\"province\":null,\"post\":null}', NULL, NULL, NULL, '1418366568309055', 'Wachirawit Ten', 'wachirawit_ten_10@hotmail.com'),
(94, NULL, NULL, '{\"name\":\"Neungruthai Harnlakorn\",\"tel\":null,\"place\":null,\"subdistrict\":null,\"district\":null,\"province\":null,\"post\":null}', NULL, NULL, NULL, '10209971267752437', 'Neungruthai Harnlakorn', 'bonus_ha@windowslive.com'),
(95, NULL, NULL, '{\"name\":\"  \",\"tel\":\"0904783882\",\"home\":\"102/31\",\"place\":\"15\",\"subdistrict\":\"\",\"district\":\"\",\"province\":\"\",\"post\":\"90110\"}', NULL, NULL, NULL, '2432681776749381', '  ', 'budsaba306@gmail.com'),
(96, NULL, NULL, '{\"name\":\"Wuthisan Suksri\",\"tel\":null,\"place\":null,\"subdistrict\":null,\"district\":null,\"province\":null,\"post\":null}', NULL, NULL, NULL, '1766935379996439', 'Wuthisan Suksri', 'wuthisan_elf@live.com'),
(97, NULL, NULL, '{\"name\":\"Napas Chaisuriyong\",\"tel\":null,\"place\":null,\"subdistrict\":null,\"district\":null,\"province\":null,\"post\":null}', NULL, NULL, NULL, '437482683332537', 'Napas Chaisuriyong', 'aimeenapas@gmail.com'),
(98, NULL, NULL, '{\"name\":\"Yod Kitsanaketkul\",\"tel\":null,\"place\":null,\"subdistrict\":null,\"district\":null,\"province\":null,\"post\":null}', NULL, NULL, NULL, '1668297646552284', 'Yod Kitsanaketkul', 'manak00789@hotmail.com'),
(99, NULL, NULL, '{\"name\":\"Jarujaranchai Litthijun\",\"tel\":null,\"place\":null,\"subdistrict\":null,\"district\":null,\"province\":null,\"post\":null}', NULL, NULL, NULL, '1529451860510987', 'Jarujaranchai Litthijun', 'jay25442006@hotmail.com'),
(100, NULL, NULL, '{\"name\":\"Nattakan Kaewpairam\",\"tel\":null,\"place\":null,\"subdistrict\":null,\"district\":null,\"province\":null,\"post\":null}', NULL, NULL, NULL, '1677935272297785', 'Nattakan Kaewpairam', 'guynatthakan@gmail.com'),
(101, NULL, NULL, '{\"name\":\"Natnaree Tangcharoenchaichana\",\"tel\":null,\"place\":null,\"subdistrict\":null,\"district\":null,\"province\":null,\"post\":null}', NULL, NULL, NULL, '10204414835887933', 'Natnaree Tangcharoenchaichana', 'air_salapow@hotmail.com'),
(102, NULL, NULL, '{\"name\":\"Tar Jakkapan\",\"tel\":null,\"place\":null,\"subdistrict\":null,\"district\":null,\"province\":null,\"post\":null}', NULL, NULL, NULL, '1688722881208019', 'Tar Jakkapan', 'yakuza-gita@hotmail.com'),
(103, NULL, NULL, '{\"name\":\"Noppawich Woothananon\",\"tel\":null,\"place\":null,\"subdistrict\":null,\"district\":null,\"province\":null,\"post\":null}', NULL, NULL, NULL, '1603243413106189', 'Noppawich Woothananon', 'khawpunnoppawich@hotmail.com'),
(104, NULL, NULL, '{\"name\":\"Pakorn Prasomcharoen\",\"tel\":null,\"place\":null,\"subdistrict\":null,\"district\":null,\"province\":null,\"post\":null}', NULL, NULL, NULL, '10212179563829896', 'Pakorn Prasomcharoen', ''),
(105, NULL, NULL, '{\"name\":\"  \",\"tel\":null,\"place\":null,\"subdistrict\":null,\"district\":null,\"province\":null,\"post\":null}', NULL, NULL, NULL, '2105827796328221', '  ', 'zooban@hotmail.com'),
(106, NULL, NULL, '{\"name\":\" \",\"tel\":null,\"place\":null,\"subdistrict\":null,\"district\":null,\"province\":null,\"post\":null}', NULL, NULL, NULL, '2113893825304618', ' ', 'oof_22007@hotmail.com'),
(107, NULL, NULL, '{\"name\":\" \",\"tel\":\"0948659716\",\"place\":\"75/50  . 26 .\",\"subdistrict\":\"\",\"district\":\"\",\"province\":\"\",\"post\":\"10110\"}', NULL, NULL, NULL, '10214137731870921', 'Emre Chanon', 'chanondukex@hotmail.com'),
(108, NULL, NULL, '{\"name\":\"Thitinan Panyavong\",\"tel\":null,\"place\":null,\"subdistrict\":null,\"district\":null,\"province\":null,\"post\":null}', NULL, NULL, NULL, '462809247490919', 'Thitinan Panyavong', 'zyner2207@gmail.com'),
(109, NULL, NULL, '{\"name\":\"Neko Nut\",\"tel\":null,\"place\":null,\"subdistrict\":null,\"district\":null,\"province\":null,\"post\":null}', NULL, NULL, NULL, '1224404924360261', 'Neko Nut', ''),
(110, NULL, NULL, '{\"name\":\"Chaiyaboon Taysint\",\"tel\":\"0927208884\",\"place\":\"29/13 . 14 .\",\"subdistrict\":\"\",\"district\":\"\",\"province\":\".\",\"post\":\"10210\"}', NULL, NULL, NULL, '1690615374363966', 'Chaiyaboon Taysint', 'ben20052011@hotmail.com'),
(111, NULL, NULL, '{\"name\":\" \",\"tel\":\"0910566218\",\"home\":\"409 .5\",\"place\":\"-\",\"subdistrict\":\"\",\"district\":\"\",\"province\":\"\",\"post\":\"45000\"}', NULL, NULL, NULL, '444539426008155', ' ', 'krittapas.phongsai@icloud.com'),
(112, NULL, NULL, '{\"name\":\"Lerdsit Limtrirat\",\"tel\":null,\"place\":null,\"subdistrict\":null,\"district\":null,\"province\":null,\"post\":null}', NULL, NULL, NULL, '10216566221927591', 'Lerdsit Limtrirat', 'sir_lerd@hotmail.com'),
(113, NULL, NULL, '{\"name\":\"JJ Keeraditt Lim\",\"tel\":null,\"place\":null,\"subdistrict\":null,\"district\":null,\"province\":null,\"post\":null}', NULL, NULL, NULL, '179590779528947', 'JJ Keeraditt Lim', 'burassakorn2546@gmail.com'),
(114, NULL, NULL, '{\"name\":\"Poramee Yadjan\'at\",\"tel\":null,\"place\":null,\"subdistrict\":null,\"district\":null,\"province\":null,\"post\":null}', NULL, NULL, NULL, '990819357750677', 'Poramee Yadjan\'at', ''),
(115, NULL, NULL, '{\"name\":\"Nataphat Boonperm\",\"tel\":\"0630802336\",\"place\":\"\",\"subdistrict\":\" \",\"district\":\" \",\"province\":\" \",\"post\":\"46000 \"}', NULL, NULL, NULL, '2493961634162956', 'Nataphat Boonperm', 'jjthekop2013liverpool@gmail.com'),
(116, NULL, NULL, '{\"name\":\"Bew Tiraporn\",\"tel\":null,\"place\":null,\"subdistrict\":null,\"district\":null,\"province\":null,\"post\":null}', NULL, NULL, NULL, '2003451229917954', 'Bew Tiraporn', 'tiraporn.faknak@gmail.com'),
(117, NULL, NULL, '{\"name\":\" \",\"tel\":null,\"place\":null,\"subdistrict\":null,\"district\":null,\"province\":null,\"post\":null}', NULL, NULL, NULL, '375715469577409', ' ', ''),
(118, NULL, NULL, '{\"name\":\"Aekarat Chomchin\",\"tel\":null,\"place\":null,\"subdistrict\":null,\"district\":null,\"province\":null,\"post\":null}', NULL, NULL, NULL, '2206582336035357', 'Aekarat Chomchin', 'ice_aekarat@hotmail.com'),
(119, NULL, NULL, '{\"name\":\"Chadaphon Phutthanauaong\",\"tel\":null,\"place\":null,\"subdistrict\":null,\"district\":null,\"province\":null,\"post\":null}', NULL, NULL, NULL, '629505887396659', 'Chadaphon Phutthanauaong', 'ochadaporn@gmail.com'),
(120, NULL, NULL, '{\"name\":\"Siriwimon Ansako\",\"tel\":null,\"place\":null,\"subdistrict\":null,\"district\":null,\"province\":null,\"post\":null}', NULL, NULL, NULL, '169368270422939', 'Siriwimon Ansako', ''),
(121, NULL, NULL, '{\"name\":\"Mew Sumitra\",\"tel\":null,\"place\":null,\"subdistrict\":null,\"district\":null,\"province\":null,\"post\":null}', NULL, NULL, NULL, '653975404940264', 'Mew Sumitra', 'sumitramew02@gmail.com'),
(122, NULL, NULL, '{\"name\":\"Eon MiMi\",\"tel\":null,\"place\":null,\"subdistrict\":null,\"district\":null,\"province\":null,\"post\":null}', NULL, NULL, NULL, '2022947357972855', 'Eon MiMi', 'eonly555@gmail.com'),
(123, NULL, NULL, '{\"name\":\"Mangpor Premsup\",\"tel\":null,\"place\":null,\"subdistrict\":null,\"district\":null,\"province\":null,\"post\":null}', NULL, NULL, NULL, '1004816876343316', 'Mangpor Premsup', 'mangporzero@hotmail.com'),
(124, NULL, NULL, '{\"name\":\"Panupong Namda\",\"tel\":\"0995489121\",\"home\":\"109 . 10\",\"place\":\"\",\"subdistrict\":\"\",\"district\":\"\",\"province\":\"\",\"post\":\"27120\"}', NULL, NULL, NULL, '1038573892966363', 'Panupong Namda', 'golfzaaran@gmail.com'),
(125, NULL, NULL, '{\"name\":\"Norawat Piwkam\",\"tel\":\"0874547359\",\"home\":\"81/78 116 2\",\"place\":\"-\",\"subdistrict\":\"\",\"district\":\"\",\"province\":\"\",\"post\":\"12120\"}', NULL, NULL, NULL, '1934330016585768', 'Norawat Piwkam', 'film___film123456@hotmail.com'),
(126, NULL, NULL, '{\"name\":\"Freshy Chanapat\",\"tel\":null,\"place\":null,\"subdistrict\":null,\"district\":null,\"province\":null,\"post\":null}', NULL, NULL, NULL, '1227672597369249', 'Freshy Chanapat', 'freshkeroro@hotmail.co.th'),
(127, NULL, NULL, '{\"name\":\"Sukanya Cross Wongsila\",\"tel\":null,\"place\":null,\"subdistrict\":null,\"district\":null,\"province\":null,\"post\":null}', NULL, NULL, NULL, '2122038747813573', 'Sukanya Cross Wongsila', 'cross.s.wongsila@gmail.com'),
(128, NULL, NULL, '{\"name\":\"Chulalak Palee\",\"tel\":null,\"place\":null,\"subdistrict\":null,\"district\":null,\"province\":null,\"post\":null}', NULL, NULL, NULL, '1804769239582177', 'Chulalak Palee', 'fish-145@hotmail.com'),
(129, NULL, NULL, '{\"name\":\"Nikarnz Mungsujaritkarn\",\"tel\":\"0849721317\",\"home\":\"103/18\",\"place\":\".1/55 .\",\"subdistrict\":\"\",\"district\":\"\",\"province\":\"\",\"post\":\"10210\"}', NULL, NULL, NULL, '805908042938515', 'Nikarnz Mungsujaritkarn', 'nikarnz0908@gmail.com'),
(130, NULL, NULL, '{\"name\":\"Nayos Wasuwantok\",\"tel\":null,\"place\":null,\"subdistrict\":null,\"district\":null,\"province\":null,\"post\":null}', NULL, NULL, NULL, '1942953802423546', 'Nayos Wasuwantok', 'nayoswasuwantok@hotmail.com'),
(131, NULL, NULL, '{\"name\":\"Panithan Sukkrasanti\",\"tel\":\"0865475754\",\"home\":\"41/27\",\"place\":\"\",\"subdistrict\":\"\",\"district\":\"\",\"province\":\"\",\"post\":\"10330\"}', NULL, NULL, NULL, '10214613233142245', 'Panithan Sukkrasanti', 'brightzas@windowslive.com'),
(132, NULL, NULL, '{\"name\":\"   \",\"tel\":\"0810201669\",\"home\":\"309 3\",\"place\":\"-\",\"subdistrict\":\"\",\"district\":\"\",\"province\":\"\",\"post\":\"50180\"}', NULL, NULL, NULL, '1497550117016759', 'Wattanachai Luan', 'wattanachai2544@hotmail.com'),
(133, NULL, NULL, '{\"name\":\"TT\'Pattanapong Saeleung\",\"tel\":null,\"place\":null,\"subdistrict\":null,\"district\":null,\"province\":null,\"post\":null}', NULL, NULL, NULL, '1688096904572357', 'TT\'Pattanapong Saeleung', 'moobig52@hotmail.com'),
(134, NULL, NULL, '{\"name\":\"Suppachai Glubpean\",\"tel\":\"0915097597\",\"home\":\"77/73\",\"place\":\".34  .3 .\",\"subdistrict\":\"\",\"district\":\"\",\"province\":\"\",\"post\":\"10220\"}', NULL, NULL, NULL, '2015251798723092', 'Suppachai Glubpean', 'dolinw55@gmail.com'),
(135, NULL, NULL, '{\"name\":\"Richh Bank\",\"tel\":null,\"place\":null,\"subdistrict\":null,\"district\":null,\"province\":null,\"post\":null}', NULL, NULL, NULL, '1954518728192510', 'Richh Bank', 'becon14@outlook.co.th'),
(136, NULL, NULL, '{\"name\":\" \",\"tel\":null,\"place\":null,\"subdistrict\":null,\"district\":null,\"province\":null,\"post\":null}', NULL, NULL, NULL, '456980624757192', ' ', ''),
(137, NULL, NULL, '{\"name\":\"Nattasit Kongyod\",\"tel\":null,\"place\":null,\"subdistrict\":null,\"district\":null,\"province\":null,\"post\":null}', NULL, NULL, NULL, '2146163858939823', 'Nattasit Kongyod', 'poetaeparty@gmail.com'),
(138, NULL, NULL, '{\"name\":\"Anad Link\",\"tel\":null,\"place\":null,\"subdistrict\":null,\"district\":null,\"province\":null,\"post\":null}', NULL, NULL, NULL, '1658584970924860', 'Anad Link', 'thanachotdecade@gmail.com'),
(139, NULL, NULL, '{\"name\":\" .\",\"tel\":null,\"place\":null,\"subdistrict\":null,\"district\":null,\"province\":null,\"post\":null}', NULL, NULL, NULL, '1524045541050563', ' .', 'thetom_oor@hotmail.com'),
(140, NULL, NULL, '{\"name\":\"Nutsara Dejtaradon\",\"tel\":null,\"place\":null,\"subdistrict\":null,\"district\":null,\"province\":null,\"post\":null}', NULL, NULL, NULL, '1185638981577548', 'Nutsara Dejtaradon', 'jew_hajibay@hotmail.co.th'),
(141, NULL, NULL, '{\"name\":\"Predee Hoybang\",\"tel\":null,\"place\":null,\"subdistrict\":null,\"district\":null,\"province\":null,\"post\":null}', NULL, NULL, NULL, '2058240844497824', 'Predee Hoybang', 'predee2547@gmail.com'),
(142, NULL, NULL, '{\"name\":\"Tww Tonnam Tk\",\"tel\":null,\"place\":null,\"subdistrict\":null,\"district\":null,\"province\":null,\"post\":null}', NULL, NULL, NULL, '2058879064127136', 'Tww Tonnam Tk', 'zero_liver@hotmail.com'),
(143, NULL, NULL, '{\"name\":\"Phuntida Kingpetch\",\"tel\":null,\"place\":null,\"subdistrict\":null,\"district\":null,\"province\":null,\"post\":null}', NULL, NULL, NULL, '10211647446450908', 'Phuntida Kingpetch', 'phuntida.k@gmail.com'),
(144, NULL, NULL, '{\"name\":\" \",\"tel\":null,\"place\":null,\"subdistrict\":null,\"district\":null,\"province\":null,\"post\":null}', NULL, NULL, NULL, '2109697779309567', ' ', 'timelove_me@hotmail.com'),
(145, NULL, NULL, '{\"name\":\"B Omb B Omb\",\"tel\":null,\"place\":null,\"subdistrict\":null,\"district\":null,\"province\":null,\"post\":null}', NULL, NULL, NULL, '208293229966726', 'B Omb B Omb', ''),
(146, NULL, NULL, '{\"name\":\"Dechachan Duangchin\",\"tel\":null,\"place\":null,\"subdistrict\":null,\"district\":null,\"province\":null,\"post\":null}', NULL, NULL, NULL, '2167947339898594', 'Dechachan Duangchin', 'kobori.basicguitar@gmail.com'),
(147, NULL, NULL, '{\"name\":\"Kandit S. Lekhawannawijit\",\"tel\":null,\"place\":null,\"subdistrict\":null,\"district\":null,\"province\":null,\"post\":null}', NULL, NULL, NULL, '2125351711041430', 'Kandit S. Lekhawannawijit', 'kandit_win@hotmail.com'),
(148, NULL, NULL, '{\"name\":\"Ramona na chiengmai\",\"tel\":\"0876576363\",\"home\":\"31/4  2\",\"place\":\"\",\"subdistrict\":\"\",\"district\":\"\",\"province\":\"\",\"post\":\"50100\"}', NULL, NULL, NULL, '1995325033875614', 'Naboon Ramona', 'nabooninfo@gmail.com'),
(149, NULL, NULL, '{\"name\":\"Krittipoom Poom Tuekeaw\",\"tel\":null,\"place\":null,\"subdistrict\":null,\"district\":null,\"province\":null,\"post\":null}', NULL, NULL, NULL, '1610924062339218', 'Krittipoom Poom Tuekeaw', 'jokercartoot@gmail.com'),
(150, NULL, NULL, '{\"name\":\"Natthawut Phuangmalee\",\"tel\":null,\"place\":null,\"subdistrict\":null,\"district\":null,\"province\":null,\"post\":null}', NULL, NULL, NULL, '473508226401079', 'Natthawut Phuangmalee', '2559natthawut@gmail.com'),
(151, NULL, NULL, '{\"name\":\"Teiin Wachirawit\",\"tel\":null,\"place\":null,\"subdistrict\":null,\"district\":null,\"province\":null,\"post\":null}', NULL, NULL, NULL, '1613018495464225', 'Teiin Wachirawit', 'teenzer-73@hotmail.com'),
(152, NULL, NULL, '{\"name\":\"Chc AP\",\"tel\":null,\"place\":null,\"subdistrict\":null,\"district\":null,\"province\":null,\"post\":null}', NULL, NULL, NULL, '856119694590110', 'Chc AP', 'test_test36@hotmail.com'),
(153, NULL, NULL, '{\"name\":\"Siwat Masena\",\"tel\":null,\"place\":null,\"subdistrict\":null,\"district\":null,\"province\":null,\"post\":null}', NULL, NULL, NULL, '1727530664004044', 'Siwat Masena', 'flukesiwat@gmail.com'),
(154, NULL, NULL, '{\"name\":\"Jirawat Archenirak\",\"tel\":\"0925202302\",\"home\":\"1286\",\"place\":\" 2 \",\"subdistrict\":\"\",\"district\":\"\",\"province\":\"\",\"post\":\"10160\"}', NULL, NULL, NULL, '2082202985360395', 'Jirawat Archenirak', 'peerock66@gmail.com'),
(155, NULL, NULL, '{\"name\":\"Papanin Sripaurya\",\"tel\":null,\"place\":null,\"subdistrict\":null,\"district\":null,\"province\":null,\"post\":null}', NULL, NULL, NULL, '1862236517139953', 'Papanin Sripaurya', 'gracesit17@hotmail.com'),
(156, NULL, NULL, '{\"name\":\"Kasma Boudsak\",\"tel\":\"\",\"home\":\"1043\",\"place\":\"\",\"subdistrict\":\"\",\"district\":\"\",\"province\":\"\",\"post\":\"81130\"}', NULL, NULL, NULL, '1991747984229966', 'Siwakorn Kantanabat', 'sasa55@windowslive.com'),
(157, NULL, NULL, '{\"name\":\"Khomcharn Ariyawanwit\",\"tel\":null,\"place\":null,\"subdistrict\":null,\"district\":null,\"province\":null,\"post\":null}', NULL, NULL, NULL, '1601262169987026', 'Khomcharn Ariyawanwit', 'khomcharn123@hotmail.com'),
(158, NULL, NULL, '{\"name\":\"DjGrvph Pariwat\",\"tel\":null,\"place\":null,\"subdistrict\":null,\"district\":null,\"province\":null,\"post\":null}', NULL, NULL, NULL, '1852040134848680', 'DjGrvph Pariwat', 'graphic2009@thaimail.com'),
(159, NULL, NULL, '{\"name\":\" \",\"tel\":null,\"place\":null,\"subdistrict\":null,\"district\":null,\"province\":null,\"post\":null}', NULL, NULL, NULL, '620771514970198', ' ', ''),
(160, NULL, NULL, '{\"name\":\"Apichat Kaewratanakorn\",\"tel\":null,\"place\":null,\"subdistrict\":null,\"district\":null,\"province\":null,\"post\":null}', NULL, NULL, NULL, '10211685584238406', 'Apichat Kaewratanakorn', 'tonychopper13@gmail.com'),
(161, NULL, NULL, '{\"name\":\"Treeneth Linglom\",\"tel\":null,\"place\":null,\"subdistrict\":null,\"district\":null,\"province\":null,\"post\":null}', NULL, NULL, NULL, '960343077470341', 'Treeneth Linglom', 'linglomtm@hotmail.co.th'),
(162, NULL, NULL, '{\"name\":\"Suputchasiri Kumchompoo\",\"tel\":null,\"place\":null,\"subdistrict\":null,\"district\":null,\"province\":null,\"post\":null}', NULL, NULL, NULL, '259802651232798', 'Suputchasiri Kumchompoo', ''),
(163, NULL, NULL, '{\"name\":\" \",\"tel\":\"0971714645\",\"home\":\"114/1 \",\"place\":\"\",\"subdistrict\":\"\",\"district\":\"\",\"province\":\"\",\"post\":\"20170\"}', NULL, NULL, NULL, '2028334084083069', ' ', 'first1st0711@outlook.com'),
(164, NULL, NULL, '{\"name\":\"OM LiNe ZoOm\",\"tel\":null,\"place\":null,\"subdistrict\":null,\"district\":null,\"province\":null,\"post\":null}', NULL, NULL, NULL, '955998431244596', 'OM LiNe ZoOm', 'mom0810211457@hotmail.com'),
(165, NULL, NULL, '{\"name\":\"Nichakorn Suwunnatee\",\"tel\":null,\"place\":null,\"subdistrict\":null,\"district\":null,\"province\":null,\"post\":null}', NULL, NULL, NULL, '1765157843537180', 'Nichakorn Suwunnatee', 'opoal2@hotmail.com'),
(166, NULL, NULL, '{\"name\":\"Prince Yeampun\",\"tel\":null,\"place\":null,\"subdistrict\":null,\"district\":null,\"province\":null,\"post\":null}', NULL, NULL, NULL, '10211830290368322', 'Prince Yeampun', 'prince_slurslur@hotmail.com'),
(167, NULL, NULL, '{\"name\":\"Pongnarin Padsamala\",\"tel\":null,\"place\":null,\"subdistrict\":null,\"district\":null,\"province\":null,\"post\":null}', NULL, NULL, NULL, '10209700287784075', 'Pongnarin Padsamala', 'noname21014@hotmail.com'),
(168, NULL, NULL, '{\"name\":\" \",\"tel\":null,\"place\":null,\"subdistrict\":null,\"district\":null,\"province\":null,\"post\":null}', NULL, NULL, NULL, '2060186707590242', ' ', 'tubriang.0147@gmail.com'),
(169, NULL, NULL, '{\"name\":\"Kichwipath Chawna\",\"tel\":null,\"place\":null,\"subdistrict\":null,\"district\":null,\"province\":null,\"post\":null}', NULL, NULL, NULL, '2081502202105120', 'Kichwipath Chawna', 'nakonnayok26001@hotmail.com'),
(170, NULL, NULL, '{\"name\":\"Chol Cholachon\",\"tel\":null,\"place\":null,\"subdistrict\":null,\"district\":null,\"province\":null,\"post\":null}', NULL, NULL, NULL, '10155522399283297', 'Chol Cholachon', 'davilmaycry@hotmail.com'),
(171, NULL, NULL, '{\"name\":\"Waroot Hanroongcharotorn\",\"tel\":null,\"place\":null,\"subdistrict\":null,\"district\":null,\"province\":null,\"post\":null}', NULL, NULL, NULL, '1141229362686107', 'Waroot Hanroongcharotorn', 'moodangjames@hotmail.com'),
(172, NULL, NULL, '{\"name\":\"Rangsan Somtua\",\"tel\":\"0617734538\",\"home\":\"85/8 6 \",\"place\":\" 66 \",\"subdistrict\":\"\",\"district\":\"\",\"province\":\"\",\"post\":\"10160\"}', NULL, NULL, NULL, '1721615644599807', 'Rangsan Somtua', 'fifadragon123@hotmail.com'),
(173, NULL, NULL, '{\"name\":\"Giew Jaruwat\",\"tel\":null,\"place\":null,\"subdistrict\":null,\"district\":null,\"province\":null,\"post\":null}', NULL, NULL, NULL, '2107980369216371', 'Giew Jaruwat', 'momogame77@hotmail.com'),
(174, NULL, NULL, '{\"name\":\"Apicha Iamlaor\",\"tel\":null,\"place\":null,\"subdistrict\":null,\"district\":null,\"province\":null,\"post\":null}', NULL, NULL, NULL, '389117091567037', 'Apicha Iamlaor', 'apicha0006@gmail.com'),
(175, NULL, NULL, '{\"name\":\" \",\"tel\":\"0830733169\",\"home\":\"133/2 \",\"place\":\"17 \",\"subdistrict\":\"\",\"district\":\"\",\"province\":\"\",\"post\":\"10300\"}', NULL, NULL, NULL, '1829909787067472', 'Tanyawan Moongrukchon', 'casino_girl14@hotmail.com'),
(176, NULL, NULL, '{\"name\":\"Nattapol Seemasittikun\",\"tel\":\"0928565312\",\"home\":\"15 .5\",\"place\":\"\",\"subdistrict\":\"\",\"district\":\"\",\"province\":\"\",\"post\":\"16150\"}', NULL, NULL, NULL, '1318255461639619', 'Nattapol Seemasittikun', 'fiaza16150@hotmail.com'),
(177, NULL, NULL, '{\"name\":\"Starlord Toey\",\"tel\":null,\"place\":null,\"subdistrict\":null,\"district\":null,\"province\":null,\"post\":null}', NULL, NULL, NULL, '1915165205221882', 'Starlord Toey', 'toystore2012@hotmail.com'),
(178, NULL, NULL, '{\"name\":\"CTrong Peeruch Radomkij\",\"tel\":null,\"place\":null,\"subdistrict\":null,\"district\":null,\"province\":null,\"post\":null}', NULL, NULL, NULL, '1712402768797048', 'CTrong Peeruch Radomkij', 'peeruchra@gmail.com'),
(179, NULL, NULL, '{\"name\":\" \",\"tel\":\"0909898378\",\"home\":\"39/7\",\"place\":\"\",\"subdistrict\":\"\",\"district\":\"\",\"province\":\"\",\"post\":\"10330\"}', NULL, NULL, NULL, '10156421665883035', 'Susima Kangwanpornchai', 'nn_a_nn@hotmail.com'),
(180, NULL, NULL, '{\"name\":\"Pannawit Panyaprasertkul\",\"tel\":null,\"place\":null,\"subdistrict\":null,\"district\":null,\"province\":null,\"post\":null}', NULL, NULL, NULL, '1121427431333458', 'Pannawit Panyaprasertkul', 'rno2546@hotmail.com'),
(181, NULL, NULL, '{\"name\":\"Aom St\",\"tel\":null,\"place\":null,\"subdistrict\":null,\"district\":null,\"province\":null,\"post\":null}', NULL, NULL, NULL, '1672659449478192', 'Aom St', 'aom_thing_tong@hotmail.com'),
(182, NULL, NULL, '{\"name\":\"Beer London\",\"tel\":null,\"place\":null,\"subdistrict\":null,\"district\":null,\"province\":null,\"post\":null}', NULL, NULL, NULL, '361795321008631', 'Beer London', ''),
(183, NULL, NULL, '{\"name\":\"Toon Tanya\",\"tel\":null,\"place\":null,\"subdistrict\":null,\"district\":null,\"province\":null,\"post\":null}', NULL, NULL, NULL, '1680373318664400', 'Toon Tanya', 'latesttoon7@gmail.com'),
(184, NULL, NULL, '{\"name\":\"Arthena Valence\",\"tel\":null,\"place\":null,\"subdistrict\":null,\"district\":null,\"province\":null,\"post\":null}', NULL, NULL, NULL, '1537386336371756', 'Arthena Valence', 'arthena_icetea@windowslive.com'),
(185, NULL, NULL, '{\"name\":\"Bank Napat\",\"tel\":null,\"place\":null,\"subdistrict\":null,\"district\":null,\"province\":null,\"post\":null}', NULL, NULL, NULL, '1607361046043482', 'Bank Napat', ''),
(186, NULL, NULL, '{\"name\":\" \",\"tel\":\"0616385708\",\"home\":\"48/5\",\"place\":\"\",\"subdistrict\":\"\",\"district\":\"\",\"province\":\"\",\"post\":\"54110\"}', NULL, NULL, NULL, '164498350891552', 'A\'art Aphisit', 'mrart899@gmail.com'),
(187, NULL, NULL, '{\"name\":\"Choedchai Chairattanakundet\",\"tel\":null,\"place\":null,\"subdistrict\":null,\"district\":null,\"province\":null,\"post\":null}', NULL, NULL, NULL, '2042265582658044', 'Choedchai Chairattanakundet', 'cherdchai818@gmail.com'),
(188, NULL, NULL, '{\"name\":\"Kuki Kuki\",\"tel\":null,\"place\":null,\"subdistrict\":null,\"district\":null,\"province\":null,\"post\":null}', NULL, NULL, NULL, '184867449002796', 'Kuki Kuki', ''),
(189, NULL, NULL, '{\"name\":\"Wuttinun Chantapan\",\"tel\":null,\"place\":null,\"subdistrict\":null,\"district\":null,\"province\":null,\"post\":null}', NULL, NULL, NULL, '2571366426422701', 'Wuttinun Chantapan', 'wuttinunc@gmail.com'),
(190, NULL, NULL, '{\"name\":\"Thanesuan Phimpha\",\"tel\":null,\"place\":null,\"subdistrict\":null,\"district\":null,\"province\":null,\"post\":null}', NULL, NULL, NULL, '1004752176342432', 'Thanesuan Phimpha', 'thanesuan07@hotmail.com'),
(191, NULL, NULL, '{\"name\":\"ErkArk Davivongs Na Ayudhya\",\"tel\":\"0625958688\",\"home\":\"177/46\",\"place\":\"2 \",\"subdistrict\":\"\",\"district\":\"\",\"province\":\"\",\"post\":\"10330\"}', NULL, NULL, NULL, '1295197103947785', 'ErkArk Davivongs Na Ayudhya', 'tira.davi@hotmail.com'),
(192, NULL, NULL, '{\"name\":\" \",\"tel\":\"0918528306\",\"home\":\"925/34\",\"place\":\" 1\",\"subdistrict\":\"\",\"district\":\"\",\"province\":\"\",\"post\":\"57130\"}', NULL, NULL, NULL, '2084050898541972', ' ', 'ohmstory012@hotmail.com'),
(193, NULL, NULL, '{\"name\":\" \",\"tel\":\"0931577578\",\"home\":\"275 7\",\"place\":\" -\",\"subdistrict\":\"\",\"district\":\"\",\"province\":\"\",\"post\":\"55000\"}', NULL, NULL, NULL, '1807866099510324', 'Yang Jaroonroj', 'yangzaza27@gmail.com'),
(194, NULL, NULL, '{\"name\":\"Phoon Phoon\",\"tel\":null,\"place\":null,\"subdistrict\":null,\"district\":null,\"province\":null,\"post\":null}', NULL, NULL, NULL, '10209072575811156', 'Phoon Phoon', 'woo_juju@hotmail.com'),
(195, NULL, NULL, '{\"name\":\"Pawaris Pattrapronpibool\",\"tel\":null,\"place\":null,\"subdistrict\":null,\"district\":null,\"province\":null,\"post\":null}', NULL, NULL, NULL, '183918315766112', 'Pawaris Pattrapronpibool', ''),
(196, NULL, NULL, '{\"name\":\"Aki Ravana\",\"tel\":null,\"place\":null,\"subdistrict\":null,\"district\":null,\"province\":null,\"post\":null}', NULL, NULL, NULL, '1322838411151678', 'Aki Ravana', 'oraki_2479@hotmail.com'),
(197, NULL, NULL, '{\"name\":\"Hathaiphan Chantui\",\"tel\":null,\"place\":null,\"subdistrict\":null,\"district\":null,\"province\":null,\"post\":null}', NULL, NULL, NULL, '2279724328704700', 'Hathaiphan Chantui', 'rock_ky_ky@hotmail.com');
INSERT INTO `customer` (`customer_id`, `username`, `password_hash`, `address`, `firstname`, `lastname`, `tel`, `fbid`, `fbname`, `fbemail`) VALUES
(198, NULL, NULL, '{\"name\":\"  \",\"tel\":\"0937892748\",\"home\":\"98/3 \",\"place\":\" 9\",\"subdistrict\":\"\",\"district\":\"\",\"province\":\"\",\"post\":\"80220\"}', NULL, NULL, NULL, '1667987856619292', 'Ohm', 'reborn_999@hotmail.com'),
(199, NULL, NULL, '{\"name\":\"Pongsapak Ratipunyapornkun\",\"tel\":\"0959987159\",\"home\":\"123/4\",\"place\":\" 4\",\"subdistrict\":\"\",\"district\":\"\",\"province\":\"\",\"post\":\"22120\"}', NULL, NULL, NULL, '1561008344026837', 'Pongsapak Ratipunyapornkun', 'nainaiz_99@hotmail.co.th'),
(200, NULL, NULL, '{\"name\":\"Wisanukorn Tanrungrueng\",\"tel\":\"0854111252\",\"home\":\"807\",\"place\":\"   79\",\"subdistrict\":\"\",\"district\":\"\",\"province\":\"\",\"post\":\"10160\"}', NULL, NULL, NULL, '2051017488450216', 'Wisanukorn Tanrungrueng', 'northzaza2@hotmail.com'),
(201, NULL, NULL, '{\"name\":\"Fourth Supanat Suebsureekul\",\"tel\":\"0829525505\",\"home\":\"24/6 \",\"place\":\"\",\"subdistrict\":\"\",\"district\":\"\",\"province\":\"\",\"post\":\"67000\"}', NULL, NULL, NULL, '1284707141632725', 'Fourth Supanat Suebsureekul', 'fourth5@hotmail.com'),
(202, NULL, NULL, '{\"name\":\"Rajikran Kosin\",\"tel\":\"0895740495\",\"home\":\"111  4 \",\"place\":\"-\",\"subdistrict\":\"\",\"district\":\"\",\"province\":\"\",\"post\":\"41260\"}', NULL, NULL, NULL, '2070607336527988', 'Rajikran Kosin', 'rajikran_2540@hotmail.com'),
(203, NULL, NULL, '{\"name\":\" \",\"tel\":\"0899493990\",\"home\":\"333    \",\"place\":\" 1 \",\"subdistrict\":\"\",\"district\":\"\",\"province\":\"\",\"post\":\"10400\"}', NULL, NULL, NULL, '10155228489452046', 'Tanapat Pum-im', 'tanapatpumim@gmail.com'),
(204, NULL, NULL, '{\"name\":\"Paweennuch Wiangwalai\",\"tel\":null,\"place\":null,\"subdistrict\":null,\"district\":null,\"province\":null,\"post\":null}', NULL, NULL, NULL, '1883458458351517', 'Paweennuch Wiangwalai', 'nu-kanaae@hotmail.com'),
(205, NULL, NULL, '{\"name\":\"Khaow Kanlayarat\",\"tel\":null,\"place\":null,\"subdistrict\":null,\"district\":null,\"province\":null,\"post\":null}', NULL, NULL, NULL, '1029497193895675', 'Khaow Kanlayarat', 'kanlayarat_kraw@hotmail.com'),
(206, NULL, NULL, '{\"name\":\" \",\"tel\":\"0865653808\",\"home\":\"588\",\"place\":\"69\",\"subdistrict\":\"\",\"district\":\"\",\"province\":\"\",\"post\":\"10700\"}', NULL, NULL, NULL, '2075302572499474', 'JJ KanSsl', 'jj.kans@gmail.com'),
(207, NULL, NULL, '{\"name\":\"Pech Pongsakon\",\"tel\":null,\"place\":null,\"subdistrict\":null,\"district\":null,\"province\":null,\"post\":null}', NULL, NULL, NULL, '183491519144292', 'Pech Pongsakon', ''),
(208, NULL, NULL, '{\"name\":\"Platoo Kty\",\"tel\":null,\"place\":null,\"subdistrict\":null,\"district\":null,\"province\":null,\"post\":null}', NULL, NULL, NULL, '1806837886043728', 'Platoo Kty', 'platoopt22@hotmail.com'),
(209, NULL, NULL, '{\"name\":\"Banlangsin Noinop\",\"tel\":\"0946377322\",\"home\":\"205/18 .23\",\"place\":\" 4\",\"subdistrict\":\"\",\"district\":\"\",\"province\":\"\",\"post\":\"57000\"}', NULL, NULL, NULL, '1486592841449520', 'Banlangsin Noinop', ''),
(210, NULL, NULL, '{\"name\":\"Settawut Timinkul\",\"tel\":\"0979385661\",\"home\":\"389/125\",\"place\":\"5\",\"subdistrict\":\"\",\"district\":\"\",\"province\":\"\",\"post\":\"50100\"}', NULL, NULL, NULL, '1356974494402482', 'Settawut Timinkul', 'asia_lnw2544@hotmail.com'),
(211, NULL, NULL, '{\"name\":\" \",\"tel\":\"0847143295\",\"home\":\"55\",\"place\":\" 39 1-1\",\"subdistrict\":\"\",\"district\":\"\",\"province\":\"\",\"post\":\"10140\"}', NULL, NULL, NULL, '1307369082730502', ' ', 'ampmer88@hotmail.com'),
(212, NULL, NULL, '{\"name\":\"Polkrit Soommat\",\"tel\":null,\"place\":null,\"subdistrict\":null,\"district\":null,\"province\":null,\"post\":null}', NULL, NULL, NULL, '1704673876307348', 'Polkrit Soommat', 'fiat191@hotmail.com'),
(213, NULL, NULL, '{\"name\":\"Nontapat Stamper\",\"tel\":null,\"place\":null,\"subdistrict\":null,\"district\":null,\"province\":null,\"post\":null}', NULL, NULL, NULL, '1742163579193473', 'Nontapat Stamper', 'ooping7789@hotmail.com'),
(214, NULL, NULL, '{\"name\":\" \",\"tel\":\"0626848812\",\"home\":\"612/5\",\"place\":\"  109  \",\"subdistrict\":\"\",\"district\":\"\",\"province\":\"\",\"post\":\"10120\"}', NULL, NULL, NULL, '1750372495005886', 'Malik Marumdee', 'panatda-nang@hotmail.com'),
(215, NULL, NULL, '{\"name\":\"Samatcha Jubjai\",\"tel\":null,\"place\":null,\"subdistrict\":null,\"district\":null,\"province\":null,\"post\":null}', NULL, NULL, NULL, '947395365434794', 'Samatcha Jubjai', 'wweraw12588521@hotmail.com'),
(216, NULL, NULL, '{\"name\":\"Ball Pongsapak\",\"tel\":\"0612867686\",\"home\":\"9/5 .3\",\"place\":\"\",\"subdistrict\":\"\",\"district\":\"\",\"province\":\"\",\"post\":\"50100\"}', NULL, NULL, NULL, '248238109058329', 'Ball Pongsapak', 'misterballoon101@hotmail.com'),
(217, NULL, NULL, '{\"name\":\" \",\"tel\":\"0981576082\",\"home\":\"383/2\",\"place\":\"\",\"subdistrict\":\"\",\"district\":\"\",\"province\":\"\",\"post\":\"47000\"}', NULL, NULL, NULL, '2001673063482815', 'Sun Day', 'ssrenz170@gmail.com'),
(218, NULL, NULL, '{\"name\":\"Tum Natthawut Messan\",\"tel\":null,\"place\":null,\"subdistrict\":null,\"district\":null,\"province\":null,\"post\":null}', NULL, NULL, NULL, '2087935218131185', 'Tum Natthawut Messan', 'tumloved@gmail.com'),
(219, NULL, NULL, '{\"name\":\"Aphinyarak Janploy()\",\"tel\":\"0875789222\",\"home\":\" 230 .6 \",\"place\":\"\",\"subdistrict\":\"\",\"district\":\"\",\"province\":\"\",\"post\":\"30000\"}', NULL, NULL, NULL, '10156199806131142', 'Aphinyarak Janploy', 'starkisss222@gmail.com'),
(220, NULL, NULL, '{\"name\":\"Piyamon Tiengsombun\",\"tel\":null,\"place\":null,\"subdistrict\":null,\"district\":null,\"province\":null,\"post\":null}', NULL, NULL, NULL, '462644754170132', 'Piyamon Tiengsombun', 'piyamon83.tha@gmail.com'),
(221, NULL, NULL, '{\"name\":\"  \",\"tel\":\"0843477578\",\"home\":\"47/13  4\",\"place\":\"\",\"subdistrict\":\"\",\"district\":\"\",\"province\":\"\",\"post\":\"21000\"}', NULL, NULL, NULL, '1689969194429037', 'G\'Golf Danusorn', 'golf102010@gmail.com'),
(222, NULL, NULL, '{\"name\":\"Guy Chanakun\",\"tel\":null,\"place\":null,\"subdistrict\":null,\"district\":null,\"province\":null,\"post\":null}', NULL, NULL, NULL, '2093121297639449', 'Guy Chanakun', 'guy123484@gmail.com'),
(223, NULL, NULL, '{\"name\":\"\",\"tel\":null,\"place\":null,\"subdistrict\":null,\"district\":null,\"province\":null,\"post\":null}', NULL, NULL, NULL, '2152265741686167', '', 'aon7654@hotmail.com'),
(224, NULL, NULL, '{\"name\":\"Xiaoxian Ng\",\"tel\":\"0992401534\",\"home\":\"A.p. Apartment ( 209)\",\"place\":\"-\",\"subdistrict\":\"\",\"district\":\"\",\"province\":\"\",\"post\":\"57100\"}', NULL, NULL, NULL, '2060203310921836', 'Xiaoxian Ng', 'xianly999@gmail.com'),
(225, NULL, NULL, '{\"name\":\"Phattanan Thammachuen\",\"tel\":null,\"place\":null,\"subdistrict\":null,\"district\":null,\"province\":null,\"post\":null}', NULL, NULL, NULL, '2101429296760607', 'Phattanan Thammachuen', 'phattanan-mod@hotmail.com'),
(226, NULL, NULL, '{\"name\":\"Coffee Chutimantanon\",\"tel\":null,\"place\":null,\"subdistrict\":null,\"district\":null,\"province\":null,\"post\":null}', NULL, NULL, NULL, '1074836692663609', 'Coffee Chutimantanon', 'kafae2244@gmail.com'),
(227, NULL, NULL, '{\"name\":\" \",\"tel\":\"0860500243\",\"home\":\"29/2\",\"place\":\"3\",\"subdistrict\":\"\",\"district\":\"\",\"province\":\"\",\"post\":\"10170\"}', NULL, NULL, NULL, '1105838009559046', 'Naphop Silasana', 'boom_rockzaza@hotmail.com'),
(228, NULL, NULL, '{\"name\":\"Nuttakun Butkaew\",\"tel\":\"0933805220\",\"home\":\"101 .8 \",\"place\":\"-\",\"subdistrict\":\"\",\"district\":\"\",\"province\":\"\",\"post\":\"37180\"}', NULL, NULL, NULL, '2059960020925091', 'Nuttakun Butkaew', 'pui_zootoo@hotmail.com'),
(229, NULL, NULL, '{\"name\":\"Arthima Vongchom\",\"tel\":\"0648082762\",\"home\":\"143/12\",\"place\":\"\",\"subdistrict\":\"\",\"district\":\"\",\"province\":\"\",\"post\":\"35140\"}', NULL, NULL, NULL, '288544921684289', 'Arthima Vongchom', 'leiaanime2545@gmail.com'),
(230, NULL, NULL, '{\"name\":\"Pimpisut Manasoonthontham\",\"tel\":null,\"place\":null,\"subdistrict\":null,\"district\":null,\"province\":null,\"post\":null}', NULL, NULL, NULL, '1849370941793520', 'Pimpisut Manasoonthontham', 'gu_pen_tom@hotmail.com'),
(231, NULL, NULL, '{\"name\":\" \",\"tel\":null,\"place\":null,\"subdistrict\":null,\"district\":null,\"province\":null,\"post\":null}', NULL, NULL, NULL, '2053007318321352', ' ', 'sompuntana.a@gmail.com'),
(232, NULL, NULL, '{\"name\":\"\'\",\"tel\":null,\"place\":null,\"subdistrict\":null,\"district\":null,\"province\":null,\"post\":null}', NULL, NULL, NULL, '911388489042448', '\'', 'icekungz2545@gmail.com'),
(233, NULL, NULL, '{\"name\":\"Krit Prayunwanich\",\"tel\":\"0876887888\",\"home\":\"443 \",\"place\":\"\",\"subdistrict\":\"\",\"district\":\"\",\"province\":\"\",\"post\":\"10400\"}', NULL, NULL, NULL, '10156654226897994', 'Krit Prayunwanich', 'listmatic@hotmail.com'),
(234, NULL, NULL, '{\"name\":\"Pee Punnawat\",\"tel\":null,\"place\":null,\"subdistrict\":null,\"district\":null,\"province\":null,\"post\":null}', NULL, NULL, NULL, '954983167996593', 'Pee Punnawat', 'pee-rocker@hotmail.com'),
(235, NULL, NULL, '{\"name\":\" \",\"tel\":null,\"place\":null,\"subdistrict\":null,\"district\":null,\"province\":null,\"post\":null}', NULL, NULL, NULL, '841791202681577', ' ', 'san159810@gmail.com'),
(236, NULL, NULL, '{\"name\":\"Krittawat Ditrod\",\"tel\":null,\"place\":null,\"subdistrict\":null,\"district\":null,\"province\":null,\"post\":null}', NULL, NULL, NULL, '1702443669842458', 'Krittawat Ditrod', 'tutor2543@hotmail.com'),
(237, NULL, NULL, '{\"name\":\"Wachira Pinsinchai\",\"tel\":null,\"place\":null,\"subdistrict\":null,\"district\":null,\"province\":null,\"post\":null}', NULL, NULL, NULL, '1805789029459952', 'Wachira Pinsinchai', 'wachi211@yahoo.com'),
(238, NULL, NULL, '{\"name\":\" \",\"tel\":\"0948980912\",\"home\":\"835/32\",\"place\":\"\",\"subdistrict\":\"\",\"district\":\"\",\"province\":\"\",\"post\":\"20000\"}', NULL, NULL, NULL, '2037653789818605', 'Watcharaphon Tasutin', 'maxmaxsis@outlook.com'),
(239, NULL, NULL, '{\"name\":\"Phukaow\",\"tel\":null,\"place\":null,\"subdistrict\":null,\"district\":null,\"province\":null,\"post\":null}', NULL, NULL, NULL, '2075987339343506', 'Phukaow', 'pookaow123@hotmail.com'),
(240, NULL, NULL, '{\"name\":\"Wisanu Manyawut\",\"tel\":\"0949538885\",\"home\":\"  \",\"place\":\"\",\"subdistrict\":\"\",\"district\":\"\",\"province\":\"\",\"post\":\"10900\"}', NULL, NULL, NULL, '1697674570327951', 'Wisanu Manyawut', 'onglord_0305@hotmail.com'),
(241, NULL, NULL, '{\"name\":\"Jaroon Wannasoog\",\"tel\":null,\"place\":null,\"subdistrict\":null,\"district\":null,\"province\":null,\"post\":null}', NULL, NULL, NULL, '2045882278773168', 'Jaroon Wannasoog', 'jaroonsexsex2009@windowslive.com'),
(242, NULL, NULL, '{\"name\":\"Tissana Ketkang\",\"tel\":null,\"place\":null,\"subdistrict\":null,\"district\":null,\"province\":null,\"post\":null}', NULL, NULL, NULL, '584383498606102', 'Tissana Ketkang', 'play_pt@hotmail.com'),
(243, NULL, NULL, '{\"name\":\"Panasya Panich\",\"tel\":null,\"place\":null,\"subdistrict\":null,\"district\":null,\"province\":null,\"post\":null}', NULL, NULL, NULL, '1340190786125915', 'Panasya Panich', 'mareia_med@hotmail.com'),
(244, NULL, NULL, '{\"name\":\"Paam Pamz\",\"tel\":null,\"place\":null,\"subdistrict\":null,\"district\":null,\"province\":null,\"post\":null}', NULL, NULL, NULL, '1622783251108565', 'Paam Pamz', 'paampamm@hotmail.com'),
(245, NULL, NULL, '{\"name\":\"Natpakhul Thasanasuwan\",\"tel\":null,\"place\":null,\"subdistrict\":null,\"district\":null,\"province\":null,\"post\":null}', NULL, NULL, NULL, '1684717838278903', 'Natpakhul Thasanasuwan', 'watermelon0711@gmail.com'),
(246, NULL, NULL, '{\"name\":\"Mrp Woraphat\",\"tel\":\"0810365687\",\"home\":\"4\",\"place\":\" 14 \",\"subdistrict\":\"\",\"district\":\"\",\"province\":\"\",\"post\":\"53000\"}', NULL, NULL, NULL, '1716158825140123', 'Mrp Woraphat', 'pp2542_0231@hotmail.com'),
(247, NULL, NULL, '{\"name\":\"Watcharawadee Sriprom\",\"tel\":null,\"place\":null,\"subdistrict\":null,\"district\":null,\"province\":null,\"post\":null}', NULL, NULL, NULL, '10214466798036644', 'Watcharawadee Sriprom', 'water_pkt@hotmail.com'),
(248, NULL, NULL, '{\"name\":\"Pattaweekan Sriwasuth\",\"tel\":null,\"place\":null,\"subdistrict\":null,\"district\":null,\"province\":null,\"post\":null}', NULL, NULL, NULL, '1841702815881554', 'Pattaweekan Sriwasuth', 'qoqpongqoq@gmail.com'),
(249, NULL, NULL, '{\"name\":\". \",\"tel\":\"0972251554\",\"home\":\"133/15\",\"place\":\"2\",\"subdistrict\":\"\",\"district\":\"\",\"province\":\"\",\"post\":\"74110\"}', NULL, NULL, NULL, '1699417760153590', 'Nutnicha Saisuwan', 'dream_lovemak@hotmail.com'),
(250, NULL, NULL, '{\"name\":\" \",\"tel\":\"0838917262\",\"home\":\"22\",\"place\":\"5 \",\"subdistrict\":\"\",\"district\":\"\",\"province\":\"\",\"post\":\"10240\"}', NULL, NULL, NULL, '2115225365171714', 'Art Anuvat', 'siam4421@outlook.com'),
(251, NULL, NULL, '{\"name\":\"Meen Jirapat\",\"tel\":null,\"place\":null,\"subdistrict\":null,\"district\":null,\"province\":null,\"post\":null}', NULL, NULL, NULL, '1663759367064294', 'Meen Jirapat', 'englands007@hotmail.com'),
(252, NULL, NULL, '{\"name\":\"O OAt InDy\",\"tel\":\"0971783931\",\"home\":\"1010/109\",\"place\":\" 85   \",\"subdistrict\":\"\",\"district\":\"\",\"province\":\"\",\"post\":\"10220\"}', NULL, NULL, NULL, '1826657660974311', 'O OAt InDy', 'most7789332@gmail.com'),
(253, NULL, NULL, '{\"name\":\"Story Kunanon Kurujaroen\",\"tel\":null,\"place\":null,\"subdistrict\":null,\"district\":null,\"province\":null,\"post\":null}', NULL, NULL, NULL, '1675869535826683', 'Story Kunanon Kurujaroen', 'story.o_o@msn.com'),
(254, NULL, NULL, '{\"name\":\"Narabordee Seangsanor\",\"tel\":null,\"place\":null,\"subdistrict\":null,\"district\":null,\"province\":null,\"post\":null}', NULL, NULL, NULL, '1622778674438284', 'Narabordee Seangsanor', 'tass3009@hotmail.com'),
(255, NULL, NULL, '{\"name\":\"F\'Film Wanwisa\",\"tel\":null,\"place\":null,\"subdistrict\":null,\"district\":null,\"province\":null,\"post\":null}', NULL, NULL, NULL, '446816469111742', 'F\'Film Wanwisa', ''),
(256, NULL, NULL, '{\"name\":\"Yanapat First\",\"tel\":null,\"place\":null,\"subdistrict\":null,\"district\":null,\"province\":null,\"post\":null}', NULL, NULL, NULL, '1702962419799585', 'Yanapat First', 'p.first2547@gmail.com'),
(257, NULL, NULL, '{\"name\":\"Pasin Reumraksachaikul\",\"tel\":null,\"place\":null,\"subdistrict\":null,\"district\":null,\"province\":null,\"post\":null}', NULL, NULL, NULL, '1226068707529921', 'Pasin Reumraksachaikul', 'boomreum@hotmail.com'),
(258, NULL, NULL, '{\"name\":\"Pimnara Kaewkong\",\"tel\":null,\"place\":null,\"subdistrict\":null,\"district\":null,\"province\":null,\"post\":null}', NULL, NULL, NULL, '2066091336941412', 'Pimnara Kaewkong', 'pimnara-kk@hotmail.com'),
(259, NULL, NULL, '{\"name\":\" \",\"tel\":\"0985792351\",\"home\":\"39/19\",\"place\":\"\",\"subdistrict\":\"\",\"district\":\"\",\"province\":\"\",\"post\":\"21150\"}', NULL, NULL, NULL, '2024298767819347', 'Taweesap Inliang', 'noom.taweesap@gmail.com'),
(260, NULL, NULL, '{\"name\":\"Nattawat Thongsri\",\"tel\":null,\"place\":null,\"subdistrict\":null,\"district\":null,\"province\":null,\"post\":null}', NULL, NULL, NULL, '391681251347175', 'Nattawat Thongsri', ''),
(261, NULL, NULL, '{\"name\":\"Chinapat Petadireg\",\"tel\":null,\"place\":null,\"subdistrict\":null,\"district\":null,\"province\":null,\"post\":null}', NULL, NULL, NULL, '1659168287483271', 'Chinapat Petadireg', ''),
(262, NULL, NULL, '{\"name\":\"Rathipas Wannaphong\",\"tel\":\"0819559913\",\"home\":\"   437/219\",\"place\":\".\",\"subdistrict\":\"\",\"district\":\"\",\"province\":\"\",\"post\":\"31000\"}', NULL, NULL, NULL, '327270277801795', 'Rathipas Wannaphong', 'rathipass.w@gmail.com'),
(263, NULL, NULL, '{\"name\":\"Benjarat Chansamut\",\"tel\":\"0920049599\",\"home\":\"519/14\",\"place\":\"54/1\",\"subdistrict\":\"\",\"district\":\"\",\"province\":\"\",\"post\":\"10220\"}', NULL, NULL, NULL, '2564575730434719', 'Benjarat Chansamut', 'benniiz0079@hotmail.com'),
(264, NULL, NULL, '{\"name\":\"Shota Fujita\",\"tel\":null,\"place\":null,\"subdistrict\":null,\"district\":null,\"province\":null,\"post\":null}', NULL, NULL, NULL, '1808489969194383', 'Shota Fujita', 'shotalovelyboy25@gmail.com'),
(265, NULL, NULL, '{\"name\":\"Sorwee P. Bank\",\"tel\":null,\"place\":null,\"subdistrict\":null,\"district\":null,\"province\":null,\"post\":null}', NULL, NULL, NULL, '10211408075135309', 'Sorwee P. Bank', 'sorwee.ssru@gmail.com'),
(266, NULL, NULL, '{\"name\":\"Phiriya Phothikeeratikul\",\"tel\":null,\"place\":null,\"subdistrict\":null,\"district\":null,\"province\":null,\"post\":null}', NULL, NULL, NULL, '375211222974995', 'Phiriya Phothikeeratikul', 'worldclassplus@gmail.com'),
(267, NULL, NULL, '{\"name\":\" \",\"tel\":\"0956064895\",\"home\":\"288/3 .17\",\"place\":\"\",\"subdistrict\":\"\",\"district\":\"\",\"province\":\"\",\"post\":\"10130\"}', NULL, NULL, NULL, '10155344883710918', ' ', 'moo_sadoho@hotmail.com'),
(268, NULL, NULL, '{\"name\":\"Phawarit Somsakulrungruang\",\"tel\":\"0820765589\",\"home\":\"99 9\",\"place\":\"64/11 107\",\"subdistrict\":\"\",\"district\":\"\",\"province\":\"\",\"post\":\"10270\"}', NULL, NULL, NULL, '1862638477368295', 'Phawarit Somsakulrungruang', 'rich19742@gmail.com'),
(269, NULL, NULL, '{\"name\":\"Weerapat Hongprasong\",\"tel\":null,\"place\":null,\"subdistrict\":null,\"district\":null,\"province\":null,\"post\":null}', NULL, NULL, NULL, '1515917338517850', 'Weerapat Hongprasong', 'eizo2542@hotmail.com'),
(270, NULL, NULL, '{\"name\":\" \",\"tel\":\"083-632-6444\",\"home\":\"4\",\"place\":\". .1\",\"subdistrict\":\"\",\"district\":\"\",\"province\":\"\",\"post\":\"83000\"}', NULL, NULL, NULL, '1505510262892201', 'Tanitta Techaniyom', 'tungmay29@hotmail.com'),
(271, NULL, NULL, '{\"name\":\"Suphanpisith Khammanee\",\"tel\":null,\"place\":null,\"subdistrict\":null,\"district\":null,\"province\":null,\"post\":null}', NULL, NULL, NULL, '952348181605255', 'Suphanpisith Khammanee', 'inthong30@hotmail.co.th'),
(272, NULL, NULL, '{\"name\":\"\",\"tel\":\"0992619860\",\"home\":\"64/2 .3\",\"place\":\"-\",\"subdistrict\":\"\",\"district\":\"\",\"province\":\"\",\"post\":\"15000\"}', NULL, NULL, NULL, '892644044253876', 'Teerapong Yensuk', 'jay9917@hotmail.com'),
(273, NULL, NULL, '{\"name\":\"Arm RedCarpet\",\"tel\":null,\"place\":null,\"subdistrict\":null,\"district\":null,\"province\":null,\"post\":null}', NULL, NULL, NULL, '10157481052009816', 'Arm RedCarpet', 'chayesako@hotmail.com'),
(274, NULL, NULL, '{\"name\":\"Maythawee Mungjaroen\",\"tel\":null,\"place\":null,\"subdistrict\":null,\"district\":null,\"province\":null,\"post\":null}', NULL, NULL, NULL, '10211995731069421', 'Maythawee Mungjaroen', 'milk-milkmilk@hotmail.com'),
(275, NULL, NULL, '{\"name\":\"Sun Saksakunwattana\",\"tel\":null,\"place\":null,\"subdistrict\":null,\"district\":null,\"province\":null,\"post\":null}', NULL, NULL, NULL, '2043381209308303', 'Sun Saksakunwattana', 'sun9545@hotmail.com'),
(276, NULL, NULL, '{\"name\":\"Jaturavit Jaimon\",\"tel\":null,\"place\":null,\"subdistrict\":null,\"district\":null,\"province\":null,\"post\":null}', NULL, NULL, NULL, '398054447329874', 'Jaturavit Jaimon', 'jaturavit2453@gmail.com'),
(277, NULL, NULL, '{\"name\":\"Surakiat Sukyoo\",\"tel\":\"0940891419\",\"home\":\"271/3 \",\"place\":\".5\",\"subdistrict\":\"\",\"district\":\"\",\"province\":\"\",\"post\":\"66190\"}', NULL, NULL, NULL, '1049136088584301', 'Surakiat Sukyoo', 'new_phai4@hotmail.com'),
(278, NULL, NULL, '{\"name\":\" \",\"tel\":\"0835869190\",\"home\":\"88  4\",\"place\":\"12\",\"subdistrict\":\"\",\"district\":\"\",\"province\":\"\",\"post\":\"20130\"}', NULL, NULL, NULL, '1941705262542478', 'Piriyakorn Anannaweenusorn', 'earng_naluk@windowslive.com'),
(279, NULL, NULL, '{\"name\":\"Woramate Aphiwungsokul\",\"tel\":null,\"place\":null,\"subdistrict\":null,\"district\":null,\"province\":null,\"post\":null}', NULL, NULL, NULL, '429155930884704', 'Woramate Aphiwungsokul', 'woramate01@gmail.com'),
(280, NULL, NULL, '{\"name\":\"Somboon Thunthong\",\"tel\":null,\"place\":null,\"subdistrict\":null,\"district\":null,\"province\":null,\"post\":null}', NULL, NULL, NULL, '1583138135141644', 'Somboon Thunthong', 'fixboonsf2@gmail.com'),
(281, NULL, NULL, '{\"name\":\" \",\"tel\":\"082 3539553\",\"home\":\"308\",\"place\":\" 2 .\",\"subdistrict\":\"\",\"district\":\"\",\"province\":\"\",\"post\":\"15000\"}', NULL, NULL, NULL, '1654191368035134', ' ', 'p.cream2542@hotmail.co.th'),
(282, NULL, NULL, '{\"name\":\"Poohltd Kiebielmited\",\"tel\":null,\"place\":null,\"subdistrict\":null,\"district\":null,\"province\":null,\"post\":null}', NULL, NULL, NULL, '777278199127063', 'Poohltd Kiebielmited', 'poojoe3557@gmail.com'),
(283, NULL, NULL, '{\"name\":\" \",\"tel\":null,\"place\":null,\"subdistrict\":null,\"district\":null,\"province\":null,\"post\":null}', NULL, NULL, NULL, '2467803599965913', ' ', 'fonzaza_2001@outlook.co.th'),
(284, NULL, NULL, '{\"name\":\"Pannatron Sopardit\",\"tel\":null,\"place\":null,\"subdistrict\":null,\"district\":null,\"province\":null,\"post\":null}', NULL, NULL, NULL, '328542781005357', 'Pannatron Sopardit', 'porgodzaza@gmail.com'),
(285, NULL, NULL, '{\"name\":\" \",\"tel\":\"0823422415\",\"home\":\"49/1 .8\",\"place\":\"\",\"subdistrict\":\"\",\"district\":\"\",\"province\":\"\",\"post\":\"53150\"}', NULL, NULL, NULL, '10209634359854561', 'Somjai Chinchad', 'somjai82@hotmail.com'),
(286, NULL, NULL, '{\"name\":\"Jirawut Oat Leelasuntaler\",\"tel\":null,\"place\":null,\"subdistrict\":null,\"district\":null,\"province\":null,\"post\":null}', NULL, NULL, NULL, '1834214729932125', 'Jirawut Oat Leelasuntaler', 'jirawut.leel@gmail.com'),
(287, NULL, NULL, '{\"name\":\" \",\"tel\":\"0814210366\",\"home\":\"56\",\"place\":\". .9 .9 1\",\"subdistrict\":\"\",\"district\":\"\",\"province\":\"\",\"post\":\"10250\"}', NULL, NULL, NULL, '1650780194999057', 'Attapol Poonthrigpun', 'attapol_tom@hotmail.com'),
(288, NULL, NULL, '{\"name\":\"Stang Prachabut\",\"tel\":null,\"place\":null,\"subdistrict\":null,\"district\":null,\"province\":null,\"post\":null}', NULL, NULL, NULL, '1759111614183482', 'Stang Prachabut', 'stang-13@hotmail.com'),
(289, NULL, NULL, '{\"name\":\"Kantawit Supsiri\",\"tel\":null,\"place\":null,\"subdistrict\":null,\"district\":null,\"province\":null,\"post\":null}', NULL, NULL, NULL, '202247757168973', 'Kantawit Supsiri', 'potter.henkungzinwza@gmail.com'),
(290, NULL, NULL, '{\"name\":\" \",\"tel\":\"0918404208\",\"home\":\"394/1 5 \",\"place\":\"-\",\"subdistrict\":\"\",\"district\":\"\",\"province\":\"\",\"post\":\"67140\"}', NULL, NULL, NULL, '1634626499967398', 'MMild Sarunporn', 'my24_45@hotmail.com'),
(291, NULL, NULL, '{\"name\":\" \",\"tel\":\"0909671231\",\"home\":\"52/130\",\"place\":\"  4/2 \",\"subdistrict\":\"\",\"district\":\"\",\"province\":\"\",\"post\":\"10540\"}', NULL, NULL, NULL, '2078646275741520', 'Nareerat Chaowiwat', 'jannynrr@hotmail.com'),
(292, NULL, NULL, '{\"name\":\"Wiritphon Yusamran\",\"tel\":null,\"place\":null,\"subdistrict\":null,\"district\":null,\"province\":null,\"post\":null}', NULL, NULL, NULL, '1912251025460247', 'Wiritphon Yusamran', 'mew_bcc@hotmail.com'),
(293, NULL, NULL, '{\"name\":\" \",\"tel\":\"0950271159\",\"home\":\"89 \",\"place\":\"\",\"subdistrict\":\"\",\"district\":\"\",\"province\":\"\",\"post\":\"95000\"}', NULL, NULL, NULL, '1814141155320126', ' ', 'boom2543b@hotmail.com'),
(294, NULL, NULL, '{\"name\":\"Wirapat Teangmo\",\"tel\":null,\"place\":null,\"subdistrict\":null,\"district\":null,\"province\":null,\"post\":null}', NULL, NULL, NULL, '2162439000463291', 'Wirapat Teangmo', 'weboyx@hotmail.com'),
(295, NULL, NULL, '{\"name\":\" \",\"tel\":\"0879506200\",\"home\":\"117 8\",\"place\":\"-\",\"subdistrict\":\"\",\"district\":\"\",\"province\":\"\",\"post\":\"41000\"}', NULL, NULL, NULL, '1700204213390605', 'Tae Thitiwat', 'taeinw007@hotmail.com'),
(296, NULL, NULL, '{\"name\":\"Chanunchida Palm\",\"tel\":null,\"place\":null,\"subdistrict\":null,\"district\":null,\"province\":null,\"post\":null}', NULL, NULL, NULL, '1462941770517671', 'Chanunchida Palm', 'plammy321@gmail.com'),
(297, NULL, NULL, '{\"name\":\" \",\"tel\":\"0932509977\",\"home\":\"11\",\"place\":\". 6 . \",\"subdistrict\":\"\",\"district\":\"\",\"province\":\"\",\"post\":\"10270\"}', NULL, NULL, NULL, '2047695228832535', 'Minnie Jaturaphon', 'little-minnie@hotmail.com'),
(298, NULL, NULL, '{\"name\":\"Nirafeeda Binnima\",\"tel\":null,\"place\":null,\"subdistrict\":null,\"district\":null,\"province\":null,\"post\":null}', NULL, NULL, NULL, '10155287726576987', 'Nirafeeda Binnima', 'gweeped@gmail.com'),
(299, NULL, NULL, '{\"name\":\"Mai Monrada\",\"tel\":null,\"place\":null,\"subdistrict\":null,\"district\":null,\"province\":null,\"post\":null}', NULL, NULL, NULL, '2006584239559265', 'Mai Monrada', 'momaimimi@hotmail.com'),
(300, NULL, NULL, '{\"name\":\" \'\'\",\"tel\":null,\"place\":null,\"subdistrict\":null,\"district\":null,\"province\":null,\"post\":null}', NULL, NULL, NULL, '428823114254869', ' \'\'', ''),
(301, NULL, NULL, '{\"name\":\"Pup Surabotsopon\",\"tel\":null,\"place\":null,\"subdistrict\":null,\"district\":null,\"province\":null,\"post\":null}', NULL, NULL, NULL, '1769489329783189', 'Pup Surabotsopon', 'psmg50@hotmail.com'),
(302, NULL, NULL, '{\"name\":\"A-Arm Panpong\",\"tel\":null,\"place\":null,\"subdistrict\":null,\"district\":null,\"province\":null,\"post\":null}', NULL, NULL, NULL, '1754268967997797', 'A-Arm Panpong', 'armboy_ooiciza01@hotmail.com'),
(303, NULL, NULL, '{\"name\":\"Kanin Snlgk\",\"tel\":null,\"place\":null,\"subdistrict\":null,\"district\":null,\"province\":null,\"post\":null}', NULL, NULL, NULL, '269734893568044', 'Kanin Snlgk', ''),
(304, NULL, NULL, '{\"name\":\"\",\"tel\":null,\"place\":null,\"subdistrict\":null,\"district\":null,\"province\":null,\"post\":null}', NULL, NULL, NULL, '235059237244839', '', 'clementine.aqq@gmail.com'),
(305, NULL, NULL, '{\"name\":\" \",\"tel\":\"0891998113\",\"home\":\"331\",\"place\":\"\",\"subdistrict\":\"\",\"district\":\"\",\"province\":\"\",\"post\":\"10150\"}', NULL, NULL, NULL, '2192277804122832', 'Thitipol Putthachaiyong', 'lengmanutd@gmail.com'),
(306, NULL, NULL, '{\"name\":\" \",\"tel\":\"0856268910\",\"home\":\"7\",\"place\":\"-\",\"subdistrict\":\"\",\"district\":\"\",\"province\":\"\",\"post\":\"50210\"}', NULL, NULL, NULL, '1263494773753840', '', 'soser_007@hotmail.com'),
(307, NULL, NULL, '{\"name\":\"Bus Kittapud\",\"tel\":null,\"place\":null,\"subdistrict\":null,\"district\":null,\"province\":null,\"post\":null}', NULL, NULL, NULL, '1644689038971296', 'Bus Kittapud', 'tc_bus@hotmail.com'),
(308, NULL, NULL, '{\"name\":\"Anupaht Meeboon\",\"tel\":null,\"place\":null,\"subdistrict\":null,\"district\":null,\"province\":null,\"post\":null}', NULL, NULL, NULL, '2050822088526078', 'Anupaht Meeboon', 'anupaht38@hotmail.com'),
(309, NULL, NULL, '{\"name\":\"Panupong Legkhaw\",\"tel\":null,\"place\":null,\"subdistrict\":null,\"district\":null,\"province\":null,\"post\":null}', NULL, NULL, NULL, '1728487457246602', 'Panupong Legkhaw', 'aunaun087@hotmail.com'),
(310, NULL, NULL, '{\"name\":\"Firstt Edition\",\"tel\":null,\"place\":null,\"subdistrict\":null,\"district\":null,\"province\":null,\"post\":null}', NULL, NULL, NULL, '1154751327999643', 'Firstt Edition', 'nongfirst_24@hotmail.com'),
(311, NULL, NULL, '{\"name\":\"Pavich Saksirisampan\",\"tel\":null,\"place\":null,\"subdistrict\":null,\"district\":null,\"province\":null,\"post\":null}', NULL, NULL, NULL, '390442064771599', 'Pavich Saksirisampan', 'tonpalm.pavich@gmail.com'),
(312, NULL, NULL, '{\"name\":\" \",\"tel\":null,\"place\":null,\"subdistrict\":null,\"district\":null,\"province\":null,\"post\":null}', NULL, NULL, NULL, '1773032172814913', ' ', 'partyffk1122@hotmail.co.th'),
(313, NULL, NULL, '{\"name\":\"Kantida Saetem\",\"tel\":null,\"place\":null,\"subdistrict\":null,\"district\":null,\"province\":null,\"post\":null}', NULL, NULL, NULL, '2041058742776132', 'Kantida Saetem', 'kantida.sae@hotmail.co.th'),
(314, NULL, NULL, '{\"name\":\" \",\"tel\":\"0859050121\",\"home\":\"22/1\",\"place\":\":   \",\"subdistrict\":\"\",\"district\":\"\",\"province\":\"\",\"post\":\"63110\"}', NULL, NULL, NULL, '1260769720693019', ' ', 'arm_teh@hotmail.com'),
(315, NULL, NULL, '{\"name\":\"Supawit PuthrasajaTom\",\"tel\":\"0631588840\",\"home\":\"20/2  18 . . .\",\"place\":\"-\",\"subdistrict\":\"\",\"district\":\"\",\"province\":\"\",\"post\":\"11140\"}', NULL, NULL, NULL, '1661302677278748', 'Supawit PuthrasajaTom', 'lee_za_kub@hotmail.com'),
(316, NULL, NULL, '{\"name\":\"Eakasith Panmee\",\"tel\":null,\"place\":null,\"subdistrict\":null,\"district\":null,\"province\":null,\"post\":null}', NULL, NULL, NULL, '1643709635678178', 'Eakasith Panmee', 'jaben101@hotmail.com'),
(317, NULL, NULL, '{\"name\":\"Orarat Hyter Tantisangawong\",\"tel\":null,\"place\":null,\"subdistrict\":null,\"district\":null,\"province\":null,\"post\":null}', NULL, NULL, NULL, '10211983613530683', 'Orarat Hyter Tantisangawong', 'hyterr_@hotmail.com'),
(318, NULL, NULL, '{\"name\":\"Chanatip Nuntawongsa\",\"tel\":null,\"place\":null,\"subdistrict\":null,\"district\":null,\"province\":null,\"post\":null}', NULL, NULL, NULL, '232107970705438', 'Chanatip Nuntawongsa', 'chanatipnuntawongsa@gmail.com'),
(319, NULL, NULL, '{\"name\":\"What\'the Preem\",\"tel\":null,\"place\":null,\"subdistrict\":null,\"district\":null,\"province\":null,\"post\":null}', NULL, NULL, NULL, '366767527169163', 'What\'the Preem', 'preem.pitchapa@gmail.com'),
(320, NULL, NULL, '{\"name\":\"Siva Dantrakul\",\"tel\":null,\"place\":null,\"subdistrict\":null,\"district\":null,\"province\":null,\"post\":null}', NULL, NULL, NULL, '1424257491012703', 'Siva Dantrakul', 'moss.pb55@gmail.com'),
(321, NULL, NULL, '{\"name\":\"Peeraphat Promlun\",\"tel\":null,\"place\":null,\"subdistrict\":null,\"district\":null,\"province\":null,\"post\":null}', NULL, NULL, NULL, '270713026995773', 'Peeraphat Promlun', ''),
(322, NULL, NULL, '{\"name\":\"Khing Chutipon\",\"tel\":null,\"place\":null,\"subdistrict\":null,\"district\":null,\"province\":null,\"post\":null}', NULL, NULL, NULL, '639595016389171', 'Khing Chutipon', ''),
(323, NULL, NULL, '{\"name\":\"Aphinan Late\",\"tel\":null,\"place\":null,\"subdistrict\":null,\"district\":null,\"province\":null,\"post\":null}', NULL, NULL, NULL, '642083419462098', 'Aphinan Late', ''),
(324, NULL, NULL, '{\"name\":\" \",\"tel\":null,\"place\":null,\"subdistrict\":null,\"district\":null,\"province\":null,\"post\":null}', NULL, NULL, NULL, '368389773656222', ' ', ''),
(325, NULL, NULL, '{\"name\":\"\'\' .\",\"tel\":null,\"place\":null,\"subdistrict\":null,\"district\":null,\"province\":null,\"post\":null}', NULL, NULL, NULL, '167395750766592', '\'\' .', ''),
(326, NULL, NULL, '{\"name\":\" \",\"tel\":null,\"place\":null,\"subdistrict\":null,\"district\":null,\"province\":null,\"post\":null}', NULL, NULL, NULL, '2135676846663383', ' ', 'rapeepat2001@gmail.com'),
(327, NULL, NULL, '{\"name\":\"IceBear Coke\",\"tel\":\"085-3867814\",\"home\":\"17/4 .3\",\"place\":\"-\",\"subdistrict\":\"\",\"district\":\"\",\"province\":\"\",\"post\":\"23110\"}', NULL, NULL, NULL, '1773716869354690', 'IceBear Coke', 'cokeprofessional_bot_16@hotmail.com'),
(328, NULL, NULL, '{\"name\":\"UnDew MaterialiseDream\",\"tel\":null,\"place\":null,\"subdistrict\":null,\"district\":null,\"province\":null,\"post\":null}', NULL, NULL, NULL, '969017749921043', 'UnDew MaterialiseDream', 'dewlivein.music@hotmail.com'),
(329, NULL, NULL, '{\"name\":\"Saharat Mee-im\",\"tel\":null,\"place\":null,\"subdistrict\":null,\"district\":null,\"province\":null,\"post\":null}', NULL, NULL, NULL, '822917277912128', 'Saharat Mee-im', ''),
(330, NULL, NULL, '{\"name\":\"Pisit SangThong\",\"tel\":null,\"place\":null,\"subdistrict\":null,\"district\":null,\"province\":null,\"post\":null}', NULL, NULL, NULL, '1844874515552406', 'Pisit SangThong', 'e.p_lovely@hotmail.com'),
(331, NULL, NULL, '{\"name\":\" \",\"tel\":null,\"place\":null,\"subdistrict\":null,\"district\":null,\"province\":null,\"post\":null}', NULL, NULL, NULL, '1000035530173671', ' ', 'gag_jame@hotmail.com'),
(332, NULL, NULL, '{\"name\":\"P\'Ploy Warisara\",\"tel\":null,\"place\":null,\"subdistrict\":null,\"district\":null,\"province\":null,\"post\":null}', NULL, NULL, NULL, '534327390297380', 'P\'Ploy Warisara', 'warisara793@gmail.com'),
(333, NULL, NULL, '{\"name\":\"Thanakorn Wongphrachan\",\"tel\":null,\"place\":null,\"subdistrict\":null,\"district\":null,\"province\":null,\"post\":null}', NULL, NULL, NULL, '1615711968527027', 'Thanakorn Wongphrachan', 'thanakorn.skb@gmail.com'),
(334, NULL, NULL, '{\"name\":\"Supreeya Pukan\",\"tel\":null,\"place\":null,\"subdistrict\":null,\"district\":null,\"province\":null,\"post\":null}', NULL, NULL, NULL, '1745796018829528', 'Supreeya Pukan', 'pukan_ponlun@hotmail.com'),
(335, NULL, NULL, '{\"name\":\"Aum Poramet\",\"tel\":null,\"place\":null,\"subdistrict\":null,\"district\":null,\"province\":null,\"post\":null}', NULL, NULL, NULL, '247216532683918', 'Aum Poramet', ''),
(336, NULL, NULL, '{\"name\":\"Natthaphat Bot\",\"tel\":null,\"place\":null,\"subdistrict\":null,\"district\":null,\"province\":null,\"post\":null}', NULL, NULL, NULL, '1670548109727195', 'Natthaphat Bot', 'natthaphat.bot@hotmail.com'),
(337, NULL, NULL, '{\"name\":\"Son Thanakorn\",\"tel\":null,\"place\":null,\"subdistrict\":null,\"district\":null,\"province\":null,\"post\":null}', NULL, NULL, NULL, '958941507599347', 'Son Thanakorn', 'son_tanakorn@hotmail.co.th'),
(338, NULL, NULL, '{\"name\":\"Chanwit Yamsang\",\"tel\":\"0970021288\",\"home\":\"7/1\",\"place\":\"\",\"subdistrict\":\"\",\"district\":\"\",\"province\":\"\",\"post\":\"10120\"}', NULL, NULL, NULL, '1942329689171081', 'Chanwit Yamsang', 'ja-love-man@hotmail.com'),
(339, NULL, NULL, '{\"name\":\"  \",\"tel\":\"0633134337\",\"home\":\"389/5\",\"place\":\" 12\",\"subdistrict\":\"\",\"district\":\"\",\"province\":\"\",\"post\":\"72000\"}', NULL, NULL, NULL, '1002691753211646', 'Monn X\'treame', 'ojama_11@hotmail.com'),
(340, NULL, NULL, '{\"name\":\"AiAnn Piyawanichsakul\",\"tel\":null,\"place\":null,\"subdistrict\":null,\"district\":null,\"province\":null,\"post\":null}', NULL, NULL, NULL, '941216192703518', 'AiAnn Piyawanichsakul', 'aiann_innocent@hotmail.com'),
(341, NULL, NULL, '{\"name\":\"Jirapat Thaiyanont\",\"tel\":null,\"place\":null,\"subdistrict\":null,\"district\":null,\"province\":null,\"post\":null}', NULL, NULL, NULL, '1819332368113734', 'Jirapat Thaiyanont', 'pattie.jirapat@gmail.com'),
(342, NULL, NULL, '{\"name\":\"Ai Airada\",\"tel\":null,\"place\":null,\"subdistrict\":null,\"district\":null,\"province\":null,\"post\":null}', NULL, NULL, NULL, '2047731638827947', 'Ai Airada', 'nooi0483@gmail.com'),
(343, NULL, NULL, '{\"name\":\"Nub Pwanrat\",\"tel\":null,\"place\":null,\"subdistrict\":null,\"district\":null,\"province\":null,\"post\":null}', NULL, NULL, NULL, '858501127672327', 'Nub Pwanrat', ''),
(344, NULL, NULL, '{\"name\":\"Aoffish Sarayut\",\"tel\":null,\"place\":null,\"subdistrict\":null,\"district\":null,\"province\":null,\"post\":null}', NULL, NULL, NULL, '10211839939813621', 'Aoffish Sarayut', 'saraaoff@gmail.com'),
(345, NULL, NULL, '{\"name\":\"Aoy Love Mh Mhfc\",\"tel\":null,\"place\":null,\"subdistrict\":null,\"district\":null,\"province\":null,\"post\":null}', NULL, NULL, NULL, '2175797242446940', 'Aoy Love Mh Mhfc', 'tonmai1992@gmail.com'),
(346, NULL, NULL, '{\"name\":\" \",\"tel\":\"0828599339\",\"home\":\"189 .2\",\"place\":\"-\",\"subdistrict\":\"\",\"district\":\"\",\"province\":\"\",\"post\":\"52000\"}', NULL, NULL, NULL, '10216330297909516', 'Milada SarunChaysiri', 'hathainuchay@gmail.com'),
(347, NULL, NULL, '{\"name\":\"Kenjitokung Ken\",\"tel\":null,\"place\":null,\"subdistrict\":null,\"district\":null,\"province\":null,\"post\":null}', NULL, NULL, NULL, '443216709424342', 'Kenjitokung Ken', 'masterkenji7156@gmail.com'),
(348, NULL, NULL, '{\"name\":\"Su Preme\",\"tel\":null,\"place\":null,\"subdistrict\":null,\"district\":null,\"province\":null,\"post\":null}', NULL, NULL, NULL, '132429784286225', 'Su Preme', 'kupayos333@gmail.com'),
(349, NULL, NULL, '{\"name\":\"Supattarachai Peangkham\",\"tel\":null,\"place\":null,\"subdistrict\":null,\"district\":null,\"province\":null,\"post\":null}', NULL, NULL, NULL, '1364286210383568', 'Supattarachai Peangkham', 'ice9097@gmail.com'),
(350, NULL, NULL, '{\"name\":\"Nahpapatch Saengsuphan\",\"tel\":null,\"place\":null,\"subdistrict\":null,\"district\":null,\"province\":null,\"post\":null}', NULL, NULL, NULL, '10156372449682520', 'Nahpapatch Saengsuphan', 'pearl_pin@hotmail.com'),
(351, NULL, NULL, '{\"name\":\"Navaguy Aphinuntarerk\",\"tel\":null,\"place\":null,\"subdistrict\":null,\"district\":null,\"province\":null,\"post\":null}', NULL, NULL, NULL, '225358054894812', 'Navaguy Aphinuntarerk', ''),
(352, NULL, NULL, '{\"name\":\" \",\"tel\":null,\"place\":null,\"subdistrict\":null,\"district\":null,\"province\":null,\"post\":null}', NULL, NULL, NULL, '1972586666389203', ' ', 'ai.thamonwan@gmail.com'),
(353, NULL, NULL, '{\"name\":\"Newton StJan\",\"tel\":\"0618029282\",\"home\":\"28/4\",\"place\":\"-\",\"subdistrict\":\"\",\"district\":\"\",\"province\":\"\",\"post\":\"63130\"}', NULL, NULL, NULL, '182812659207712', 'Newton StJan', ''),
(354, NULL, NULL, '{\"name\":\"Prin Phongjiraphan\",\"tel\":null,\"place\":null,\"subdistrict\":null,\"district\":null,\"province\":null,\"post\":null}', NULL, NULL, NULL, '562530837480184', 'Prin Phongjiraphan', ''),
(355, NULL, NULL, '{\"name\":\"Mong Pisit\",\"tel\":\"0813615351\",\"home\":\"1283/6\",\"place\":\".5723 101/1\",\"subdistrict\":\"\",\"district\":\"\",\"province\":\"\",\"post\":\"10260\"}', NULL, NULL, NULL, '1170876859718992', 'Mong Pisit', 'mong_pisit@hotmail.com'),
(356, NULL, NULL, '{\"name\":\"Thananon Kanmanee\",\"tel\":\"0950392669\",\"home\":\"138/3 1 .  \",\"place\":\"\",\"subdistrict\":\"\",\"district\":\"\",\"province\":\"\",\"post\":\"95160\"}', NULL, NULL, NULL, '2417842938545571', 'Thananon Kanmanee', 'makth159@gmail.com'),
(357, NULL, NULL, '{\"name\":\"Tanarat Wongkumjun\",\"tel\":null,\"place\":null,\"subdistrict\":null,\"district\":null,\"province\":null,\"post\":null}', NULL, NULL, NULL, '2074479152829678', 'Tanarat Wongkumjun', 'zazayouil123@gmail.com'),
(358, NULL, NULL, '{\"name\":\"Kirana Chewasuppakorn\",\"tel\":null,\"place\":null,\"subdistrict\":null,\"district\":null,\"province\":null,\"post\":null}', NULL, NULL, NULL, '329726194222829', 'Kirana Chewasuppakorn', ''),
(359, NULL, NULL, '{\"name\":\"Phatcharaporn Thisarak ()\",\"tel\":\"0965767664\",\"home\":\"19  11 .\",\"place\":\"-\",\"subdistrict\":\"\",\"district\":\"\",\"province\":\"\",\"post\":\"50180\"}', NULL, NULL, NULL, '387699851635877', 'Phatcharaporn Thisarak', 'namfon.pcrp07@gmail.com'),
(360, NULL, NULL, '{\"name\":\"Phukk Mongkolworakitchai\",\"tel\":\"0972491284\",\"home\":\"78/47 \",\"place\":\"\",\"subdistrict\":\"\",\"district\":\"\",\"province\":\"\",\"post\":\"10520\"}', NULL, NULL, NULL, '372366633282664', 'Phukk Mongkolworakitchai', 'ipad_phuk@icloud.com'),
(361, NULL, NULL, '{\"name\":\"Rutrawee Moomahamudsolae\",\"tel\":null,\"place\":null,\"subdistrict\":null,\"district\":null,\"province\":null,\"post\":null}', NULL, NULL, NULL, '229867021122502', 'Rutrawee Moomahamudsolae', ''),
(362, NULL, NULL, '{\"name\":\"Thanapoom Thanaphaisal\",\"tel\":null,\"place\":null,\"subdistrict\":null,\"district\":null,\"province\":null,\"post\":null}', NULL, NULL, NULL, '2064312597113873', 'Thanapoom Thanaphaisal', 'thanapoon35509@hotmail.com'),
(363, NULL, NULL, '{\"name\":\"Wongsathon Mathongsa\",\"tel\":null,\"place\":null,\"subdistrict\":null,\"district\":null,\"province\":null,\"post\":null}', NULL, NULL, NULL, '2174105859541343', 'Wongsathon Mathongsa', 'engfrong102@gmail.com'),
(364, NULL, NULL, '{\"name\":\"Sorawitt Chaisitamanee\",\"tel\":\"0937287820\",\"home\":\"5\",\"place\":\". 2 .7\",\"subdistrict\":\"\",\"district\":\"\",\"province\":\"\",\"post\":\"90110\"}', NULL, NULL, NULL, '438630363246009', 'Sorawitt Chaisitamanee', 'sorawittchaisitamanee@gmail.com'),
(365, NULL, NULL, '{\"name\":\"Theptat Moksakun\",\"tel\":null,\"place\":null,\"subdistrict\":null,\"district\":null,\"province\":null,\"post\":null}', NULL, NULL, NULL, '834392496749126', 'Theptat Moksakun', 'gukhao22@hotmail.com'),
(366, NULL, NULL, '{\"name\":\"Rapeewhit Uantrai\",\"tel\":null,\"place\":null,\"subdistrict\":null,\"district\":null,\"province\":null,\"post\":null}', NULL, NULL, NULL, '1941102372608276', 'Rapeewhit Uantrai', 'fluk_bakugan@hotmail.com'),
(367, NULL, NULL, '{\"name\":\" \",\"tel\":null,\"place\":null,\"subdistrict\":null,\"district\":null,\"province\":null,\"post\":null}', NULL, NULL, NULL, '192889648192516', ' ', ''),
(368, NULL, NULL, '{\"name\":\"Yak Nops\",\"tel\":null,\"place\":null,\"subdistrict\":null,\"district\":null,\"province\":null,\"post\":null}', NULL, NULL, NULL, '626392914363186', 'Yak Nops', 'nominal.lol@gmail.com'),
(369, NULL, NULL, '{\"name\":\" \",\"tel\":\"0830025840\",\"home\":\"86/22\",\"place\":\"7 3\",\"subdistrict\":\"\",\"district\":\"\",\"province\":\"\",\"post\":\"74000\"}', NULL, NULL, NULL, '749787648743530', 'Ji Ra', 'iamexol_12@hotmail.com'),
(370, NULL, NULL, '{\"name\":\"Kaopuii\",\"tel\":null,\"place\":null,\"subdistrict\":null,\"district\":null,\"province\":null,\"post\":null}', NULL, NULL, NULL, '2286363931640482', 'Kaopuii', 'kitgolf007@gmail.com'),
(371, NULL, NULL, '{\"name\":\"Phu Phudit\",\"tel\":null,\"place\":null,\"subdistrict\":null,\"district\":null,\"province\":null,\"post\":null}', NULL, NULL, NULL, '856055847938741', 'Phu Phudit', 'phuzaassassin77@hotmail.com'),
(372, NULL, NULL, '{\"name\":\"Sirilaphat Ngamjanthuek\",\"tel\":null,\"place\":null,\"subdistrict\":null,\"district\":null,\"province\":null,\"post\":null}', NULL, NULL, NULL, '199293157460124', 'Sirilaphat Ngamjanthuek', ''),
(373, NULL, NULL, '{\"name\":\"Oomsin Lerdlam\",\"tel\":null,\"place\":null,\"subdistrict\":null,\"district\":null,\"province\":null,\"post\":null}', NULL, NULL, NULL, '1611036928946096', 'Oomsin Lerdlam', 'ohmsin45@gmail.com'),
(374, NULL, NULL, '{\"name\":\"Konlawat Wisawanuruk\",\"tel\":null,\"place\":null,\"subdistrict\":null,\"district\":null,\"province\":null,\"post\":null}', NULL, NULL, NULL, '1670223573085093', 'Konlawat Wisawanuruk', 'mark2zaaa@hotmail.com'),
(375, NULL, NULL, '{\"name\":\"Ruangrit Thipnoul\",\"tel\":null,\"place\":null,\"subdistrict\":null,\"district\":null,\"province\":null,\"post\":null}', NULL, NULL, NULL, '10214295648477491', 'Ruangrit Thipnoul', 'reangrit51244182@gmail.com'),
(376, NULL, NULL, '{\"name\":\" \",\"tel\":\"0841019553\",\"home\":\"426-428\",\"place\":\"1\",\"subdistrict\":\"\",\"district\":\"\",\"province\":\"\",\"post\":\"26120\"}', NULL, NULL, NULL, '1463092527129946', 'Thanapon Chuenchom', 'thanachuen@gmail.com'),
(377, NULL, NULL, '{\"name\":\"Mawin Trisin\",\"tel\":null,\"place\":null,\"subdistrict\":null,\"district\":null,\"province\":null,\"post\":null}', NULL, NULL, NULL, '1810235889042658', 'Mawin Trisin', 'mawin.trisin@gmail.com'),
(378, NULL, NULL, '{\"name\":\" \",\"tel\":\"0624061043\",\"home\":\" 36 \",\"place\":\" 8 \",\"subdistrict\":\"\",\"district\":\"\",\"province\":\"\",\"post\":\"48130\"}', NULL, NULL, NULL, '1717895961609724', ' ', 'seennkp15012@gmail.com'),
(379, NULL, NULL, '{\"name\":\" \",\"tel\":null,\"place\":null,\"subdistrict\":null,\"district\":null,\"province\":null,\"post\":null}', NULL, NULL, NULL, '1756825307711449', ' ', 'poppy_08441@hotmail.com'),
(380, NULL, NULL, '{\"name\":\"Tarathan Kamthonvorarin\",\"tel\":\"085-8258044\",\"home\":\"90/20-21 \",\"place\":\".2 .\",\"subdistrict\":\"\",\"district\":\"\",\"province\":\"\",\"post\":\"22000\"}', NULL, NULL, NULL, '2247827131900799', 'Tarathan Kamthonvorarin', 'untimate_end@hotmail.com'),
(381, NULL, NULL, '{\"name\":\"Pansa PL\",\"tel\":null,\"place\":null,\"subdistrict\":null,\"district\":null,\"province\":null,\"post\":null}', NULL, NULL, NULL, '2083812561837581', 'Pansa PL', 'pansalertsiri@gmail.com'),
(382, NULL, NULL, '{\"name\":\"NuJee Man Man\",\"tel\":null,\"place\":null,\"subdistrict\":null,\"district\":null,\"province\":null,\"post\":null}', NULL, NULL, NULL, '1894437547241691', 'NuJee Man Man', 'paradox_gaga@hotmail.com'),
(383, NULL, NULL, '{\"name\":\" \",\"tel\":null,\"place\":null,\"subdistrict\":null,\"district\":null,\"province\":null,\"post\":null}', NULL, NULL, NULL, '330445047483873', ' ', ''),
(384, NULL, NULL, '{\"name\":\"Santirat Tassanai\",\"tel\":null,\"place\":null,\"subdistrict\":null,\"district\":null,\"province\":null,\"post\":null}', NULL, NULL, NULL, '10155859101347098', 'Santirat Tassanai', 'azimo_pe@hotmail.com'),
(385, NULL, NULL, '{\"name\":\"Napat Phupa\",\"tel\":null,\"place\":null,\"subdistrict\":null,\"district\":null,\"province\":null,\"post\":null}', NULL, NULL, NULL, '2128716840695616', 'Napat Phupa', 'napat2346@gmail.com'),
(386, NULL, NULL, '{\"name\":\" \",\"tel\":\"0936544337\",\"home\":\"82 .69    10160\",\"place\":\".69\",\"subdistrict\":\"\",\"district\":\"\",\"province\":\"\",\"post\":\"10160\"}', NULL, NULL, NULL, '273772786498259', 'Patnapon Sirapon', ''),
(387, NULL, NULL, '{\"name\":\"Rill Srithana\",\"tel\":null,\"place\":null,\"subdistrict\":null,\"district\":null,\"province\":null,\"post\":null}', NULL, NULL, NULL, '1529517800492929', 'Rill Srithana', 'rill-2000@hotmail.co.th'),
(388, NULL, NULL, '{\"name\":\" \",\"tel\":\"0616497978\",\"home\":\"249/81  Tulip Square\",\"place\":\"12\",\"subdistrict\":\"\",\"district\":\"\",\"province\":\"\",\"post\":\"74130\"}', NULL, NULL, NULL, '1988390281185916', 'GuuArt Jakkapan', 'fongowin@hotmail.com'),
(389, NULL, NULL, '{\"name\":\"Ponsaton Sodii\",\"tel\":null,\"place\":null,\"subdistrict\":null,\"district\":null,\"province\":null,\"post\":null}', NULL, NULL, NULL, '1799327417028752', 'Ponsaton Sodii', 'rpoogan.399@gmail.com'),
(390, NULL, NULL, '{\"name\":\"Tawan Kokamcate\",\"tel\":null,\"place\":null,\"subdistrict\":null,\"district\":null,\"province\":null,\"post\":null}', NULL, NULL, NULL, '1671407469580135', 'Tawan Kokamcate', 'tawanneen@hotmail.com');
INSERT INTO `customer` (`customer_id`, `username`, `password_hash`, `address`, `firstname`, `lastname`, `tel`, `fbid`, `fbname`, `fbemail`) VALUES
(391, NULL, NULL, '{\"name\":\"Sakon Theerasuwanajak\",\"tel\":null,\"place\":null,\"subdistrict\":null,\"district\":null,\"province\":null,\"post\":null}', NULL, NULL, NULL, '1634535556663270', 'Sakon Theerasuwanajak', 'flukgoza@gmail.com'),
(392, NULL, NULL, '{\"name\":\"Kanassanan Kamchuen\",\"tel\":\"0863114199\",\"home\":\"437/712\",\"place\":\" 35  16 \",\"subdistrict\":\"\",\"district\":\"\",\"province\":\"\",\"post\":\"10700\"}', NULL, NULL, NULL, '2076976469188188', 'Kanassanan Kamchuen', 'kanassanan41@gmail.com'),
(393, NULL, NULL, '{\"name\":\"Kittipat Klaypayong\",\"tel\":null,\"place\":null,\"subdistrict\":null,\"district\":null,\"province\":null,\"post\":null}', NULL, NULL, NULL, '1722050427877785', 'Kittipat Klaypayong', 'kittipat_ball@hotmail.com'),
(394, NULL, NULL, '{\"name\":\"Thanpisit Munglurk\",\"tel\":null,\"place\":null,\"subdistrict\":null,\"district\":null,\"province\":null,\"post\":null}', NULL, NULL, NULL, '1577876722323598', 'Thanpisit Munglurk', 'keko-po@hotmail.com'),
(395, NULL, NULL, '{\"name\":\"Natdanai Boonyiam\",\"tel\":null,\"place\":null,\"subdistrict\":null,\"district\":null,\"province\":null,\"post\":null}', NULL, NULL, NULL, '1777203662345665', 'Natdanai Boonyiam', 'flukecub21@gmail.com'),
(396, NULL, NULL, '{\"name\":\"Thanapong Tonasut\",\"tel\":null,\"place\":null,\"subdistrict\":null,\"district\":null,\"province\":null,\"post\":null}', NULL, NULL, NULL, '1912175408793576', 'Thanapong Tonasut', 'zero_macnum@hotmail.com'),
(397, NULL, NULL, '{\"name\":\"Beam Thiti\",\"tel\":null,\"place\":null,\"subdistrict\":null,\"district\":null,\"province\":null,\"post\":null}', NULL, NULL, NULL, '1926746094043249', 'Beam Thiti', 'thiti49@hotmail.com'),
(398, NULL, NULL, '{\"name\":\" \",\"tel\":null,\"place\":null,\"subdistrict\":null,\"district\":null,\"province\":null,\"post\":null}', NULL, NULL, NULL, '1952049525106106', ' ', ''),
(399, NULL, NULL, '{\"name\":\"  \",\"tel\":null,\"place\":null,\"subdistrict\":null,\"district\":null,\"province\":null,\"post\":null}', NULL, NULL, NULL, '1488219657949997', '  ', 'mike-12345@hotmail.com'),
(400, NULL, NULL, '{\"name\":\"Priscila Sinlapasuwan\",\"tel\":null,\"place\":null,\"subdistrict\":null,\"district\":null,\"province\":null,\"post\":null}', NULL, NULL, NULL, '1919967321349160', 'Priscila Sinlapasuwan', 'lightwamin@hotmail.com'),
(401, NULL, NULL, '{\"name\":\"Thana Wtnk\",\"tel\":null,\"place\":null,\"subdistrict\":null,\"district\":null,\"province\":null,\"post\":null}', NULL, NULL, NULL, '10209012248263678', 'Thana Wtnk', 'na-tive@hotmail.com'),
(402, NULL, NULL, '{\"name\":\"Intuch Srismarn\",\"tel\":null,\"place\":null,\"subdistrict\":null,\"district\":null,\"province\":null,\"post\":null}', NULL, NULL, NULL, '1351406625002719', 'Intuch Srismarn', 'mancity111222@hotmail.com'),
(403, NULL, NULL, '{\"name\":\"Peerathat Diskjoi\",\"tel\":null,\"place\":null,\"subdistrict\":null,\"district\":null,\"province\":null,\"post\":null}', NULL, NULL, NULL, '446560619136983', 'Peerathat Diskjoi', ''),
(404, NULL, NULL, '{\"name\":\" \",\"tel\":\"0891417657\",\"home\":\"2080/327\",\"place\":\".1 . 48 .107\",\"subdistrict\":\"\",\"district\":\"\",\"province\":\"\",\"post\":\"10270\"}', NULL, NULL, NULL, '1638330389599591', 'Patipol SaraBoon', 'patipol9183@gmail.com'),
(405, NULL, NULL, '{\"name\":\"Phutthithon Sanongwong\",\"tel\":null,\"place\":null,\"subdistrict\":null,\"district\":null,\"province\":null,\"post\":null}', NULL, NULL, NULL, '607451699605727', 'Phutthithon Sanongwong', 'testza2546@gmail.com'),
(406, NULL, NULL, '{\"name\":\"Noppon Poombut\",\"tel\":null,\"place\":null,\"subdistrict\":null,\"district\":null,\"province\":null,\"post\":null}', NULL, NULL, NULL, '1801293956559573', 'Noppon Poombut', 'tum.xixi@gmail.com'),
(407, NULL, NULL, '{\"name\":\"\",\"tel\":\"0945417939\",\"home\":\" 84/28\",\"place\":\"\",\"subdistrict\":\"\",\"district\":\"\",\"province\":\"\",\"post\":\"42000\"}', NULL, NULL, NULL, '1860511450659745', 'Frongmtp', 'may_tapon@hotmail.com'),
(408, NULL, NULL, '{\"name\":\"Sudarat Pme Pakwihok\",\"tel\":null,\"place\":null,\"subdistrict\":null,\"district\":null,\"province\":null,\"post\":null}', NULL, NULL, NULL, '1882599361764998', 'Sudarat Pme Pakwihok', 'kohiwkap94@gmail.com'),
(409, NULL, NULL, '{\"name\":\"Aom Prp\",\"tel\":null,\"place\":null,\"subdistrict\":null,\"district\":null,\"province\":null,\"post\":null}', NULL, NULL, NULL, '2054294334892184', 'Aom Prp', 'aomminer19000@hotmail.com'),
(410, NULL, NULL, '{\"name\":\" \",\"tel\":null,\"place\":null,\"subdistrict\":null,\"district\":null,\"province\":null,\"post\":null}', NULL, NULL, NULL, '449957935454551', ' ', ''),
(411, NULL, NULL, '{\"name\":\"Passawat Chimkum\",\"tel\":null,\"place\":null,\"subdistrict\":null,\"district\":null,\"province\":null,\"post\":null}', NULL, NULL, NULL, '1529306597197127', 'Passawat Chimkum', 'dragon_fuse@hotmail.co.th'),
(412, NULL, NULL, '{\"name\":\" \",\"tel\":\"0832438726\",\"home\":\"10/7\",\"place\":\"48\",\"subdistrict\":\"\",\"district\":\"\",\"province\":\"\",\"post\":\"10900\"}', NULL, NULL, NULL, '2126139657401161', ' ', 'jam.jamjam@hotmail.com'),
(413, NULL, NULL, '{\"name\":\"Ploy Arayarangsri\",\"tel\":\"0922526891\",\"home\":\"496/99 \",\"place\":\"5 .\",\"subdistrict\":\"\",\"district\":\"\",\"province\":\"\",\"post\":\"30000\"}', NULL, NULL, NULL, '606908976335791', 'Ploy Arayarangsri', 'ppp032930@hotmail.com'),
(414, NULL, NULL, '{\"name\":\"Jeannie Suthawan\",\"tel\":null,\"place\":null,\"subdistrict\":null,\"district\":null,\"province\":null,\"post\":null}', NULL, NULL, NULL, '179508299421146', 'Jeannie Suthawan', 'jsetta2004@gmail.com'),
(415, NULL, NULL, '{\"name\":\" \",\"tel\":null,\"place\":null,\"subdistrict\":null,\"district\":null,\"province\":null,\"post\":null}', NULL, NULL, NULL, '2093685050846243', ' ', 'yedped0040@hotmail.com'),
(416, NULL, NULL, '{\"name\":\" \",\"tel\":\"0841045952\",\"home\":\"1219     1\",\"place\":\" 6\",\"subdistrict\":\"\",\"district\":\"\",\"province\":\"\",\"post\":\"73140\"}', NULL, NULL, NULL, '1631054390335620', 'Worrapitcha Chanjaroenkit', 'jam-23863@hotmail.com'),
(417, NULL, NULL, '{\"name\":\"Wongsapat Charoensat\",\"tel\":null,\"place\":null,\"subdistrict\":null,\"district\":null,\"province\":null,\"post\":null}', NULL, NULL, NULL, '2037510053242420', 'Wongsapat Charoensat', 'earth.wongsapat@gmail.com'),
(418, NULL, NULL, '{\"name\":\"Chanavee Chokchaikasemsuk\",\"tel\":null,\"place\":null,\"subdistrict\":null,\"district\":null,\"province\":null,\"post\":null}', NULL, NULL, NULL, '1862724740444759', 'Chanavee Chokchaikasemsuk', 'viva2k@ovi.com'),
(419, NULL, NULL, '{\"name\":\".\",\"tel\":null,\"place\":null,\"subdistrict\":null,\"district\":null,\"province\":null,\"post\":null}', NULL, NULL, NULL, '237244336855312', '.', 'boolokasunder@gmail.com'),
(420, NULL, NULL, '{\"name\":\"Got Kittichan\",\"tel\":null,\"place\":null,\"subdistrict\":null,\"district\":null,\"province\":null,\"post\":null}', NULL, NULL, NULL, '10209327072413083', 'Got Kittichan', 'got.life92@gmail.com'),
(421, NULL, NULL, '{\"name\":\"Vit Wit\",\"tel\":null,\"place\":null,\"subdistrict\":null,\"district\":null,\"province\":null,\"post\":null}', NULL, NULL, NULL, '473255843125841', 'Vit Wit', 'vitwit1738@gmail.com'),
(422, NULL, NULL, '{\"name\":\"\' \",\"tel\":null,\"place\":null,\"subdistrict\":null,\"district\":null,\"province\":null,\"post\":null}', NULL, NULL, NULL, '814907225380905', '\' ', ''),
(423, NULL, NULL, '{\"name\":\"Patipat Khemsuk\",\"tel\":null,\"place\":null,\"subdistrict\":null,\"district\":null,\"province\":null,\"post\":null}', NULL, NULL, NULL, '449733122146554', 'Patipat Khemsuk', ''),
(424, NULL, NULL, '{\"name\":\" \",\"tel\":\"0956123662\",\"home\":\"131\",\"place\":\"18\",\"subdistrict\":\"\",\"district\":\"\",\"province\":\"\",\"post\":\"32000\"}', NULL, NULL, NULL, '1686732548108026', 'Atirat Farmzx', 'atiratpp@hotmail.com'),
(425, NULL, NULL, '{\"name\":\"Narongrit Munlao\",\"tel\":null,\"place\":null,\"subdistrict\":null,\"district\":null,\"province\":null,\"post\":null}', NULL, NULL, NULL, '1215155375253953', 'Narongrit Munlao', 'clash_11.5@hotmail.com'),
(426, NULL, NULL, '{\"name\":\"Nattakit Sinlapisakun\",\"tel\":\"0947198538\",\"home\":\"264/69\",\"place\":\" 2  \",\"subdistrict\":\"\",\"district\":\"\",\"province\":\"\",\"post\":\"10700\"}', NULL, NULL, NULL, '458903614548168', 'Nattakit Sinlapisakun', ''),
(427, NULL, NULL, '{\"name\":\"Atthachet Thongchat\",\"tel\":null,\"place\":null,\"subdistrict\":null,\"district\":null,\"province\":null,\"post\":null}', NULL, NULL, NULL, '470078180111873', 'Atthachet Thongchat', 'pxg3b_qw9@socksbest.com'),
(428, NULL, NULL, '{\"name\":\"Tnp C\'sule\",\"tel\":null,\"place\":null,\"subdistrict\":null,\"district\":null,\"province\":null,\"post\":null}', NULL, NULL, NULL, '890962424437121', 'Tnp C\'sule', 'zeen_thanatcha@hotmail.com'),
(429, NULL, NULL, '{\"name\":\" \",\"tel\":\"0847527498\",\"home\":\"119/495\",\"place\":\" 15  \",\"subdistrict\":\"\",\"district\":\"\",\"province\":\"\",\"post\":\"10220\"}', NULL, NULL, NULL, '1909641235734505', 'Tumut Smnkt', 'tum25432010@windowslive.com'),
(430, NULL, NULL, '{\"name\":\"Patchara Netnet\",\"tel\":null,\"place\":null,\"subdistrict\":null,\"district\":null,\"province\":null,\"post\":null}', NULL, NULL, NULL, '2218653184813226', 'Patchara Netnet', 'patchara_568@hotmail.com'),
(431, NULL, NULL, '{\"name\":\"Apichai Yutawon\",\"tel\":null,\"place\":null,\"subdistrict\":null,\"district\":null,\"province\":null,\"post\":null}', NULL, NULL, NULL, '2116125115080622', 'Apichai Yutawon', 'tang.kira.2017@gmail.com'),
(432, NULL, NULL, '{\"name\":\"Ekkavish Laolekplee\",\"tel\":null,\"place\":null,\"subdistrict\":null,\"district\":null,\"province\":null,\"post\":null}', NULL, NULL, NULL, '1993144864042476', 'Ekkavish Laolekplee', 'ekkavish31@gmail.com'),
(433, NULL, NULL, '{\"name\":\"Reef Napat\",\"tel\":null,\"place\":null,\"subdistrict\":null,\"district\":null,\"province\":null,\"post\":null}', NULL, NULL, NULL, '1793238844091048', 'Reef Napat', 'reef_vov@hotmail.com'),
(434, NULL, NULL, '{\"name\":\"Pipat Pacha\",\"tel\":null,\"place\":null,\"subdistrict\":null,\"district\":null,\"province\":null,\"post\":null}', NULL, NULL, NULL, '1887129411297681', 'Pipat Pacha', 'sarawuttod@hotmail.com'),
(435, NULL, NULL, '{\"name\":\"View Pornnatcha\",\"tel\":null,\"place\":null,\"subdistrict\":null,\"district\":null,\"province\":null,\"post\":null}', NULL, NULL, NULL, '236180913803674', 'View Pornnatcha', 'pornnucha1987@gmail.com'),
(436, NULL, NULL, '{\"name\":\"Sukran Waisanthia\",\"tel\":null,\"place\":null,\"subdistrict\":null,\"district\":null,\"province\":null,\"post\":null}', NULL, NULL, NULL, '1998542863738930', 'Sukran Waisanthia', 'touyza2545@gmail.com'),
(437, NULL, NULL, '{\"name\":\" \",\"tel\":\"0981849332\",\"home\":\"168\",\"place\":\"2\",\"subdistrict\":\"\",\"district\":\"\",\"province\":\"\",\"post\":\"47180\"}', NULL, NULL, NULL, '222982474964924', 'Kanokkorn Suksrisang', ''),
(438, NULL, NULL, '{\"name\":\"Ai Kom\",\"tel\":null,\"place\":null,\"subdistrict\":null,\"district\":null,\"province\":null,\"post\":null}', NULL, NULL, NULL, '576216749431829', 'Ai Kom', ''),
(439, NULL, NULL, '{\"name\":\" \",\"tel\":\"0850856243\",\"home\":\"515/187 Ideo Q Ratchathewi\",\"place\":\" \",\"subdistrict\":\"\",\"district\":\"\",\"province\":\"\",\"post\":\"10400\"}', NULL, NULL, NULL, '1714105008665373', 'Akanat Tarasantisuk', 'mep.anubanrayong10@gmail.com'),
(440, NULL, NULL, '{\"name\":\"Myou Wichaikhammat\",\"tel\":null,\"place\":null,\"subdistrict\":null,\"district\":null,\"province\":null,\"post\":null}', NULL, NULL, NULL, '1939533196118670', 'Myou Wichaikhammat', 'myous.wich@hotmail.com'),
(441, NULL, NULL, '{\"name\":\"Anan Leenanurak\",\"tel\":null,\"place\":null,\"subdistrict\":null,\"district\":null,\"province\":null,\"post\":null}', NULL, NULL, NULL, '10213792629703964', 'Anan Leenanurak', 'ananlee11@hotmail.com'),
(442, NULL, NULL, '{\"name\":\"Yongyut Apising\",\"tel\":null,\"place\":null,\"subdistrict\":null,\"district\":null,\"province\":null,\"post\":null}', NULL, NULL, NULL, '2163710953873697', 'Yongyut Apising', ''),
(443, NULL, NULL, '{\"name\":\"Phetthongtae Yimsudjai\",\"tel\":null,\"place\":null,\"subdistrict\":null,\"district\":null,\"province\":null,\"post\":null}', NULL, NULL, NULL, '871771153007523', 'Phetthongtae Yimsudjai', 'abab66493@gmail.com'),
(444, NULL, NULL, '{\"name\":\"Wiwat Jaikla\",\"tel\":null,\"place\":null,\"subdistrict\":null,\"district\":null,\"province\":null,\"post\":null}', NULL, NULL, NULL, '870767766460069', 'Wiwat Jaikla', 'euei1234@hotmail.com'),
(445, NULL, NULL, '{\"name\":\"Nattawat Imsamranrat\",\"tel\":\"0898137433\",\"home\":\"11-11/1\",\"place\":\"34\",\"subdistrict\":\"\",\"district\":\"\",\"province\":\"\",\"post\":\"10310\"}', NULL, NULL, NULL, '2042931845780331', 'Nattawat Imsamranrat', 'pungnattawat@hotmail.com'),
(446, NULL, NULL, '{\"name\":\"Do Wutthichai\",\"tel\":null,\"place\":null,\"subdistrict\":null,\"district\":null,\"province\":null,\"post\":null}', NULL, NULL, NULL, '450430655397146', 'Do Wutthichai', 'do.love.eee126@gmail.com'),
(447, NULL, NULL, '{\"name\":\"Worrakorn Boonprasop\",\"tel\":null,\"place\":null,\"subdistrict\":null,\"district\":null,\"province\":null,\"post\":null}', NULL, NULL, NULL, '1252836864819311', 'Worrakorn Boonprasop', 't.worrakorn29@gmail.com'),
(448, NULL, NULL, '{\"name\":\"Ruttagorn Chatdee\",\"tel\":null,\"place\":null,\"subdistrict\":null,\"district\":null,\"province\":null,\"post\":null}', NULL, NULL, NULL, '10215965638356209', 'Ruttagorn Chatdee', 'ruttagorn_13@hotmail.com'),
(449, NULL, NULL, '{\"name\":\"Pep Mungthong\",\"tel\":\"0979906381\",\"home\":\"22/149\",\"place\":\" 35 \",\"subdistrict\":\"\",\"district\":\"\",\"province\":\"\",\"post\":\"10210\"}', NULL, NULL, NULL, '653962824935816', 'Pep Mungthong', 'linkjoker595@gmail.com'),
(450, NULL, NULL, '{\"name\":\"Piyada Chokprasertthaworn\",\"tel\":\"0906949464\",\"home\":\"443,443/1  2\",\"place\":\" 122\",\"subdistrict\":\"\",\"district\":\"\",\"province\":\"\",\"post\":\"10310\"}', NULL, NULL, NULL, '1948220925189001', 'Piyada Chokprasertthaworn', 'iibnsii@gmail.com'),
(451, NULL, NULL, '{\"name\":\" \",\"tel\":\"0625927410\",\"home\":\"211/3\",\"place\":\"-10\",\"subdistrict\":\"\",\"district\":\"\",\"province\":\"\",\"post\":\"13130\"}', NULL, NULL, NULL, '610849552609708', 'Natthaphat Chantrakut', 'mq1667.mm@gmail.com'),
(452, NULL, NULL, '{\"name\":\" \",\"tel\":\"0994945241\",\"home\":\"9\",\"place\":\"5 35 \",\"subdistrict\":\"\",\"district\":\"\",\"province\":\"\",\"post\":\"50280\"}', NULL, NULL, NULL, '1070840156387464', 'Arm Thitithada', 'armkung14901@gmail.com'),
(453, NULL, NULL, '{\"name\":\"Nathakorn Thakerngsakwattana\",\"tel\":null,\"place\":null,\"subdistrict\":null,\"district\":null,\"province\":null,\"post\":null}', NULL, NULL, NULL, '201402300474280', 'Nathakorn Thakerngsakwattana', ''),
(454, NULL, NULL, '{\"name\":\"Korkornz Chill\",\"tel\":null,\"place\":null,\"subdistrict\":null,\"district\":null,\"province\":null,\"post\":null}', NULL, NULL, NULL, '1793733844039460', 'Korkornz Chill', 'kk.korn_14@hotmail.com'),
(455, NULL, NULL, '{\"name\":\" \",\"tel\":null,\"place\":null,\"subdistrict\":null,\"district\":null,\"province\":null,\"post\":null}', NULL, NULL, NULL, '159320214918163', ' ', ''),
(456, NULL, NULL, '{\"name\":\"Thana Kocharoen\",\"tel\":null,\"place\":null,\"subdistrict\":null,\"district\":null,\"province\":null,\"post\":null}', NULL, NULL, NULL, '159804081539217', 'Thana Kocharoen', ''),
(457, NULL, NULL, '{\"name\":\" \",\"tel\":null,\"place\":null,\"subdistrict\":null,\"district\":null,\"province\":null,\"post\":null}', NULL, NULL, NULL, '2143430079221220', ' ', 'ramintra1234@hotmail.co.th'),
(458, NULL, NULL, '{\"name\":\"Akarachai Jaihaw\",\"tel\":\"0980275497\",\"home\":\"12/67\",\"place\":\"2\",\"subdistrict\":\"\",\"district\":\"\",\"province\":\"\",\"post\":\"81110\"}', NULL, NULL, NULL, '1878658349094119', 'Akarachai Jaihaw', 'copter001008@hotmail.com'),
(459, NULL, NULL, '{\"name\":\"CharnChon Seenieng\",\"tel\":\"0972623900\",\"home\":\"48/728\",\"place\":\"41\",\"subdistrict\":\"\",\"district\":\"\",\"province\":\"\",\"post\":\"10240\"}', NULL, NULL, NULL, '1845249109101785', 'CharnChon Seenieng', 'kingfixza@hotmail.com'),
(460, NULL, NULL, '{\"name\":\"Natasapat Krudthong\",\"tel\":null,\"place\":null,\"subdistrict\":null,\"district\":null,\"province\":null,\"post\":null}', NULL, NULL, NULL, '253750545185352', 'Natasapat Krudthong', ''),
(461, NULL, NULL, '{\"name\":\"J\'Jef Mer\'r\",\"tel\":\"0856062382\",\"home\":\"87\",\"place\":\"2\",\"subdistrict\":\"\",\"district\":\"\",\"province\":\"\",\"post\":\"62120\"}', NULL, NULL, NULL, '2035821973296451', 'J\'Jef Mer\'r', 'sak.da2556@hotmail.com'),
(462, NULL, NULL, '{\"name\":\"Bew Uncha\",\"tel\":\"0843289315\",\"home\":\"47125\",\"place\":\"Bangkok Horizon condo \",\"subdistrict\":\"\",\"district\":\"\",\"province\":\"\",\"post\":\"10160\"}', NULL, NULL, NULL, '954616624715725', 'Bew Uncha', 'bew.uncha@hotmail.com'),
(463, NULL, NULL, '{\"name\":\"Khet Guitaristtar\",\"tel\":null,\"place\":null,\"subdistrict\":null,\"district\":null,\"province\":null,\"post\":null}', NULL, NULL, NULL, '1754851367913920', 'Khet Guitaristtar', 'khet_benten@hotmail.com'),
(464, NULL, NULL, '{\"name\":\" \",\"tel\":\"0922758743\",\"home\":\"8/118 1-212  The Prize\",\"place\":\"  54  5\",\"subdistrict\":\"\",\"district\":\"\",\"province\":\"\",\"post\":\"10900\"}', NULL, NULL, NULL, '1775083605881114', 'Woramet Juntaboot', 'l3ank_2009@hotmail.com'),
(465, NULL, NULL, '{\"name\":\"Netnapit Korprasertthaworn \",\"tel\":null,\"place\":null,\"subdistrict\":null,\"district\":null,\"province\":null,\"post\":null}', NULL, NULL, NULL, '2204272916254607', 'Netnapit Korprasertthaworn ', 'munkmink_n_k@hotmail.com'),
(466, NULL, NULL, '{\"name\":\"Aei Ou\",\"tel\":\"0938649542\",\"home\":\"1212\",\"place\":\" 71\",\"subdistrict\":\"\",\"district\":\"\",\"province\":\"\",\"post\":\"10250\"}', NULL, NULL, NULL, '10211268557017134', 'Aei Ou', 'iscz.dy@msn.com'),
(467, NULL, NULL, '{\"name\":\"K\'Kim EiEi\",\"tel\":null,\"place\":null,\"subdistrict\":null,\"district\":null,\"province\":null,\"post\":null}', NULL, NULL, NULL, '1935003393199087', 'K\'Kim EiEi', 'kv1978@live.com'),
(468, NULL, NULL, '{\"name\":\" \",\"tel\":null,\"place\":null,\"subdistrict\":null,\"district\":null,\"province\":null,\"post\":null}', NULL, NULL, NULL, '893857184157967', ' ', 'tana_nam01@hotmail.com'),
(469, NULL, NULL, '{\"name\":\"Pemika Sajjamongkol\",\"tel\":null,\"place\":null,\"subdistrict\":null,\"district\":null,\"province\":null,\"post\":null}', NULL, NULL, NULL, '1736450386441158', 'Pemika Sajjamongkol', 'opal_666@hotmail.co.th'),
(470, NULL, NULL, '{\"name\":\"Siwakorn Intarapet\",\"tel\":null,\"place\":null,\"subdistrict\":null,\"district\":null,\"province\":null,\"post\":null}', NULL, NULL, NULL, '383079595509427', 'Siwakorn Intarapet', ''),
(471, NULL, NULL, '{\"name\":\"Phongsakorn Cheunban\",\"tel\":\"0882667937\",\"home\":\"74\",\"place\":\" 18\",\"subdistrict\":\"\",\"district\":\"\",\"province\":\"\",\"post\":\"57210\"}', NULL, NULL, NULL, '10155242943761097', 'Phongsakorn Cheunban', 'little_bad_guy@hotmail.com'),
(472, NULL, NULL, '{\"name\":\"Patcharanan Saksirikul\",\"tel\":\"0823504718\",\"home\":\" 801 65-65/1\",\"place\":\" \",\"subdistrict\":\"\",\"district\":\"\",\"province\":\"\",\"post\":\"10400\"}', NULL, NULL, NULL, '1809422289120589', 'Patcharanan Saksirikul', 'patcharanan55@hotmail.com'),
(473, NULL, NULL, '{\"name\":\" \",\"tel\":\"0931275206\",\"home\":\"199/316\",\"place\":\" 1\",\"subdistrict\":\"\",\"district\":\"\",\"province\":\"\",\"post\":\"20000\"}', NULL, NULL, NULL, '1664731616950254', '\' \'.', 'teamgamer258@hotmail.com'),
(474, NULL, NULL, '{\"name\":\" \",\"tel\":null,\"place\":null,\"subdistrict\":null,\"district\":null,\"province\":null,\"post\":null}', NULL, NULL, NULL, '449991225459540', ' ', ''),
(475, NULL, NULL, '{\"name\":\" \",\"tel\":\"0972515881\",\"home\":\"1    45   \",\"place\":\". \",\"subdistrict\":\"\",\"district\":\"\",\"province\":\"\",\"post\":\"10120\"}', NULL, NULL, NULL, '376111589567925', 'Prontip Sallivan', 'mngphg@hotmail.com'),
(476, NULL, NULL, '{\"name\":\"Much Muchima\",\"tel\":null,\"place\":null,\"subdistrict\":null,\"district\":null,\"province\":null,\"post\":null}', NULL, NULL, NULL, '1889461704438028', 'Much Muchima', 'muchnarakjung_007@hotmail.com'),
(477, NULL, NULL, '{\"name\":\"Wasintorn Fongmanee\",\"tel\":null,\"place\":null,\"subdistrict\":null,\"district\":null,\"province\":null,\"post\":null}', NULL, NULL, NULL, '1705666936179786', 'Wasintorn Fongmanee', 'wasinnf.exe@gmail.com'),
(478, NULL, NULL, '{\"name\":\"Polapat Ton\",\"tel\":null,\"place\":null,\"subdistrict\":null,\"district\":null,\"province\":null,\"post\":null}', NULL, NULL, NULL, '232827327270113', 'Polapat Ton', ''),
(479, NULL, NULL, '{\"name\":\"Apisit Chaimongkong\",\"tel\":null,\"place\":null,\"subdistrict\":null,\"district\":null,\"province\":null,\"post\":null}', NULL, NULL, NULL, '421560338317405', 'Apisit Chaimongkong', 'dewgg.ut@gmail.com'),
(480, NULL, NULL, '{\"name\":\"Chatchai Yimsing\",\"tel\":null,\"place\":null,\"subdistrict\":null,\"district\":null,\"province\":null,\"post\":null}', NULL, NULL, NULL, '10211875379736216', 'Chatchai Yimsing', 'c_yimsing@hotmail.com'),
(481, NULL, NULL, '{\"name\":\"Nay Reonaldo\",\"tel\":null,\"place\":null,\"subdistrict\":null,\"district\":null,\"province\":null,\"post\":null}', NULL, NULL, NULL, '2096521503949872', 'Nay Reonaldo', 'naynay457564@gmail.com'),
(482, NULL, NULL, '{\"name\":\" \",\"tel\":\"0941520972\",\"home\":\"119  409\",\"place\":\"87 .6 3\",\"subdistrict\":\"\",\"district\":\"\",\"province\":\"\",\"post\":\"12130\"}', NULL, NULL, NULL, '1678240395601396', 'Manaw GN', 'monkey_zz30@hotmail.com'),
(483, NULL, NULL, '{\"name\":\"Sun Owchariyaphitak\",\"tel\":null,\"place\":null,\"subdistrict\":null,\"district\":null,\"province\":null,\"post\":null}', NULL, NULL, NULL, '370571390101577', 'Sun Owchariyaphitak', 'rapeethesun@gmail.com'),
(484, NULL, NULL, '{\"name\":\"Boat Ardwong\",\"tel\":\"0625954626\",\"home\":\"33/228\",\"place\":\"The Key -\",\"subdistrict\":\"\",\"district\":\"\",\"province\":\"\",\"post\":\"10150\"}', NULL, NULL, NULL, '10214282026478312', 'Boat Ahoy', 'boatahoy@gmail.com'),
(485, NULL, NULL, '{\"name\":\"Piyamas Boonmapol\",\"tel\":null,\"place\":null,\"subdistrict\":null,\"district\":null,\"province\":null,\"post\":null}', NULL, NULL, NULL, '1479387342206394', 'Piyamas Boonmapol', 'beaudora_l@hotmail.com'),
(486, NULL, NULL, '{\"name\":\"BE AT\",\"tel\":null,\"place\":null,\"subdistrict\":null,\"district\":null,\"province\":null,\"post\":null}', NULL, NULL, NULL, '2098795653699801', 'BE AT', 'heartbeatlove_you@hotmail.com'),
(487, NULL, NULL, '{\"name\":\"Hikaru Yuta\",\"tel\":null,\"place\":null,\"subdistrict\":null,\"district\":null,\"province\":null,\"post\":null}', NULL, NULL, NULL, '384061345425157', 'Hikaru Yuta', 'satomikung122@hotmail.com'),
(488, NULL, NULL, '{\"name\":\"Pai Pry Punvar\",\"tel\":\"0931247575\",\"home\":\"31/1\",\"place\":\"2\",\"subdistrict\":\"\",\"district\":\"\",\"province\":\"\",\"post\":\"12000\"}', NULL, NULL, NULL, '1696794957070526', 'Pai Pry Punvar', 'paipry@hotmail.com'),
(489, NULL, NULL, '{\"name\":\"Ota Bnk\",\"tel\":null,\"place\":null,\"subdistrict\":null,\"district\":null,\"province\":null,\"post\":null}', NULL, NULL, NULL, '129793394555451', 'Ota Bnk', 'punbnk48.com@gmail.com'),
(490, NULL, NULL, '{\"name\":\"March Er\",\"tel\":null,\"place\":null,\"subdistrict\":null,\"district\":null,\"province\":null,\"post\":null}', NULL, NULL, NULL, '1715860381814064', 'March Er', 'mon_buf@hotmail.com'),
(491, NULL, NULL, '{\"name\":\"Jakapong Suwanapan\",\"tel\":null,\"place\":null,\"subdistrict\":null,\"district\":null,\"province\":null,\"post\":null}', NULL, NULL, NULL, '445696399217670', 'Jakapong Suwanapan', 'firsteieikrub123456@gmail.com'),
(492, NULL, NULL, '{\"name\":\"Non Nontapat Ruangsakul\",\"tel\":\"0891813566\",\"home\":\"49/728\",\"place\":\"4 5  \",\"subdistrict\":\"\",\"district\":\"\",\"province\":\"\",\"post\":\"74000\"}', NULL, NULL, NULL, '878559612347074', 'Non Nontapat Ruangsakul', 'nonthaphat2013@gmail.com'),
(493, NULL, NULL, '{\"name\":\"Pollawat Plw\",\"tel\":null,\"place\":null,\"subdistrict\":null,\"district\":null,\"province\":null,\"post\":null}', NULL, NULL, NULL, '890866447774776', 'Pollawat Plw', 't.pollawat2545@hotmail.com'),
(494, NULL, NULL, '{\"name\":\" \",\"tel\":\"0941611711\",\"home\":\"49\",\"place\":\"5\",\"subdistrict\":\"\",\"district\":\"\",\"province\":\"\",\"post\":\"67120\"}', NULL, NULL, NULL, '392103457932694', '\' \'\'', ''),
(495, NULL, NULL, '{\"name\":\"Boonraksa Soontornsong\",\"tel\":null,\"place\":null,\"subdistrict\":null,\"district\":null,\"province\":null,\"post\":null}', NULL, NULL, NULL, '1644277175619504', 'Boonraksa Soontornsong', 'babebabe555@gmail.com'),
(496, NULL, NULL, '{\"name\":\"Wachirawit Rattanakantadilok\",\"tel\":null,\"place\":null,\"subdistrict\":null,\"district\":null,\"province\":null,\"post\":null}', NULL, NULL, NULL, '1734453613299288', 'Wachirawit Rattanakantadilok', 'cream_q@yahoo.co.th'),
(497, NULL, NULL, '{\"name\":\"Phitchanat Tuang Boonklahan\",\"tel\":null,\"place\":null,\"subdistrict\":null,\"district\":null,\"province\":null,\"post\":null}', NULL, NULL, NULL, '206816283260596', 'Phitchanat Tuang Boonklahan', ''),
(498, NULL, NULL, '{\"name\":\"Natthawut Ketsrirat\",\"tel\":null,\"place\":null,\"subdistrict\":null,\"district\":null,\"province\":null,\"post\":null}', NULL, NULL, NULL, '1884753101575761', 'Natthawut Ketsrirat', 'crasystocker@gmail.com'),
(499, NULL, NULL, '{\"name\":\"Domingo Min\",\"tel\":null,\"place\":null,\"subdistrict\":null,\"district\":null,\"province\":null,\"post\":null}', NULL, NULL, NULL, '1787416761566999', 'Domingo Min', ''),
(500, NULL, NULL, '{\"name\":\" \",\"tel\":null,\"place\":null,\"subdistrict\":null,\"district\":null,\"province\":null,\"post\":null}', NULL, NULL, NULL, '210831019700247', ' ', ''),
(501, NULL, NULL, '{\"name\":\"Supakorn Santadkarn\",\"tel\":null,\"place\":null,\"subdistrict\":null,\"district\":null,\"province\":null,\"post\":null}', NULL, NULL, NULL, '394154454328560', 'Supakorn Santadkarn', 'supakornn2546@gmail.com'),
(502, NULL, NULL, '{\"name\":\" \",\"tel\":null,\"place\":null,\"subdistrict\":null,\"district\":null,\"province\":null,\"post\":null}', NULL, NULL, NULL, '799944303537557', ' ', 'supergunny2218@gmail.com'),
(503, NULL, NULL, '{\"name\":\" \",\"tel\":null,\"place\":null,\"subdistrict\":null,\"district\":null,\"province\":null,\"post\":null}', NULL, NULL, NULL, '790099787865226', ' ', 'kheng00@hotmail.com'),
(504, NULL, NULL, '{\"name\":\"Natthaphat Taengkiln\",\"tel\":null,\"place\":null,\"subdistrict\":null,\"district\":null,\"province\":null,\"post\":null}', NULL, NULL, NULL, '2128116587420639', 'Natthaphat Taengkiln', ''),
(505, NULL, NULL, '{\"name\":\"Yongwud Adito\",\"tel\":null,\"place\":null,\"subdistrict\":null,\"district\":null,\"province\":null,\"post\":null}', NULL, NULL, NULL, '973349796161187', 'Yongwud Adito', 'yongwud_za@hotmail.com'),
(506, NULL, NULL, '{\"name\":\"Jakkrapong Takahashi\",\"tel\":null,\"place\":null,\"subdistrict\":null,\"district\":null,\"province\":null,\"post\":null}', NULL, NULL, NULL, '426548057808201', 'Jakkrapong Takahashi', 'jukkrapong37@gmail.com'),
(507, NULL, NULL, '{\"name\":\" \",\"tel\":null,\"place\":null,\"subdistrict\":null,\"district\":null,\"province\":null,\"post\":null}', NULL, NULL, NULL, '1718691898217146', ' ', 'sunday0833257091@hotmail.com'),
(508, NULL, NULL, '{\"name\":\"Netipong Punturee\",\"tel\":\"099-183-2541\",\"home\":\"131\",\"place\":\"1\",\"subdistrict\":\"\",\"district\":\"\",\"province\":\"\",\"post\":\"65000\"}', NULL, NULL, NULL, '2150380528568545', ' ', 'wavena200@gmail.com'),
(509, NULL, NULL, '{\"name\":\"Amorn Tessonthi\",\"tel\":null,\"place\":null,\"subdistrict\":null,\"district\":null,\"province\":null,\"post\":null}', NULL, NULL, NULL, '1988328271483444', 'Amorn Tessonthi', ''),
(510, NULL, NULL, '{\"name\":\"Petch Worapitcha\",\"tel\":null,\"place\":null,\"subdistrict\":null,\"district\":null,\"province\":null,\"post\":null}', NULL, NULL, NULL, '212140616242948', 'Petch Worapitcha', 'worapitcha2005@gmail.com'),
(511, NULL, NULL, '{\"name\":\" \",\"tel\":\"0993591212\",\"home\":\" 142/18\",\"place\":\" \",\"subdistrict\":\"\",\"district\":\"\",\"province\":\"\",\"post\":\"84000\"}', NULL, NULL, NULL, '1630160107100590', 'Toto Kitti', 'kungworrarat@hotmail.com'),
(512, NULL, NULL, '{\"name\":\"Zobiic Bosz\",\"tel\":null,\"place\":null,\"subdistrict\":null,\"district\":null,\"province\":null,\"post\":null}', NULL, NULL, NULL, '293803754491517', 'Zobiic Bosz', 'zobiicbcpe@gmail.com'),
(513, NULL, NULL, '{\"name\":\"Kris Jermvivatkul\",\"tel\":null,\"place\":null,\"subdistrict\":null,\"district\":null,\"province\":null,\"post\":null}', NULL, NULL, NULL, '1792000810861698', 'Kris Jermvivatkul', 'people12337@hotmail.com'),
(514, NULL, NULL, '{\"name\":\" \",\"tel\":\"0816963617\",\"home\":\"200    1  7\",\"place\":\"\",\"subdistrict\":\"\",\"district\":\"\",\"province\":\".\",\"post\":\"10900\"}', NULL, NULL, NULL, '110061003213916', ' ', ''),
(515, NULL, NULL, '{\"name\":\"Pawarit Dechkraisorn\",\"tel\":null,\"place\":null,\"subdistrict\":null,\"district\":null,\"province\":null,\"post\":null}', NULL, NULL, NULL, '1851121411600573', 'Pawarit Dechkraisorn', 'd_nooki@hotmail.com'),
(516, NULL, NULL, '{\"name\":\"Ati P. Raruaysong\",\"tel\":\"0923795949\",\"home\":\"       48/89\",\"place\":\" 14 . .47\",\"subdistrict\":\"\",\"district\":\"\",\"province\":\"\",\"post\":\"12120\"}', NULL, NULL, NULL, '1910110359020095', 'Ati P. Raruaysong', 'darkpincess@hotmail.com'),
(517, NULL, NULL, '{\"name\":\"Nattawat Cps\",\"tel\":\"0981651258\",\"home\":\"27/7\",\"place\":\".1\",\"subdistrict\":\"\",\"district\":\"\",\"province\":\"\",\"post\":\"41000\"}', NULL, NULL, NULL, '145045216353360', 'Nattawat Cps', ''),
(518, NULL, NULL, '{\"name\":\"Kittichai Trongjit\",\"tel\":\"0870787075\",\"home\":\"111/12     (312)\",\"place\":\"  13\",\"subdistrict\":\"\",\"district\":\"\",\"province\":\"\",\"post\":\"10530\"}', NULL, NULL, NULL, '2101942880087156', 'Kittichai Trongjit', 'kittichaitrongjit@gmail.com'),
(519, NULL, NULL, '{\"name\":\" \'.\",\"tel\":null,\"place\":null,\"subdistrict\":null,\"district\":null,\"province\":null,\"post\":null}', NULL, NULL, NULL, '2214978585396657', ' \'.', ''),
(520, NULL, NULL, '{\"name\":\"P\'Pang Piyamas\",\"tel\":null,\"place\":null,\"subdistrict\":null,\"district\":null,\"province\":null,\"post\":null}', NULL, NULL, NULL, '433694617102012', 'P\'Pang Piyamas', ''),
(521, NULL, NULL, '{\"name\":\"Anon Ubolkomut\",\"tel\":\"0970965999\",\"home\":\"58/40 \",\"place\":\"  6\",\"subdistrict\":\"\",\"district\":\"\",\"province\":\"\",\"post\":\"10230\"}', NULL, NULL, NULL, '1884326811606890', 'Anonx Ubonkomut', 'x_anon@hotmail.com'),
(522, NULL, NULL, '{\"name\":\"Thanpitcha Rukpoung\",\"tel\":null,\"place\":null,\"subdistrict\":null,\"district\":null,\"province\":null,\"post\":null}', NULL, NULL, NULL, '1876851772607952', 'Thanpitcha Rukpoung', 'goijr.salaya@gmail.com'),
(523, NULL, NULL, '{\"name\":\"Aphiwit\'t Suvanpibul\",\"tel\":null,\"place\":null,\"subdistrict\":null,\"district\":null,\"province\":null,\"post\":null}', NULL, NULL, NULL, '606992889669007', 'Aphiwit\'t Suvanpibul', 'blankrookertv@gmail.com'),
(524, NULL, NULL, '{\"name\":\" \",\"tel\":\"0987466453\",\"home\":\"169 \",\"place\":\"10 \",\"subdistrict\":\"\",\"district\":\"\",\"province\":\"\",\"post\":\"57130\"}', NULL, NULL, NULL, '2039659273021295', ' ', 'comtonthul@gmail.com'),
(525, NULL, NULL, '{\"name\":\"Mami Zila\",\"tel\":null,\"place\":null,\"subdistrict\":null,\"district\":null,\"province\":null,\"post\":null}', NULL, NULL, NULL, '10211825697893271', 'Mami Zila', 'll.error.ll---systemmmm_d-m0nk3y.24hr@hotmail.com'),
(526, NULL, NULL, '{\"name\":\"Kim Suphattarachai\",\"tel\":null,\"place\":null,\"subdistrict\":null,\"district\":null,\"province\":null,\"post\":null}', NULL, NULL, NULL, '1698679530214690', 'Kim Suphattarachai', 'kimchaichumpa@gmail.com'),
(527, NULL, NULL, '{\"name\":\"Thitisarun Pathomsakulpeeti\",\"tel\":null,\"place\":null,\"subdistrict\":null,\"district\":null,\"province\":null,\"post\":null}', NULL, NULL, NULL, '1721385471278611', 'Thitisarun Pathomsakulpeeti', 'thitisaruntun@gmail.com'),
(528, NULL, NULL, '{\"name\":\"Thanapat Yoteruangsak\",\"tel\":\"0864195521\",\"home\":\"9/1\",\"place\":\"1\",\"subdistrict\":\"\",\"district\":\"\",\"province\":\"\",\"post\":\"56150\"}', NULL, NULL, NULL, '1852396831490078', 'Thanapat Yoteruangsak', 'thanapat_zaza@hotmail.com'),
(529, NULL, NULL, '{\"name\":\" \",\"tel\":null,\"place\":null,\"subdistrict\":null,\"district\":null,\"province\":null,\"post\":null}', NULL, NULL, NULL, '1692274014175225', ' ', 'nj_hiphop@hotmail.com'),
(530, NULL, NULL, '{\"name\":\"Noppanat Thongpradit\",\"tel\":\"0949466899\",\"home\":\"5/6\",\"place\":\" 37  \",\"subdistrict\":\"\",\"district\":\"\",\"province\":\"\",\"post\":\"10150\"}', NULL, NULL, NULL, '1676810339035488', 'Noppanat Thongpradit', 'love-a-of@hotmail.com'),
(531, NULL, NULL, '{\"name\":\"Anuwat Sangkudrue\",\"tel\":null,\"place\":null,\"subdistrict\":null,\"district\":null,\"province\":null,\"post\":null}', NULL, NULL, NULL, '1649297961856610', 'Anuwat Sangkudrue', 'pppp036@hotmail.com'),
(532, NULL, NULL, '{\"name\":\"Nathamon Sabthanachot\",\"tel\":null,\"place\":null,\"subdistrict\":null,\"district\":null,\"province\":null,\"post\":null}', NULL, NULL, NULL, '1732814380147033', 'Nathamon Sabthanachot', 'knight-blackhorse@hotmail.com'),
(533, NULL, NULL, '{\"name\":\"Korn Sonnoi\",\"tel\":null,\"place\":null,\"subdistrict\":null,\"district\":null,\"province\":null,\"post\":null}', NULL, NULL, NULL, '1266771506789928', 'Korn Sonnoi', 'top99987@gmail.com'),
(534, NULL, NULL, '{\"name\":\"Kartoon N Kartoon\",\"tel\":null,\"place\":null,\"subdistrict\":null,\"district\":null,\"province\":null,\"post\":null}', NULL, NULL, NULL, '10211712858152077', 'Kartoon N Kartoon', 'kartoon_shinichi@hotmail.com'),
(535, NULL, NULL, '{\"name\":\"Rapeepat Boontool\",\"tel\":null,\"place\":null,\"subdistrict\":null,\"district\":null,\"province\":null,\"post\":null}', NULL, NULL, NULL, '385067918659425', 'Rapeepat Boontool', 'peekikmon@gmail.com'),
(536, NULL, NULL, '{\"name\":\" \",\"tel\":\"0816449799\",\"home\":\"90/34\",\"place\":\" 1/4 \",\"subdistrict\":\"\",\"district\":\"\",\"province\":\"\",\"post\":\"10220\"}', NULL, NULL, NULL, '10215402272984547', 'Nutthanestpol P. Bill', 'bill.ku59@gmail.com'),
(537, NULL, NULL, '{\"name\":\"Suriya Janthaworn\",\"tel\":null,\"place\":null,\"subdistrict\":null,\"district\":null,\"province\":null,\"post\":null}', NULL, NULL, NULL, '590657294643909', 'Suriya Janthaworn', 'pumfeelgood12@gmail.com'),
(538, NULL, NULL, '{\"name\":\"Napaphan Sunjorn\",\"tel\":null,\"place\":null,\"subdistrict\":null,\"district\":null,\"province\":null,\"post\":null}', NULL, NULL, NULL, '10205138458179074', 'Napaphan Sunjorn', 'patiiz-1886@hotmail.com'),
(539, NULL, NULL, '{\"name\":\" \",\"tel\":\"0982659725\",\"home\":\"975\",\"place\":\"35/2\",\"subdistrict\":\"\",\"district\":\"\",\"province\":\"\",\"post\":\"10600\"}', NULL, NULL, NULL, '307160606487623', 'Win Win', 'mawin34603@gmail.com'),
(540, NULL, NULL, '{\"name\":\" \",\"tel\":null,\"place\":null,\"subdistrict\":null,\"district\":null,\"province\":null,\"post\":null}', NULL, NULL, NULL, '382457552257672', ' ', ''),
(541, NULL, NULL, '{\"name\":\"Nititorn Luangseng\",\"tel\":null,\"place\":null,\"subdistrict\":null,\"district\":null,\"province\":null,\"post\":null}', NULL, NULL, NULL, '325124308016743', 'Nititorn Luangseng', ''),
(542, NULL, NULL, '{\"name\":\" \",\"tel\":\"0658721202\",\"home\":\"108/59\",\"place\":\". \",\"subdistrict\":\"\",\"district\":\"\",\"province\":\"\",\"post\":\"40000\"}', NULL, NULL, NULL, '945151869000215', ' ', 'losofg58@gmail.com'),
(543, NULL, NULL, '{\"name\":\"Tar Pathomphop Phothirut\",\"tel\":null,\"place\":null,\"subdistrict\":null,\"district\":null,\"province\":null,\"post\":null}', NULL, NULL, NULL, '2039810319679427', 'Tar Pathomphop Phothirut', 'patomphopph@gmail.com'),
(544, NULL, NULL, '{\"name\":\"Y\'Anantasuwan Meechai\",\"tel\":null,\"place\":null,\"subdistrict\":null,\"district\":null,\"province\":null,\"post\":null}', NULL, NULL, NULL, '1276594179139024', 'Y\'Anantasuwan Meechai', 'anantasuwan092@hotmail.com'),
(545, NULL, NULL, '{\"name\":\"Pisitpong Komolmak\",\"tel\":null,\"place\":null,\"subdistrict\":null,\"district\":null,\"province\":null,\"post\":null}', NULL, NULL, NULL, '386748135175249', 'Pisitpong Komolmak', ''),
(546, NULL, NULL, '{\"name\":\"JT\",\"tel\":null,\"place\":null,\"subdistrict\":null,\"district\":null,\"province\":null,\"post\":null}', NULL, NULL, NULL, '1644431225673453', 'JT', 'fordmimi@hotmail.com'),
(547, NULL, NULL, '{\"name\":\"Wiroon Pranomphon\",\"tel\":null,\"place\":null,\"subdistrict\":null,\"district\":null,\"province\":null,\"post\":null}', NULL, NULL, NULL, '996602043824184', 'Wiroon Pranomphon', 'wirut_nice@hotmail.co.th'),
(548, NULL, NULL, '{\"name\":\"Jiratti Chokekua\",\"tel\":null,\"place\":null,\"subdistrict\":null,\"district\":null,\"province\":null,\"post\":null}', NULL, NULL, NULL, '882635965261116', 'Jiratti Chokekua', 'jerutti@hotmail.com'),
(549, NULL, NULL, '{\"name\":\" \",\"tel\":null,\"place\":null,\"subdistrict\":null,\"district\":null,\"province\":null,\"post\":null}', NULL, NULL, NULL, '910111989170255', ' ', ''),
(550, NULL, NULL, '{\"name\":\"Anulux PanNim\",\"tel\":null,\"place\":null,\"subdistrict\":null,\"district\":null,\"province\":null,\"post\":null}', NULL, NULL, NULL, '1218952308240048', 'Anulux PanNim', 'flook13-12@hotmail.com'),
(551, NULL, NULL, '{\"name\":\"Khumklao Kaesaeng\",\"tel\":null,\"place\":null,\"subdistrict\":null,\"district\":null,\"province\":null,\"post\":null}', NULL, NULL, NULL, '226552254596674', 'Khumklao Kaesaeng', ''),
(552, NULL, NULL, '{\"name\":\"Thitiphat Chantarawitoon\",\"tel\":null,\"place\":null,\"subdistrict\":null,\"district\":null,\"province\":null,\"post\":null}', NULL, NULL, NULL, '612714989089452', 'Thitiphat Chantarawitoon', 'earthzac@hotmail.com'),
(553, NULL, NULL, '{\"name\":\" \",\"tel\":null,\"place\":null,\"subdistrict\":null,\"district\":null,\"province\":null,\"post\":null}', NULL, NULL, NULL, '383336578832956', ' ', ''),
(554, NULL, NULL, '{\"name\":\"Watinee Amornpetkul\",\"tel\":null,\"place\":null,\"subdistrict\":null,\"district\":null,\"province\":null,\"post\":null}', NULL, NULL, NULL, '10155274079066555', 'Watinee Amornpetkul', 'shzo_hyo@hotmail.com'),
(555, NULL, NULL, '{\"name\":\"Chachrit Tumthong\",\"tel\":\"0627703203\",\"home\":\"1/135 \",\"place\":\" 4\",\"subdistrict\":\"\",\"district\":\"\",\"province\":\"\",\"post\":\"10330\"}', NULL, NULL, NULL, '246705265905925', ' ', 'plubza704@gmail.com'),
(556, NULL, NULL, '{\"name\":\"Samatcha Pongaree\",\"tel\":null,\"place\":null,\"subdistrict\":null,\"district\":null,\"province\":null,\"post\":null}', NULL, NULL, NULL, '1690436107744421', 'Samatcha Pongaree', 'samatcha_pong@hotmail.com'),
(557, NULL, NULL, '{\"name\":\"Aom Supatsa\",\"tel\":null,\"place\":null,\"subdistrict\":null,\"district\":null,\"province\":null,\"post\":null}', NULL, NULL, NULL, '1244388699031916', 'Aom Supatsa', 'aom.supatsa.nrd@gmail.com'),
(558, NULL, NULL, '{\"name\":\"Som Som\",\"tel\":null,\"place\":null,\"subdistrict\":null,\"district\":null,\"province\":null,\"post\":null}', NULL, NULL, NULL, '2129187397318148', 'Som Som', 'queenofsun1313@gmail.com'),
(559, NULL, NULL, '{\"name\":\"Pitiyapat Srivara\",\"tel\":null,\"place\":null,\"subdistrict\":null,\"district\":null,\"province\":null,\"post\":null}', NULL, NULL, NULL, '944063665755700', 'Pitiyapat Srivara', 'pitiyapat001@hotmail.com'),
(560, NULL, NULL, '{\"name\":\"Tanaporn Suwanveenakul\",\"tel\":null,\"place\":null,\"subdistrict\":null,\"district\":null,\"province\":null,\"post\":null}', NULL, NULL, NULL, '815007978696787', 'Tanaporn Suwanveenakul', 'pokunata@gmail.com'),
(561, NULL, NULL, '{\"name\":\"Manie Moor\",\"tel\":null,\"place\":null,\"subdistrict\":null,\"district\":null,\"province\":null,\"post\":null}', NULL, NULL, NULL, '2215063381844254', 'Manie Moor', 'maee_hoho@hotmail.com'),
(562, NULL, NULL, '{\"name\":\"Chacha Aingsika\",\"tel\":null,\"place\":null,\"subdistrict\":null,\"district\":null,\"province\":null,\"post\":null}', NULL, NULL, NULL, '641003279572505', 'Chacha Aingsika', 'chacha16744@gmail.com'),
(563, NULL, NULL, '{\"name\":\"Teerada Ponpinit\",\"tel\":null,\"place\":null,\"subdistrict\":null,\"district\":null,\"province\":null,\"post\":null}', NULL, NULL, NULL, '10155231208511370', 'Teerada Ponpinit', 'ritata_mimi@hotmail.com'),
(564, NULL, NULL, '{\"name\":\"Khing Peerapat Pluengplod\",\"tel\":null,\"place\":null,\"subdistrict\":null,\"district\":null,\"province\":null,\"post\":null}', NULL, NULL, NULL, '1383366275140817', 'Khing Peerapat Pluengplod', 'khingza14861@hotmail.com'),
(565, NULL, NULL, '{\"name\":\" \",\"tel\":\"0806536193\",\"home\":\"101\",\"place\":\"14\",\"subdistrict\":\"\",\"district\":\"\",\"province\":\"\",\"post\":\"70150\"}', NULL, NULL, NULL, '332522030608570', 'Bas Bkz', ''),
(566, NULL, NULL, '{\"name\":\"Jiranuwat Nasoontorn\",\"tel\":null,\"place\":null,\"subdistrict\":null,\"district\":null,\"province\":null,\"post\":null}', NULL, NULL, NULL, '1782798508480184', 'Jiranuwat Nasoontorn', 'bestlove423@gmail.com'),
(567, NULL, NULL, '{\"name\":\"Yuttachai Duangnoi\",\"tel\":null,\"place\":null,\"subdistrict\":null,\"district\":null,\"province\":null,\"post\":null}', NULL, NULL, NULL, '2163013880644500', 'Yuttachai Duangnoi', 'elnio849@gmail.com'),
(568, NULL, NULL, '{\"name\":\"Thanathorn Sriwan\",\"tel\":null,\"place\":null,\"subdistrict\":null,\"district\":null,\"province\":null,\"post\":null}', NULL, NULL, NULL, '757980101075846', 'Thanathorn Sriwan', 'karn-thanathorn@hotmail.com'),
(569, NULL, NULL, '{\"name\":\"Siri Yaporn\",\"tel\":null,\"place\":null,\"subdistrict\":null,\"district\":null,\"province\":null,\"post\":null}', NULL, NULL, NULL, '10212363574629319', 'Siri Yaporn', 'siriyaporn212@yahoo.com'),
(570, NULL, NULL, '{\"name\":\"  \",\"tel\":null,\"place\":null,\"subdistrict\":null,\"district\":null,\"province\":null,\"post\":null}', NULL, NULL, NULL, '1876189432438602', '  ', 'pp_aor03@hotmail.com'),
(571, NULL, NULL, '{\"name\":\"Radit Suksaew\",\"tel\":null,\"place\":null,\"subdistrict\":null,\"district\":null,\"province\":null,\"post\":null}', NULL, NULL, NULL, '1702073069876573', 'Radit Suksaew', 'tanradit@hotmail.com'),
(572, NULL, NULL, '{\"name\":\"Thitichaya Saichamjan\",\"tel\":null,\"place\":null,\"subdistrict\":null,\"district\":null,\"province\":null,\"post\":null}', NULL, NULL, NULL, '211136382823136', 'Thitichaya Saichamjan', ''),
(573, NULL, NULL, '{\"name\":\" \",\"tel\":null,\"place\":null,\"subdistrict\":null,\"district\":null,\"province\":null,\"post\":null}', NULL, NULL, NULL, '1750922251668305', ' ', 'buildbuild777@hotmail.com'),
(574, NULL, NULL, '{\"name\":\"Rattaproom Sp\",\"tel\":null,\"place\":null,\"subdistrict\":null,\"district\":null,\"province\":null,\"post\":null}', NULL, NULL, NULL, '388785908290396', 'Rattaproom Sp', ''),
(575, NULL, NULL, '{\"name\":\"Wannasil Surakumpeeranon\",\"tel\":\"0839732714\",\"home\":\"20\",\"place\":\".1 .\",\"subdistrict\":\"\",\"district\":\"\",\"province\":\"\",\"post\":\"10600\"}', NULL, NULL, NULL, '1858868037560153', 'Wannasil Surakumpeeranon', 'wannasin_por@hotmail.com'),
(576, NULL, NULL, '{\"name\":\"Grace Pattanapornchai\",\"tel\":null,\"place\":null,\"subdistrict\":null,\"district\":null,\"province\":null,\"post\":null}', NULL, NULL, NULL, '638487609824630', 'Grace Pattanapornchai', ''),
(577, NULL, NULL, '{\"name\":\"Bank Kasemsan\",\"tel\":null,\"place\":null,\"subdistrict\":null,\"district\":null,\"province\":null,\"post\":null}', NULL, NULL, NULL, '1239311152876063', 'Bank Kasemsan', 'kasemsan.ab@hotmail.com'),
(578, NULL, NULL, '{\"name\":\" \",\"tel\":\"0824464945\",\"home\":\"16/64\",\"place\":\" 19   19\",\"subdistrict\":\"\",\"district\":\"\",\"province\":\"\",\"post\":\"10400\"}', NULL, NULL, NULL, '10156298757148903', 'Pummy Violino', 'pummy_violino@hotmail.com'),
(579, NULL, NULL, '{\"name\":\" \",\"tel\":null,\"place\":null,\"subdistrict\":null,\"district\":null,\"province\":null,\"post\":null}', NULL, NULL, NULL, '220691371995648', ' ', ''),
(580, NULL, NULL, '{\"name\":\"Tonnum Pantuwatana\",\"tel\":null,\"place\":null,\"subdistrict\":null,\"district\":null,\"province\":null,\"post\":null}', NULL, NULL, NULL, '1864954843536641', 'Tonnum Pantuwatana', 'vorapobp@hotmail.com'),
(581, NULL, NULL, '{\"name\":\"Siwaporn Rakampa\",\"tel\":null,\"place\":null,\"subdistrict\":null,\"district\":null,\"province\":null,\"post\":null}', NULL, NULL, NULL, '197331924323526', 'Siwaporn Rakampa', ''),
(582, NULL, NULL, '{\"name\":\" \",\"tel\":null,\"place\":null,\"subdistrict\":null,\"district\":null,\"province\":null,\"post\":null}', NULL, NULL, NULL, '392115117938317', ' ', 'thuwanon.phimon@gmail.com'),
(583, NULL, NULL, '{\"name\":\"Chaowarin N Saingern\",\"tel\":null,\"place\":null,\"subdistrict\":null,\"district\":null,\"province\":null,\"post\":null}', NULL, NULL, NULL, '1697576110350482', 'Chaowarin N Saingern', 'nut_19982011@hotmail.com'),
(584, NULL, NULL, '{\"name\":\" \",\"tel\":\"0843238822\",\"home\":\"56/214  \",\"place\":\" -\",\"subdistrict\":\"\",\"district\":\"\",\"province\":\"\",\"post\":\"11130\"}', NULL, NULL, NULL, '371725459981326', 'Natdanai Keonsa', 'nkeonsa@gmail.com'),
(585, NULL, NULL, '{\"name\":\"Thananon Silakaew\",\"tel\":null,\"place\":null,\"subdistrict\":null,\"district\":null,\"province\":null,\"post\":null}', NULL, NULL, NULL, '776745362517362', 'Thananon Silakaew', 'sompong-arm@hotmail.com'),
(586, NULL, NULL, '{\"name\":\"Chavin Lerdsangarun\",\"tel\":null,\"place\":null,\"subdistrict\":null,\"district\":null,\"province\":null,\"post\":null}', NULL, NULL, NULL, '1809473982406241', 'Chavin Lerdsangarun', 'kenji_kenken@hotmail.com'),
(587, NULL, NULL, '{\"name\":\"Beck Phakason\",\"tel\":null,\"place\":null,\"subdistrict\":null,\"district\":null,\"province\":null,\"post\":null}', NULL, NULL, NULL, '1927068974030657', 'Beck Phakason', 'phakason_1999@hotmail.com');
INSERT INTO `customer` (`customer_id`, `username`, `password_hash`, `address`, `firstname`, `lastname`, `tel`, `fbid`, `fbname`, `fbemail`) VALUES
(588, NULL, NULL, '{\"name\":\"Warisara Kuruchakorn\",\"tel\":\"0859494114\",\"home\":\"156\",\"place\":\"6\",\"subdistrict\":\"\",\"district\":\"\",\"province\":\"\",\"post\":\"54150\"}', NULL, NULL, NULL, '10214743891823538', 'Warisara Kuruchakorn', 'boatk1412@gmail.com'),
(589, NULL, NULL, '{\"name\":\" \",\"tel\":\"0953709354\",\"home\":\". 789/269-270 \",\"place\":\" 17 .\",\"subdistrict\":\"\",\"district\":\"\",\"province\":\"\",\"post\":\"40000\"}', NULL, NULL, NULL, '227819731145057', ' ', 'wuttipongkoohasawat@gmail.com'),
(590, NULL, NULL, '{\"name\":\"Sunicha Kaewmaneesuk\",\"tel\":null,\"place\":null,\"subdistrict\":null,\"district\":null,\"province\":null,\"post\":null}', NULL, NULL, NULL, '1959118114133681', 'Sunicha Kaewmaneesuk', 'btbaitoeysk@hotmail.com'),
(591, NULL, NULL, '{\"name\":\"Mio Rimix\",\"tel\":null,\"place\":null,\"subdistrict\":null,\"district\":null,\"province\":null,\"post\":null}', NULL, NULL, NULL, '243207839758155', 'Mio Rimix', 'earthsahachok@gmail.com'),
(592, NULL, NULL, '{\"name\":\"Kewalin Opaobnithi\",\"tel\":\"\",\"home\":\"88/15 \",\"place\":\"11  4\",\"subdistrict\":\"\",\"district\":\"\",\"province\":\"\",\"post\":\"10150\"}', NULL, NULL, NULL, '10214032441183254', 'Kewalin Opaobnithi', 'mukachio@gmail.com'),
(593, NULL, NULL, '{\"name\":\"Chatchai Bowkaw\",\"tel\":null,\"place\":null,\"subdistrict\":null,\"district\":null,\"province\":null,\"post\":null}', NULL, NULL, NULL, '2056195881335695', 'Chatchai Bowkaw', 'ldragodestoy@hotmail.com'),
(594, NULL, NULL, '{\"name\":\"Yossapat Suracheep\",\"tel\":null,\"place\":null,\"subdistrict\":null,\"district\":null,\"province\":null,\"post\":null}', NULL, NULL, NULL, '1980797322183368', 'Yossapat Suracheep', 'bigshellbo@hotmail.com'),
(595, NULL, NULL, '{\"name\":\"Siwakon Yana\",\"tel\":null,\"place\":null,\"subdistrict\":null,\"district\":null,\"province\":null,\"post\":null}', NULL, NULL, NULL, '1590402547739042', 'Siwakon Yana', 'arm_yanah@hotmail.com'),
(596, NULL, NULL, '{\"name\":\"Sarisa Kosaiyakanon\",\"tel\":null,\"place\":null,\"subdistrict\":null,\"district\":null,\"province\":null,\"post\":null}', NULL, NULL, NULL, '2119935364917022', 'Sarisa Kosaiyakanon', 'sairung050505@gmail.com'),
(597, NULL, NULL, '{\"name\":\"Mook Varunya Kongkaew\",\"tel\":null,\"place\":null,\"subdistrict\":null,\"district\":null,\"province\":null,\"post\":null}', NULL, NULL, NULL, '292734787933105', 'Mook Varunya Kongkaew', ''),
(598, NULL, NULL, '{\"name\":\"Tach Kittitach\",\"tel\":null,\"place\":null,\"subdistrict\":null,\"district\":null,\"province\":null,\"post\":null}', NULL, NULL, NULL, '594082507614600', 'Tach Kittitach', 'kittitach_7@hotmail.com'),
(599, NULL, NULL, '{\"name\":\"Thareeya Wijitbunnakarn\",\"tel\":null,\"place\":null,\"subdistrict\":null,\"district\":null,\"province\":null,\"post\":null}', NULL, NULL, NULL, '1687457944642549', 'Thareeya Wijitbunnakarn', 'policegirl2010@hotmail.com'),
(600, NULL, NULL, '{\"name\":\" \",\"tel\":\"0962607196\",\"home\":\"19/390 ( 309)\",\"place\":\".5 .\",\"subdistrict\":\"\",\"district\":\"\",\"province\":\"\",\"post\":\"10220\"}', NULL, NULL, NULL, '821742851357417', 'Jetsada Nopparat', 'thejapteon@gmail.com'),
(601, NULL, NULL, '{\"name\":\"Mink\",\"tel\":null,\"place\":null,\"subdistrict\":null,\"district\":null,\"province\":null,\"post\":null}', NULL, NULL, NULL, '1716468161734483', 'Mink', 'mink_y_za@hotmail.com'),
(602, NULL, NULL, '{\"name\":\"Phu Siwakorn\",\"tel\":\"0918528562\",\"home\":\"28\",\"place\":\" 16\",\"subdistrict\":\"\",\"district\":\"\",\"province\":\"\",\"post\":\"57100\"}', NULL, NULL, NULL, '1219643601503576', 'Phu Siwakorn', 'carrotzz115@hotmail.com'),
(603, NULL, NULL, '{\"name\":\"Build Equalizers\",\"tel\":null,\"place\":null,\"subdistrict\":null,\"district\":null,\"province\":null,\"post\":null}', NULL, NULL, NULL, '1434211703349800', 'Build Equalizers', 'builddara@hotmail.com'),
(604, NULL, NULL, '{\"name\":\" \",\"tel\":null,\"place\":null,\"subdistrict\":null,\"district\":null,\"province\":null,\"post\":null}', NULL, NULL, NULL, '424088171352017', ' ', ''),
(605, NULL, NULL, '{\"name\":\"Suppanat Oat Petkongkaew\",\"tel\":null,\"place\":null,\"subdistrict\":null,\"district\":null,\"province\":null,\"post\":null}', NULL, NULL, NULL, '1872630029448649', 'Suppanat Oat Petkongkaew', 'kaooat120538@gmail.com'),
(606, NULL, NULL, '{\"name\":\"Chaichana Rojanapanpat\",\"tel\":\"0638380888\",\"home\":\"1278-80\",\"place\":\"\",\"subdistrict\":\"\",\"district\":\"\",\"province\":\"\",\"post\":\"10300\"}', NULL, NULL, NULL, '923755037826998', 'Chaichana Rojanapanpat', 'chaichana-leng@hotmail.com'),
(607, NULL, NULL, '{\"name\":\"Tam Yosakron\",\"tel\":\"0617582444\",\"home\":\"312/104\",\"place\":\" 1\",\"subdistrict\":\"\",\"district\":\"\",\"province\":\"\",\"post\":\"10210\"}', NULL, NULL, NULL, '1701110589983673', 'Tam Yosakron', 'tamgag10@hotmail.com'),
(608, NULL, NULL, '{\"name\":\"Anajak Chaiyadej\",\"tel\":null,\"place\":null,\"subdistrict\":null,\"district\":null,\"province\":null,\"post\":null}', NULL, NULL, NULL, '1416213131855824', 'Anajak Chaiyadej', 'neo.anajak@gmail.com'),
(609, NULL, NULL, '{\"name\":\" \",\"tel\":\"0949914900\",\"home\":\"1263/258. \",\"place\":\"4. .\",\"subdistrict\":\"\",\"district\":\"\",\"province\":\"\",\"post\":\"10150\"}', NULL, NULL, NULL, '1677929508941807', 'Pear NJ', 'kamikaze.timethai@gmail.com'),
(610, NULL, NULL, '{\"name\":\"Kongbin Krischanok\",\"tel\":null,\"place\":null,\"subdistrict\":null,\"district\":null,\"province\":null,\"post\":null}', NULL, NULL, NULL, '2056454074602288', 'Kongbin Krischanok', 'teatak23@gmail.com'),
(611, NULL, NULL, '{\"name\":\"W\'Won Parawon \",\"tel\":null,\"place\":null,\"subdistrict\":null,\"district\":null,\"province\":null,\"post\":null}', NULL, NULL, NULL, '568488230201826', 'W\'Won Parawon ', ''),
(612, NULL, NULL, '{\"name\":\"Por Natthanon\",\"tel\":null,\"place\":null,\"subdistrict\":null,\"district\":null,\"province\":null,\"post\":null}', NULL, NULL, NULL, '1167215693421354', 'Por Natthanon', 'rainarenanana@yahoo.com'),
(613, NULL, NULL, '{\"name\":\"Nuttiwut Ittikul\",\"tel\":\"0874103634\",\"home\":\"333   501\",\"place\":\" 7 \",\"subdistrict\":\"\",\"district\":\"\",\"province\":\"\",\"post\":\"20230\"}', NULL, NULL, NULL, '10211522767560245', 'Nuttiwut Ittikul', 'hp_nut99@hotmail.com'),
(614, NULL, NULL, '{\"name\":\"Kittipong Phoorak\",\"tel\":null,\"place\":null,\"subdistrict\":null,\"district\":null,\"province\":null,\"post\":null}', NULL, NULL, NULL, '2057071837945800', 'Kittipong Phoorak', ''),
(615, NULL, NULL, '{\"name\":\"Yotsaphan Tachasilapakrushakorn\",\"tel\":null,\"place\":null,\"subdistrict\":null,\"district\":null,\"province\":null,\"post\":null}', NULL, NULL, NULL, '1861933550770126', 'Yotsaphan Tachasilapakrushakorn', 'yotsaphan274@gmail.com'),
(616, NULL, NULL, '{\"name\":\"Karun Karunyapas\",\"tel\":null,\"place\":null,\"subdistrict\":null,\"district\":null,\"province\":null,\"post\":null}', NULL, NULL, NULL, '2312469545449132', 'Karun Karunyapas', 'pravin0022@gmail.com'),
(617, NULL, NULL, '{\"name\":\"Nutcha Krithong\",\"tel\":null,\"place\":null,\"subdistrict\":null,\"district\":null,\"province\":null,\"post\":null}', NULL, NULL, NULL, '206594153287807', 'Nutcha Krithong', ''),
(618, NULL, NULL, '{\"name\":\"Vachira Rajcharoensuk\",\"tel\":null,\"place\":null,\"subdistrict\":null,\"district\":null,\"province\":null,\"post\":null}', NULL, NULL, NULL, '10212235930600510', 'Vachira Rajcharoensuk', 'newvachira@hotmail.com'),
(619, NULL, NULL, '{\"name\":\"Thanakhun Ongwisespaiboon\",\"tel\":null,\"place\":null,\"subdistrict\":null,\"district\":null,\"province\":null,\"post\":null}', NULL, NULL, NULL, '2130425693911203', 'Thanakhun Ongwisespaiboon', 'bestthanakhun@gmail.com'),
(620, NULL, NULL, '{\"name\":\"Bhumchanok Radomkij\",\"tel\":null,\"place\":null,\"subdistrict\":null,\"district\":null,\"province\":null,\"post\":null}', NULL, NULL, NULL, '966663240168804', 'Bhumchanok Radomkij', 'kanoon_ep@hotmail.com'),
(621, NULL, NULL, '{\"name\":\"Jack Jakkrit\",\"tel\":\"0958916000\",\"home\":\"22/16\",\"place\":\" \",\"subdistrict\":\"\",\"district\":\"\",\"province\":\"\",\"post\":\"10150\"}', NULL, NULL, NULL, '10204458589582267', 'Jack Jakkrit', 'jakkritzz@hotmail.com'),
(622, NULL, NULL, '{\"name\":\"  \",\"tel\":\"0898119421\",\"home\":\"56\",\"place\":\"14  4\",\"subdistrict\":\"\",\"district\":\"\",\"province\":\"\",\"post\":\"57120\"}', NULL, NULL, NULL, '2025134967549948', 'RealMan Zes', 'realman_sahachad@hotmail.com'),
(623, NULL, NULL, '{\"name\":\" \",\"tel\":null,\"place\":null,\"subdistrict\":null,\"district\":null,\"province\":null,\"post\":null}', NULL, NULL, NULL, '2094908444055827', ' ', 'chakhiaw37096@hotmail.com'),
(624, NULL, NULL, '{\"name\":\"Duangporn Limpiphonphaiboon\",\"tel\":null,\"place\":null,\"subdistrict\":null,\"district\":null,\"province\":null,\"post\":null}', NULL, NULL, NULL, '964228093754281', 'Duangporn Limpiphonphaiboon', 'janeny_za_2541@hotmail.com'),
(625, NULL, NULL, '{\"name\":\" ()\",\"tel\":\"0909738906\",\"home\":\"52/15\",\"place\":\" .72\",\"subdistrict\":\"\",\"district\":\"\",\"province\":\"\",\"post\":\"10140\"}', NULL, NULL, NULL, '1830390146981462', 'Jaturong Anusri', 'beer951@hotmail.com'),
(626, NULL, NULL, '{\"name\":\"Punnarat Sanguansab\",\"tel\":null,\"place\":null,\"subdistrict\":null,\"district\":null,\"province\":null,\"post\":null}', NULL, NULL, NULL, '458843637913995', 'Punnarat Sanguansab', 'name_cake2016@hotmail.com'),
(627, NULL, NULL, '{\"name\":\"Thirawat Thongfuea\",\"tel\":null,\"place\":null,\"subdistrict\":null,\"district\":null,\"province\":null,\"post\":null}', NULL, NULL, NULL, '2113483872264669', 'Thirawat Thongfuea', 'earthlava546@hotmail.com'),
(628, NULL, NULL, '{\"name\":\"Nattapat Padungsirikul\",\"tel\":null,\"place\":null,\"subdistrict\":null,\"district\":null,\"province\":null,\"post\":null}', NULL, NULL, NULL, '2143216505891370', 'Nattapat Padungsirikul', 'zpooh1234@gmail.com'),
(629, NULL, NULL, '{\"name\":\"Napat Thumwanit\",\"tel\":null,\"place\":null,\"subdistrict\":null,\"district\":null,\"province\":null,\"post\":null}', NULL, NULL, NULL, '1981104801962763', 'Napat Thumwanit', 'barnrang@gmail.com'),
(630, NULL, NULL, '{\"name\":\"\'   \",\"tel\":null,\"place\":null,\"subdistrict\":null,\"district\":null,\"province\":null,\"post\":null}', NULL, NULL, NULL, '2165937013641011', '\'   ', ''),
(631, NULL, NULL, '{\"name\":\" \",\"tel\":\"0812906721\",\"home\":\"88\",\"place\":\" 5\",\"subdistrict\":\"\",\"district\":\"\",\"province\":\"\",\"post\":\"18000\"}', NULL, NULL, NULL, '2181381358758376', 'Yosaphat Seedajak', 'timeza9630@gmail.com'),
(632, NULL, NULL, '{\"name\":\"Yosita Musika\",\"tel\":null,\"place\":null,\"subdistrict\":null,\"district\":null,\"province\":null,\"post\":null}', NULL, NULL, NULL, '1701253373287000', 'Yosita Musika', 'punchyosita@gmail.com'),
(633, NULL, NULL, '{\"name\":\"Atapon Onchim\",\"tel\":null,\"place\":null,\"subdistrict\":null,\"district\":null,\"province\":null,\"post\":null}', NULL, NULL, NULL, '372174876604791', 'Atapon Onchim', 'atapononchim@gmail.com'),
(634, NULL, NULL, '{\"name\":\"Pemika Pandee\",\"tel\":\"0894277707\",\"home\":\"  0859\",\"place\":\" \",\"subdistrict\":\"\",\"district\":\"\",\"province\":\"\",\"post\":\"33000\"}', NULL, NULL, NULL, '1915400115148468', 'Pemika Pandee', 'pemikapandee@gmail.com'),
(635, NULL, NULL, '{\"name\":\"Gim Pavit\",\"tel\":null,\"place\":null,\"subdistrict\":null,\"district\":null,\"province\":null,\"post\":null}', NULL, NULL, NULL, '1401137523366321', 'Gim Pavit', 'gimthefirst@gmail.com'),
(636, NULL, NULL, '{\"name\":\"Van Perimi Samanya\",\"tel\":null,\"place\":null,\"subdistrict\":null,\"district\":null,\"province\":null,\"post\":null}', NULL, NULL, NULL, '10214307603620793', 'Van Perimi Samanya', 'perimi7@yahoo.com'),
(637, NULL, NULL, '{\"name\":\"Pisit Koolplukpol\",\"tel\":null,\"place\":null,\"subdistrict\":null,\"district\":null,\"province\":null,\"post\":null}', NULL, NULL, NULL, '1936180756394733', 'Pisit Koolplukpol', 'pisit-38@live.com'),
(638, NULL, NULL, '{\"name\":\"Karn Sunthad\",\"tel\":null,\"place\":null,\"subdistrict\":null,\"district\":null,\"province\":null,\"post\":null}', NULL, NULL, NULL, '10216628944258760', 'Karn Sunthad', 'karn_16841@hotmail.com'),
(639, NULL, NULL, '{\"name\":\"A\'aom Wrn\",\"tel\":null,\"place\":null,\"subdistrict\":null,\"district\":null,\"province\":null,\"post\":null}', NULL, NULL, NULL, '1589092697855382', 'A\'aom Wrn', 'waranat2016@gmail.com'),
(640, NULL, NULL, '{\"name\":\" \",\"tel\":null,\"place\":null,\"subdistrict\":null,\"district\":null,\"province\":null,\"post\":null}', NULL, NULL, NULL, '196485334327415', ' ', ''),
(641, NULL, NULL, '{\"name\":\"Nanthawat Pinitkitjawat\",\"tel\":null,\"place\":null,\"subdistrict\":null,\"district\":null,\"province\":null,\"post\":null}', NULL, NULL, NULL, '1616826771763417', 'Nanthawat Pinitkitjawat', 'epui261201@gmail.com'),
(642, NULL, NULL, '{\"name\":\"Pinyphtch Soonthrnd\",\"tel\":null,\"place\":null,\"subdistrict\":null,\"district\":null,\"province\":null,\"post\":null}', NULL, NULL, NULL, '261960867681561', 'Pinyphtch Soonthrnd', ''),
(643, NULL, NULL, '{\"name\":\" \",\"tel\":null,\"place\":null,\"subdistrict\":null,\"district\":null,\"province\":null,\"post\":null}', NULL, NULL, NULL, '10212605499432132', ' ', 'champ_gsb@hotmail.com'),
(644, NULL, NULL, '{\"name\":\" \",\"tel\":null,\"place\":null,\"subdistrict\":null,\"district\":null,\"province\":null,\"post\":null}', NULL, NULL, NULL, '1676035752492632', ' ', 'oaoa_pkt@hotmail.com'),
(645, NULL, NULL, '{\"name\":\"\' \",\"tel\":null,\"place\":null,\"subdistrict\":null,\"district\":null,\"province\":null,\"post\":null}', NULL, NULL, NULL, '2049590278640754', '\' ', 'biw_patsakorn@hotmail.com'),
(646, NULL, NULL, '{\"name\":\" \",\"tel\":\"0910308448\",\"home\":\"10/22\",\"place\":\" 4\",\"subdistrict\":\"\",\"district\":\"\",\"province\":\"\",\"post\":\"83110\"}', NULL, NULL, NULL, '10204377230066774', 'Thanawat Palm Phumipraphat', 'kenobistampford@gmail.com'),
(647, NULL, NULL, '{\"name\":\"Ford\'s Sathienpong\",\"tel\":null,\"place\":null,\"subdistrict\":null,\"district\":null,\"province\":null,\"post\":null}', NULL, NULL, NULL, '862403547287960', 'Ford\'s Sathienpong', 'sathienpong_ford@hotmail.com'),
(648, NULL, NULL, '{\"name\":\"Supawit Topipad\",\"tel\":null,\"place\":null,\"subdistrict\":null,\"district\":null,\"province\":null,\"post\":null}', NULL, NULL, NULL, '2082983731944537', 'Supawit Topipad', 'riw27479@hotmail.com'),
(649, NULL, NULL, '{\"name\":\"Raweerot Kotchasen\",\"tel\":\"0950671214\",\"home\":\"246/4\",\"place\":\"\",\"subdistrict\":\"\",\"district\":\"\",\"province\":\"\",\"post\":\"93000\"}', NULL, NULL, NULL, '386499168502272', 'Raweerot Kotchasen', 'raweerot2546.com@gmail.com'),
(650, NULL, NULL, '{\"name\":\"Athip Panpiboon\",\"tel\":\"0983422790\",\"home\":\"197\",\"place\":\" 9\",\"subdistrict\":\"\",\"district\":\"\",\"province\":\"\",\"post\":\"41250\"}', NULL, NULL, NULL, '992146374294478', 'Athip Panpiboon', 'Dodoe00@gmail.com'),
(651, NULL, NULL, '{\"name\":\"Sirapat Sukarporn\",\"tel\":\"0925499514\",\"home\":\"1300/566\",\"place\":\"\",\"subdistrict\":\"\",\"district\":\"\",\"province\":\"\",\"post\":\"74000\"}', NULL, NULL, NULL, '468471286942309', 'Sirapat Sukarporn', 'firstsirapat18@gmail.com'),
(652, NULL, NULL, '{\"name\":\" \",\"tel\":\"08134770988\",\"home\":\"74/10\",\"place\":\" 2\",\"subdistrict\":\"\",\"district\":\"\",\"province\":\"\",\"post\":\"10290\"}', NULL, NULL, NULL, '1671150523006231', 'Sorasak Japeng', 'icewrp7@gmail.com'),
(653, NULL, NULL, '{\"name\":\" \",\"tel\":null,\"place\":null,\"subdistrict\":null,\"district\":null,\"province\":null,\"post\":null}', NULL, NULL, NULL, '2115460492055796', ' ', 'megane_kr@outlook.co.th');

-- --------------------------------------------------------

--
-- Table structure for table `election`
--

CREATE TABLE `election` (
  `election_id` int(11) NOT NULL,
  `customer_id` int(11) DEFAULT NULL,
  `order_time` datetime DEFAULT CURRENT_TIMESTAMP,
  `amount` int(11) DEFAULT NULL,
  `slip` text,
  `status` varchar(5) DEFAULT NULL,
  `from` int(11) DEFAULT NULL
) ENGINE=InnoDB DEFAULT CHARSET=utf8;

--
-- Dumping data for table `election`
--

INSERT INTO `election` (`election_id`, `customer_id`, `order_time`, `amount`, `slip`, `status`, `from`) VALUES
(12, 48, '2018-05-27 02:50:13', 1, '{\"action\":\"billElection\",\"target_bank\":\"SCB\",\"transfer_date\":\"2018-01-01\",\"transfer_time\":\"01:00\",\"transfer_amount\":\"500.00\",\"picture_file\":\"19028226831219511527364293.jpg\"}', 'PAID', 1),
(13, 48, '2018-05-27 02:57:28', 2, '{\"action\":\"billElection\",\"target_bank\":\"SCB\",\"transfer_date\":\"2018-01-01\",\"transfer_time\":\"01:00\",\"transfer_amount\":\"1000.00\",\"picture_file\":\"19028226831219511527364663.jpg\"}', 'PAID', 2),
(14, 629, '2018-05-27 21:03:20', 1, '{\"action\":\"billElection\",\"target_bank\":\"SCB\",\"transfer_date\":\"2018-05-27\",\"transfer_time\":\"11:11\",\"transfer_amount\":\"500.00\",\"picture_file\":\"19811048019627631527429863.jpg\"}', 'PAID', 4),
(15, 48, '2018-05-27 21:11:30', 1, '{\"action\":\"billElection\",\"target_bank\":\"SCB\",\"transfer_date\":\"2018-01-01\",\"transfer_time\":\"01:00\",\"transfer_amount\":\"500.00\",\"picture_file\":\"19028226831219511527430301.jpg\"}', 'PAID', 5),
(16, 48, '2018-05-29 02:37:47', 1, '{\"action\":\"billElection\",\"target_bank\":\"SCB\",\"transfer_date\":\"2018-01-01\",\"transfer_time\":\"01:00\",\"transfer_amount\":\"500.00\",\"picture_file\":\"19028226831219511527536289.jpg\"}', 'PAID', 8),
(17, 48, '2018-05-29 03:17:58', 2, '{\"action\":\"billElection\",\"target_bank\":\"SCB\",\"transfer_date\":\"2018-01-01\",\"transfer_time\":\"01:00\",\"transfer_amount\":\"1000.00\",\"picture_file\":\"19028226831219511527538691.jpg\"}', 'PAID', 6),
(18, 48, '2018-05-29 03:20:49', 2, '{\"action\":\"billElection\",\"target_bank\":\"SCB\",\"transfer_date\":\"2018-01-01\",\"transfer_time\":\"01:00\",\"transfer_amount\":\"1000.00\",\"picture_file\":\"19028226831219511527538858.jpg\"}', 'PAID', 9),
(19, 48, '2018-05-29 03:23:01', 1, '{\"action\":\"billElection\",\"target_bank\":\"SCB\",\"transfer_date\":\"2018-01-01\",\"transfer_time\":\"01:00\",\"transfer_amount\":\"500.00\",\"picture_file\":\"19028226831219511527539023.jpg\"}', 'PAID', 11),
(20, 48, '2018-05-29 09:12:16', 2, '{\"action\":\"billElection\",\"target_bank\":\"SCB\",\"transfer_date\":\"2018-01-01\",\"transfer_time\":\"01:00\",\"transfer_amount\":\"1000.00\",\"picture_file\":\"19028226831219511527560048.jpg\"}', 'PAID', 12),
(21, 48, '2018-05-29 10:56:59', 1, '{\"action\":\"billElection\",\"target_bank\":\"SCB\",\"transfer_date\":\"2018-01-01\",\"transfer_time\":\"01:00\",\"transfer_amount\":\"500.00\",\"picture_file\":\"19028226831219511527566234.jpg\"}', 'PAID', 14),
(22, 48, '2018-05-29 11:12:34', 3, '{\"action\":\"billElection\",\"target_bank\":\"SCB\",\"transfer_date\":\"2018-01-01\",\"transfer_time\":\"01:00\",\"transfer_amount\":\"1500.00\",\"picture_file\":\"19028226831219511527567164.jpg\"}', 'PAID', 15),
(23, 47, '2018-05-29 12:17:38', 3, '{\"action\":\"billElection\",\"target_bank\":\"SCB\",\"transfer_date\":\"2018-01-01\",\"transfer_time\":\"01:01\",\"transfer_amount\":\"1500.00\",\"picture_file\":\"14803874787376191527571109.jpg\"}', 'PAID', 18),
(24, 47, '2018-05-29 12:35:02', 3, NULL, 'BOOK', NULL);

-- --------------------------------------------------------

--
-- Table structure for table `event`
--

CREATE TABLE `event` (
  `event_id` int(11) NOT NULL,
  `name` varchar(100) DEFAULT NULL,
  `datetime` datetime DEFAULT NULL,
  `place` text,
  `description` text
) ENGINE=InnoDB DEFAULT CHARSET=utf8;

--
-- Dumping data for table `event`
--

INSERT INTO `event` (`event_id`, `name`, `datetime`, `place`, `description`) VALUES
(1, 'THAI FESTIVAL 2018', '2018-05-12 10:00:00', 'Yoyogi Park', 'Thai Festival 2018    18       '),
(2, 'KAZE MATSURI CARNIVAL 2018', '2018-06-17 13:30:00', '    ', '..........!!.................\" -  Room39  The Mask Singer  1  .....  BNK48  .....  \"\" KAZE Angel 2018 .........    \"\" KAZE - Spirit of Japan ........  17  2018..... . ,   ... 12.00 . .... 13.30 . ....'),
(3, 'KAZZ AWARDS 2018', '2018-05-16 13:00:00', ' GMM Live House Fl.8 Central World', ' #BNK48   16  61\r\n  \r\n 11.00  1   \r\n\r\nKazz   \r\n Line : @Kazzmagazine'),
(4, 'BIG CAMERA FESTIVAL 2018 : Capture Hopping', '2018-04-07 17:00:00', '  1 ', ' Meet & Greet    BNK 48   fc   Fujifilm X-A5  Sup tar   Lifestyle   Capture     Photolista Celebrity   Capture Hopping #Top Ten Recommended by Celeb    Lifestyle      Top Ten Mode   Lifestyle   Photolista Celebrity  !!!'),
(5, 'The 39th Bangkok International Motor Show 2018', '2018-04-08 16:00:00', '   1  M4', '!! ..   100  !!  BNK48     Full HD ! \r\n!    BNK48  The 39th Bangkok International Motor Show 2018   ..  ! 16   !!!!\r\n\r\n !  !! \r\n   !~\r\n'),
(6, 'Uni EiiKLEAW Market', '2018-05-23 18:00:00', ' Lifestyle Hall A/B   ', ' !   \r\n!   BNK48  18 ..61  #EiiKLEAW #BNK48 #TheMallThailand');

-- --------------------------------------------------------

--
-- Table structure for table `event_member`
--

CREATE TABLE `event_member` (
  `event_id` int(11) NOT NULL,
  `member_code` varchar(10) NOT NULL
) ENGINE=InnoDB DEFAULT CHARSET=utf8;

--
-- Dumping data for table `event_member`
--

INSERT INTO `event_member` (`event_id`, `member_code`) VALUES
(2, 'Can'),
(5, 'Can'),
(1, 'Cherprang'),
(3, 'Cherprang'),
(4, 'Cherprang'),
(5, 'Cherprang'),
(1, 'Izurina'),
(6, 'Jaa'),
(2, 'Jane'),
(5, 'Jane'),
(1, 'Jennis'),
(3, 'Jennis'),
(4, 'Jennis'),
(6, 'Jennis'),
(2, 'Jib'),
(5, 'Jib'),
(6, 'Jib'),
(5, 'Kaew'),
(2, 'Korn'),
(5, 'Korn'),
(6, 'Miori'),
(1, 'Mobile'),
(2, 'Mobile'),
(3, 'Mobile'),
(4, 'Mobile'),
(5, 'Mobile'),
(6, 'Mobile'),
(1, 'Music'),
(3, 'Music'),
(4, 'Music'),
(5, 'Music'),
(2, 'Namneung'),
(5, 'Namneung'),
(5, 'Namsai'),
(6, 'Nink'),
(2, 'Noey'),
(3, 'Noey'),
(4, 'Noey'),
(5, 'Noey'),
(2, 'Orn'),
(5, 'Orn'),
(5, 'Piam'),
(1, 'Pun'),
(3, 'Pun'),
(4, 'Pun'),
(5, 'Pun'),
(2, 'Pupe'),
(5, 'Pupe'),
(2, 'Tarwaan'),
(5, 'Tarwaan');

-- --------------------------------------------------------

--
-- Table structure for table `event_product`
--

CREATE TABLE `event_product` (
  `event_id` int(11) NOT NULL,
  `product_code` varchar(30) NOT NULL
) ENGINE=InnoDB DEFAULT CHARSET=utf8;

-- --------------------------------------------------------

--
-- Table structure for table `log`
--

CREATE TABLE `log` (
  `log_id` int(11) NOT NULL,
  `admin_user` varchar(30) DEFAULT NULL,
  `customer_id` int(11) DEFAULT NULL,
  `detail` text,
  `create_time` datetime DEFAULT CURRENT_TIMESTAMP
) ENGINE=InnoDB DEFAULT CHARSET=utf8;

--
-- Dumping data for table `log`
--

INSERT INTO `log` (`log_id`, `admin_user`, `customer_id`, `detail`, `create_time`) VALUES
(1, NULL, NULL, '{\"action\":\"setStatOrder\", \"order_code\":\"0510VQDSEQ\", \"status\":\"PAID\"}', '2018-05-10 23:56:48'),
(2, 'admin1', NULL, NULL, '2018-05-10 23:59:00'),
(3, NULL, NULL, '{\"action\":\"setStatOrder\", \"order_code\":\"0510VQDSEQ\", \"status\":\"PAID\"}', '2018-05-11 00:05:37'),
(4, NULL, NULL, '{\"action\":\"setStatOrder\", \"order_code\":\"0510GTJDBZ\", \"status\":\"PAID\"}', '2018-05-11 00:09:14'),
(5, 'admin1', NULL, NULL, '2018-05-11 00:45:44'),
(6, 'admin1', NULL, NULL, '2018-05-11 01:17:01'),
(7, 'admin1', NULL, NULL, '2018-05-11 01:19:02'),
(8, 'admin1', NULL, NULL, '2018-05-11 01:20:27'),
(9, 'admin1', NULL, '{\"action\":\"printSetOrder\", \"order_code\":\"0510GTJDBZ,0510VQDSEQ\"}', '2018-05-11 01:20:33'),
(10, 'admin1', NULL, '{\"action\":\"setStatOrder\", \"order_code\":\"0510GTJDBZ,0510VQDSEQ\", \"status\":\"PACK\"}', '2018-05-11 08:15:42'),
(11, 'admin1', NULL, '{\"action\":\"sentOrder\", \"order_code\":\"0510GTJDBZ 0510VQDSEQ\", \"track_no\":\"EV029996573TH EV029996560TH\"}', '2018-05-11 08:20:33'),
(12, NULL, NULL, '{\"action\":\"setStatOrder\", \"order_code\":\"051165CF2V\", \"status\":\"PAID\"}', '2018-05-11 22:36:11'),
(13, 'admin1', NULL, NULL, '2018-05-11 22:39:22'),
(14, NULL, NULL, '{\"action\":\"setStatOrder\", \"order_code\":\"0511Y6WLYQ\", \"status\":\"PAID\"}', '2018-05-11 22:40:06'),
(15, NULL, NULL, '{\"action\":\"setStatOrder\", \"order_code\":\"0511X6ZFH4\", \"status\":\"PAID\"}', '2018-05-11 23:13:39'),
(16, NULL, NULL, '{\"action\":\"setStatOrder\", \"order_code\":\"0511U5OEZD\", \"status\":\"PAID\"}', '2018-05-11 23:48:32'),
(17, NULL, NULL, '{\"action\":\"setStatOrder\", \"order_code\":\"05119OSORJ\", \"status\":\"PAID\"}', '2018-05-11 23:53:46'),
(18, 'admin1', NULL, NULL, '2018-05-12 00:51:36'),
(19, 'admin1', NULL, '{\"action\":\"printSetOrder\", \"order_code\":\"051165CF2V,05119OSORJ,0511U5OEZD,0511X6ZFH4,0511Y6WLYQ\"}', '2018-05-12 00:53:57'),
(20, 'admin1', NULL, '{\"action\":\"setStatOrder\", \"order_code\":\"051165CF2V,0511Y6WLYQ,0511X6ZFH4,0511U5OEZD,05119OSORJ\", \"status\":\"PACK\"}', '2018-05-12 02:30:53'),
(21, 'admin1', NULL, '{\"action\":\"sentOrder\", \"order_code\":\"051165CF2V 0511Y6WLYQ 0511U5OEZD 05119OSORJ\", \"track_no\":\"ED424954158TH ED424954135TH ED424954144TH RP216575382TH\"}', '2018-05-12 09:28:30'),
(22, 'admin1', NULL, '{\"action\":\"sentOrder\", \"order_code\":\"0511X6ZFH4\", \"track_no\":\"\"}', '2018-05-12 16:07:37'),
(23, NULL, NULL, '{\"action\":\"setStatOrder\", \"order_code\":\"0514NI4HFX\", \"status\":\"PAID\"}', '2018-05-14 11:44:06'),
(24, 'admin1', NULL, NULL, '2018-05-14 13:38:57'),
(25, 'admin1', NULL, NULL, '2018-05-14 13:39:34'),
(26, 'admin1', NULL, NULL, '2018-05-14 13:40:42'),
(27, 'admin1', NULL, NULL, '2018-05-14 13:43:30'),
(28, 'admin1', NULL, NULL, '2018-05-14 13:45:48'),
(29, 'admin1', NULL, NULL, '2018-05-14 13:52:34'),
(30, 'admin1', NULL, NULL, '2018-05-14 14:01:06'),
(31, 'admin1', NULL, NULL, '2018-05-14 14:05:40'),
(32, 'admin1', NULL, NULL, '2018-05-14 14:06:29'),
(33, NULL, NULL, '{\"action\":\"setStatOrder\", \"order_code\":\"051418SP7K\", \"status\":\"PAID\"}', '2018-05-14 22:59:22'),
(34, NULL, NULL, '{\"action\":\"setStatOrder\", \"order_code\":\"0514S9MF5L\", \"status\":\"PAID\"}', '2018-05-14 23:01:44'),
(35, NULL, NULL, '{\"action\":\"setStatOrder\", \"order_code\":\"0514YGUU0G\", \"status\":\"PAID\"}', '2018-05-14 23:01:45'),
(36, NULL, NULL, '{\"action\":\"setStatOrder\", \"order_code\":\"05147ZM7E2\", \"status\":\"PAID\"}', '2018-05-14 23:05:28'),
(37, NULL, NULL, '{\"action\":\"setStatOrder\", \"order_code\":\"0514B2RETW\", \"status\":\"PAID\"}', '2018-05-14 23:07:07'),
(38, NULL, NULL, '{\"action\":\"setStatOrder\", \"order_code\":\"0514E0A0FC\", \"status\":\"PAID\"}', '2018-05-15 00:13:17'),
(39, NULL, NULL, '{\"action\":\"setStatOrder\", \"order_code\":\"051532BSK9\", \"status\":\"PAID\"}', '2018-05-15 00:16:45'),
(40, NULL, NULL, '{\"action\":\"setStatOrder\", \"order_code\":\"05151I3F83\", \"status\":\"PAID\"}', '2018-05-15 08:31:20'),
(41, 'admin1', NULL, NULL, '2018-05-15 09:07:30'),
(42, 'admin1', NULL, NULL, '2018-05-15 09:10:00'),
(43, 'admin1', NULL, NULL, '2018-05-15 09:26:54'),
(44, 'admin1', NULL, NULL, '2018-05-15 09:40:30'),
(45, 'admin1', NULL, '{\"action\":\"printSetOrder\", \"order_code\":\"051418SP7K,05147ZM7E2,0514B2RETW,0514E0A0FC,0514NI4HFX,0514S9MF5L,0514YGUU0G,05151I3F83,051532BSK9\"}', '2018-05-15 09:41:24'),
(46, 'admin1', NULL, '{\"action\":\"printSetOrder\", \"order_code\":\"051418SP7K,05147ZM7E2,0514B2RETW,0514E0A0FC,0514NI4HFX,0514S9MF5L,0514YGUU0G,05151I3F83,051532BSK9\"}', '2018-05-15 09:41:25'),
(47, NULL, NULL, '{\"action\":\"setStatOrder\", \"order_code\":\"0515B18OSU\", \"status\":\"PAID\"}', '2018-05-15 12:04:35'),
(48, 'admin1', NULL, NULL, '2018-05-15 12:09:17'),
(49, 'admin1', NULL, NULL, '2018-05-15 12:09:43'),
(50, 'admin1', NULL, '{\"action\":\"printByOrder\",\"order\":\"0514NI4HFX,05147ZM7E2,051418SP7K,0514E0A0FC\"}', '2018-05-15 12:43:45'),
(51, 'admin1', NULL, '{\"action\":\"printByOrder\",\"order\":\"0514NI4HFX,05147ZM7E2,051418SP7K,0514E0A0FC,0514S9MF5L,0514YGUU0G,0514B2RETW,051532BSK9,05151I3F83\"}', '2018-05-15 12:44:20'),
(52, 'admin1', NULL, '{\"action\":\"printByOrder\",\"order\":\"0515B18OSU\"}', '2018-05-15 20:03:48'),
(53, 'admin1', NULL, '{\"action\":\"printByOrder\",\"order\":\"0515B18OSU\"}', '2018-05-15 20:04:34'),
(54, 'admin1', NULL, '{\"action\":\"printSetOrder\", \"order_code\":\"0515B18OSU\"}', '2018-05-15 20:05:21'),
(55, 'admin1', NULL, '{\"action\":\"setStatOrder\", \"order_code\":\"0514NI4HFX,05147ZM7E2,051418SP7K,0514E0A0FC,0514S9MF5L,0514YGUU0G,0514B2RETW,051532BSK9,05151I3F83,0515B18OSU\", \"status\":\"PACK\"}', '2018-05-15 20:05:35'),
(56, 'admin1', NULL, '{\"action\":\"sentOrder\", \"order_code\":\"0514NI4HFX 05147ZM7E2 051418SP7K 0514E0A0FC 0514S9MF5L 0514YGUU0G 0514B2RETW 051532BSK9 05151I3F83 0515B18OSU\", \"track_no\":\"EU473600179TH RM435604277TH EU473600148TH EU473600134TH EU473600125TH EU473600117TH EU473600151TH EU157713001TH EU473600165TH RM435604277TH\"}', '2018-05-15 20:14:06'),
(57, NULL, NULL, '{\"action\":\"setStatOrder\", \"order_code\":\"0515E6MLFM\", \"status\":\"PAID\"}', '2018-05-15 20:18:58'),
(58, 'admin1', NULL, NULL, '2018-05-15 20:19:34'),
(59, 'admin1', NULL, NULL, '2018-05-15 20:19:48'),
(60, 'admin1', NULL, '{\"action\":\"printSetOrder\", \"order_code\":\"0515E6MLFM\"}', '2018-05-15 20:20:39'),
(61, 'admin1', NULL, '{\"action\":\"printSetOrder\", \"order_code\":\"0515B18OSU\"}', '2018-05-15 20:20:59'),
(62, 'admin1', NULL, '{\"action\":\"setStatOrder\", \"order_code\":\"0515E6MLFM\", \"status\":\"PACK\"}', '2018-05-15 20:22:31'),
(63, 'admin1', NULL, '{\"action\":\"setStatOrder\", \"order_code\":\"0515B18OSU\", \"status\":\"PACK\"}', '2018-05-15 20:22:39'),
(64, 'admin1', NULL, '{\"action\":\"sentOrder\", \"order_code\":\"0515B18OSU 0515E6MLFM\", \"track_no\":\"RM435604277TH <>\"}', '2018-05-15 20:24:37'),
(65, NULL, NULL, '{\"action\":\"setStatOrder\", \"order_code\":\"0515YQDAF6\", \"status\":\"PAID\"}', '2018-05-15 22:22:01'),
(66, NULL, NULL, '{\"action\":\"setStatOrder\", \"order_code\":\"0515ESXGJQ\", \"status\":\"PAID\"}', '2018-05-15 22:22:24'),
(67, NULL, NULL, '{\"action\":\"setStatOrder\", \"order_code\":\"0515GA1WVX\", \"status\":\"PAID\"}', '2018-05-15 22:22:36'),
(68, NULL, NULL, '{\"action\":\"setStatOrder\", \"order_code\":\"0515H7GDE6\", \"status\":\"PAID\"}', '2018-05-15 22:29:21'),
(69, NULL, NULL, '{\"action\":\"setStatOrder\", \"order_code\":\"0515FX8L7G\", \"status\":\"PAID\"}', '2018-05-15 22:30:58'),
(70, NULL, NULL, '{\"action\":\"setStatOrder\", \"order_code\":\"05155MS4FT\", \"status\":\"PAID\"}', '2018-05-15 22:31:03'),
(71, NULL, NULL, '{\"action\":\"setStatOrder\", \"order_code\":\"0515S91KV9\", \"status\":\"PAID\"}', '2018-05-15 22:32:56'),
(72, NULL, NULL, '{\"action\":\"setStatOrder\", \"order_code\":\"0515S0D5WL\", \"status\":\"PAID\"}', '2018-05-15 22:35:08'),
(73, NULL, NULL, '{\"action\":\"setStatOrder\", \"order_code\":\"0515C0O70P\", \"status\":\"PAID\"}', '2018-05-15 22:35:10'),
(74, NULL, NULL, '{\"action\":\"setStatOrder\", \"order_code\":\"0515J7OHPM\", \"status\":\"PAID\"}', '2018-05-15 22:38:25'),
(75, NULL, NULL, '{\"action\":\"setStatOrder\", \"order_code\":\"0515DLIZ06\", \"status\":\"PAID\"}', '2018-05-15 22:39:51'),
(76, NULL, NULL, '{\"action\":\"setStatOrder\", \"order_code\":\"05150IXUGF\", \"status\":\"PAID\"}', '2018-05-15 22:42:54'),
(77, NULL, NULL, '{\"action\":\"setStatOrder\", \"order_code\":\"05158HA7WB\", \"status\":\"PAID\"}', '2018-05-15 22:43:01'),
(78, NULL, NULL, '{\"action\":\"setStatOrder\", \"order_code\":\"05158HA7WB\", \"status\":\"PAID\"}', '2018-05-15 22:43:12'),
(79, NULL, NULL, '{\"action\":\"setStatOrder\", \"order_code\":\"0515NS243H\", \"status\":\"PAID\"}', '2018-05-15 22:43:23'),
(80, NULL, NULL, '{\"action\":\"setStatOrder\", \"order_code\":\"0515RW831F\", \"status\":\"PAID\"}', '2018-05-15 22:55:26'),
(81, NULL, NULL, '{\"action\":\"setStatOrder\", \"order_code\":\"0515GNDUVC\", \"status\":\"PAID\"}', '2018-05-15 22:55:31'),
(82, NULL, NULL, '{\"action\":\"setStatOrder\", \"order_code\":\"0515ZAMMN7\", \"status\":\"PAID\"}', '2018-05-15 22:55:41'),
(83, NULL, NULL, '{\"action\":\"setStatOrder\", \"order_code\":\"0515C3AEUE\", \"status\":\"PAID\"}', '2018-05-15 22:56:40'),
(84, NULL, NULL, '{\"action\":\"setStatOrder\", \"order_code\":\"0515E2IE7B\", \"status\":\"PAID\"}', '2018-05-15 22:57:48'),
(85, NULL, NULL, '{\"action\":\"setStatOrder\", \"order_code\":\"0515VNABCA\", \"status\":\"PAID\"}', '2018-05-15 22:58:09'),
(86, NULL, NULL, '{\"action\":\"setStatOrder\", \"order_code\":\"0515EKNPUF\", \"status\":\"PAID\"}', '2018-05-15 22:59:47'),
(87, NULL, NULL, '{\"action\":\"setStatOrder\", \"order_code\":\"0515KM09TT\", \"status\":\"PAID\"}', '2018-05-15 23:09:52'),
(88, 'admin1', NULL, NULL, '2018-05-15 23:22:23'),
(89, NULL, NULL, '{\"action\":\"setStatOrder\", \"order_code\":\"0515DW1TXU\", \"status\":\"PAID\"}', '2018-05-15 23:41:13'),
(90, NULL, NULL, '{\"action\":\"setStatOrder\", \"order_code\":\"05165PY5X0\", \"status\":\"PAID\"}', '2018-05-16 00:59:35'),
(91, NULL, NULL, '{\"action\":\"setStatOrder\", \"order_code\":\"0516O581BF\", \"status\":\"PAID\"}', '2018-05-16 01:18:56'),
(92, NULL, NULL, '{\"action\":\"setStatOrder\", \"order_code\":\"0516B6TAP4\", \"status\":\"PAID\"}', '2018-05-16 07:02:20'),
(93, NULL, NULL, '{\"action\":\"setStatOrder\", \"order_code\":\"0516BUQN1G\", \"status\":\"PAID\"}', '2018-05-16 07:02:25'),
(94, NULL, NULL, '{\"action\":\"setStatOrder\", \"order_code\":\"0516SAFESK\", \"status\":\"PAID\"}', '2018-05-16 07:02:55'),
(95, NULL, NULL, '{\"action\":\"setStatOrder\", \"order_code\":\"0516NKPIB5\", \"status\":\"PAID\"}', '2018-05-16 07:04:04'),
(96, NULL, NULL, '{\"action\":\"setStatOrder\", \"order_code\":\"0516YMHF1D\", \"status\":\"PAID\"}', '2018-05-16 07:04:27'),
(97, NULL, NULL, '{\"action\":\"setStatOrder\", \"order_code\":\"0516NKPIB5\", \"status\":\"PAID\"}', '2018-05-16 07:04:40'),
(98, NULL, NULL, '{\"action\":\"setStatOrder\", \"order_code\":\"0516YMHF1D\", \"status\":\"PAID\"}', '2018-05-16 07:04:57'),
(99, NULL, NULL, '{\"action\":\"setStatOrder\", \"order_code\":\"0516QUQ7VO\", \"status\":\"PAID\"}', '2018-05-16 07:05:12'),
(100, NULL, NULL, '{\"action\":\"setStatOrder\", \"order_code\":\"0516BMK5YV\", \"status\":\"PAID\"}', '2018-05-16 09:15:23'),
(101, 'admin1', NULL, NULL, '2018-05-16 09:26:30'),
(102, 'admin1', NULL, NULL, '2018-05-16 09:40:44'),
(103, NULL, NULL, '{\"action\":\"setStatOrder\", \"order_code\":\"0516VIZSZR\", \"status\":\"PAID\"}', '2018-05-16 11:32:36'),
(104, NULL, NULL, '{\"action\":\"setStatOrder\", \"order_code\":\"05165Q3N7Q\", \"status\":\"PAID\"}', '2018-05-16 11:35:54'),
(105, 'admin1', NULL, '{\"action\":\"printByOrder\",\"order\":\"0516VIZSZR,05165Q3N7Q\"}', '2018-05-16 12:21:55'),
(106, NULL, NULL, '{\"action\":\"setStatOrder\", \"order_code\":\"0516ET40IB\", \"status\":\"PAID\"}', '2018-05-16 12:34:05'),
(107, NULL, NULL, '{\"action\":\"setStatOrder\", \"order_code\":\"0516WD9QA7\", \"status\":\"PAID\"}', '2018-05-16 15:35:43'),
(108, 'admin1', NULL, '{\"action\":\"printByOrder\",\"order\":\"0515YQDAF6,0515KM09TT,0516WD9QA7\"}', '2018-05-16 17:11:09'),
(109, 'admin1', NULL, '{\"action\":\"printByOrder\",\"order\":\"0515YQDAF6,0515KM09TT,0516WD9QA7\"}', '2018-05-16 17:12:28'),
(110, 'admin1', NULL, '{\"action\":\"printByOrder\",\"order\":\"0515YQDAF6,0515KM09TT,0516WD9QA7\"}', '2018-05-16 17:13:45'),
(111, 'admin1', NULL, NULL, '2018-05-16 17:18:16'),
(112, 'admin1', NULL, NULL, '2018-05-16 17:18:53'),
(113, 'admin1', NULL, NULL, '2018-05-16 20:34:50'),
(114, 'admin1', NULL, '{\"action\":\"printSetOrder\", \"order_code\":\"05150IXUGF,05155MS4FT,05158HA7WB,0515C0O70P,0515C3AEUE,0515DLIZ06,0515DW1TXU,0515E2IE7B,0515EKNPUF,0515ESXGJQ,0515FX8L7G,0515GA1WVX,0515GNDUVC,0515H7GDE6,0515J7OHPM,0515KM09TT,0515NS243H,0515RW831F,0515S0D5WL,0515S91KV9,0515VNABCA,0515YQDAF6,0515ZAMMN7,05165PY5X0,05165Q3N7Q,0516B6TAP4,0516BMK5YV,0516BUQN1G,0516ET40IB,0516NKPIB5,0516O581BF,0516QUQ7VO,0516SAFESK,0516VIZSZR,0516WD9QA7,0516YMHF1D\"}', '2018-05-16 20:34:57'),
(115, 'admin1', NULL, '{\"action\":\"setStatOrder\", \"order_code\":\"\", \"status\":\"PACK\"}', '2018-05-16 20:35:08'),
(116, 'admin1', NULL, '{\"action\":\"setStatOrder\", \"order_code\":\"0515ESXGJQ,0515GA1WVX,0515ZAMMN7,0515YQDAF6,0515H7GDE6,0515FX8L7G,0515S0D5WL,05155MS4FT,0515S91KV9,0515C0O70P,0515VNABCA,0515J7OHPM,0515C3AEUE,0515DLIZ06,0515EKNPUF,05158HA7WB,0515NS243H,05150IXUGF,0515GNDUVC,0515RW831F,0515E2IE7B,0515KM09TT,0515DW1TXU,05165PY5X0,0516O581BF,0516QUQ7VO,0516YMHF1D,0516NKPIB5,0516BUQN1G,0516SAFESK,0516B6TAP4,0516BMK5YV,0516VIZSZR,05165Q3N7Q,0516ET40IB,0516WD9QA7\", \"status\":\"PACK\"}', '2018-05-16 20:35:12'),
(117, 'admin1', NULL, '{\"action\":\"sentOrder\", \"order_code\":\"0515YQDAF6\", \"track_no\":\"EU158847336TH\"}', '2018-05-16 21:22:21'),
(118, 'admin1', NULL, '{\"action\":\"sentOrder\", \"order_code\":\"0515YQDAF6\", \"track_no\":\"EU158847336TH\"}', '2018-05-16 21:25:25'),
(119, 'admin1', NULL, '{\"action\":\"sentOrder\", \"order_code\":\"0515YQDAF6\", \"track_no\":\"EU158847336TH\"}', '2018-05-16 21:26:27'),
(120, 'admin1', NULL, '{\"action\":\"sentOrder\", \"order_code\":\"0515YQDAF6\", \"track_no\":\"EU158847336TH\"}', '2018-05-16 21:27:16'),
(121, 'admin1', NULL, '{\"action\":\"sentOrder\", \"order_code\":\"0515YQDAF6\", \"track_no\":\"EU158847336TH\"}', '2018-05-16 21:27:39'),
(122, 'admin1', NULL, '{\"action\":\"sentOrder\", \"order_code\":\"0515YQDAF6\", \"track_no\":\"EU158847336TH\"}', '2018-05-16 21:35:26'),
(123, 'admin1', NULL, '{\"action\":\"sentOrder\", \"order_code\":\"0515YQDAF6\", \"track_no\":\"EU158847336TH\"}', '2018-05-16 21:35:58'),
(124, 'admin1', NULL, '{\"action\":\"sentOrder\", \"order_code\":\"0515YQDAF6\", \"track_no\":\"EU158847336TH\"}', '2018-05-16 21:40:01'),
(125, 'admin1', NULL, '{\"action\":\"sentOrder\", \"order_code\":\"0515ESXGJQ\", \"track_no\":\"RB009409689TH\"}', '2018-05-16 21:55:50'),
(126, 'admin1', NULL, '{\"action\":\"sentOrder\", \"order_code\":\"0515ESXGJQ\", \"track_no\":\"RB009409680TH\"}', '2018-05-16 21:58:30'),
(127, 'admin1', NULL, '{\"action\":\"sentOrder\", \"order_code\":\"0515GA1WVX 0515ZAMMN7 0515H7GDE6 0515FX8L7G\", \"track_no\":\"RB009409733TH EU473545574TH EU473545693TH EU473545605TH\"}', '2018-05-16 22:04:32'),
(128, 'admin1', NULL, '{\"action\":\"sentOrder\", \"order_code\":\"0515VNABCA 0515J7OHPM 0515C3AEUE 0515DLIZ06\", \"track_no\":\"EU473545565TH EU473545530TH EU473545645TH EU473545662TH\"}', '2018-05-16 22:07:24'),
(129, 'admin1', NULL, '{\"action\":\"sentOrder\", \"order_code\":\"05150IXUGF 0515GNDUVC 0515E2IE7B 0515DW1TXU 05165PY5X0 0516O581BF\", \"track_no\":\"EU473545628TH EU473545676TH EU473545659TH EU473545509TH EU473545588TH EU473545680TH\"}', '2018-05-16 22:16:35'),
(130, 'admin1', NULL, '{\"action\":\"sentOrder\", \"order_code\":\"0516YMHF1D 0516NKPIB5 0516BUQN1G 0516SAFESK 0516B6TAP4 0516VIZSZR 05165Q3N7Q 0516ET40IB\", \"track_no\":\"EU473545557TH EU473545631TH EU473545591TH EU47354591TH EU473545543TH EU473545614TH EU473545512TH EU473545526TH\"}', '2018-05-16 22:21:59'),
(131, 'admin1', NULL, '{\"action\":\"sentOrder\", \"order_code\":\"0515S0D5WL 05155MS4FT 0515S91KV9 0515C0O70P 0515EKNPUF 05158HA7WB 0515NS243H\", \"track_no\":\"RB009409778TH RB009409764TH RB009409755TH RB009409702TH RB009409747TH RB009409693TH RB009409733TH\"}', '2018-05-16 22:28:03'),
(132, 'admin1', NULL, '{\"action\":\"sentOrder\", \"order_code\":\"0515GA1WVX\", \"track_no\":\"RB009409720TH\"}', '2018-05-16 22:29:40'),
(133, 'admin1', NULL, '{\"action\":\"sentOrder\", \"order_code\":\"0515RW831F 0516QUQ7VO 0516BMK5YV\", \"track_no\":\"RB009409716TH RB009409676TH RB009409781TH\"}', '2018-05-16 22:31:59'),
(134, 'admin1', NULL, '{\"action\":\"sentOrder\", \"order_code\":\"0515KM09TT\", \"track_no\":\"EU158847319TH\"}', '2018-05-16 22:32:55'),
(135, 'admin1', NULL, '{\"action\":\"sentOrder\", \"order_code\":\"0516WD9QA7\", \"track_no\":\"RB930525409TH\"}', '2018-05-16 22:33:24'),
(136, NULL, NULL, '{\"action\":\"setStatOrder\", \"order_code\":\"05175MTD2U\", \"status\":\"PAID\"}', '2018-05-17 07:17:15'),
(137, NULL, NULL, '{\"action\":\"setStatOrder\", \"order_code\":\"0517BCTZNR\", \"status\":\"PAID\"}', '2018-05-17 14:35:24'),
(138, 'admin1', NULL, '{\"action\":\"printByOrder\",\"order\":\"05175MTD2U\"}', '2018-05-18 02:33:15'),
(139, 'admin1', NULL, '{\"action\":\"printByOrder\",\"order\":\"0517BCTZNR\"}', '2018-05-18 02:36:14'),
(140, 'admin1', NULL, '{\"action\":\"printSetOrder\", \"order_code\":\"05175MTD2U\"}', '2018-05-18 02:42:56'),
(141, 'admin1', NULL, '{\"action\":\"setStatOrder\", \"order_code\":\"0517EB2XUX\", \"status\":\"PAID\"}', '2018-05-18 07:53:22'),
(142, 'admin1', NULL, '{\"action\":\"setStatOrder\", \"order_code\":\"05175MTD2U\", \"status\":\"PACK\"}', '2018-05-18 08:15:42'),
(143, 'admin1', NULL, '{\"action\":\"sentOrder\", \"order_code\":\"05175MTD2U\", \"track_no\":\"EV050903330TH\"}', '2018-05-18 08:16:28'),
(144, 'admin1', NULL, '{\"action\":\"printByOrder\",\"order\":\"0517EB2XUX\"}', '2018-05-18 08:17:07'),
(145, NULL, NULL, '{\"action\":\"setStatOrder\", \"order_code\":\"05186UQGL5\", \"status\":\"PAID\"}', '2018-05-18 12:28:54'),
(146, 'admin1', NULL, NULL, '2018-05-18 14:33:11'),
(147, 'admin1', NULL, NULL, '2018-05-18 14:34:24'),
(148, 'admin1', NULL, NULL, '2018-05-18 15:46:57'),
(149, 'admin1', NULL, '{\"action\":\"printSetOrder\", \"order_code\":\"0517BCTZNR,0517EB2XUX,05186UQGL5\"}', '2018-05-18 15:47:03'),
(150, 'admin1', NULL, '{\"action\":\"setStatOrder\", \"order_code\":\"0517BCTZNR,0517EB2XUX,05186UQGL5\", \"status\":\"PACK\"}', '2018-05-18 15:47:13'),
(151, 'admin1', NULL, '{\"action\":\"sentOrder\", \"order_code\":\"0517BCTZNR 0517EB2XUX 05186UQGL5\", \"track_no\":\"RB537712612TH EV050907739TH EV050907725TH\"}', '2018-05-18 15:49:50'),
(152, NULL, NULL, '{\"action\":\"setStatOrder\", \"order_code\":\"051800EVHW\", \"status\":\"PAID\"}', '2018-05-18 21:58:18'),
(153, NULL, NULL, '{\"action\":\"setStatOrder\", \"order_code\":\"0518DYMVDB\", \"status\":\"PAID\"}', '2018-05-18 22:13:21'),
(154, NULL, NULL, '{\"action\":\"setStatOrder\", \"order_code\":\"0518O3S995\", \"status\":\"PAID\"}', '2018-05-18 22:21:27'),
(155, NULL, NULL, '{\"action\":\"setStatOrder\", \"order_code\":\"0518ARWV9G\", \"status\":\"PAID\"}', '2018-05-18 22:41:28'),
(156, NULL, NULL, '{\"action\":\"setStatOrder\", \"order_code\":\"0518JM9V95\", \"status\":\"PAID\"}', '2018-05-18 22:47:43'),
(157, NULL, NULL, '{\"action\":\"setStatOrder\", \"order_code\":\"0518U7JJSI\", \"status\":\"PAID\"}', '2018-05-18 22:48:01'),
(158, NULL, NULL, '{\"action\":\"setStatOrder\", \"order_code\":\"0518MQZ0XK\", \"status\":\"PAID\"}', '2018-05-18 22:48:04'),
(159, NULL, NULL, '{\"action\":\"setStatOrder\", \"order_code\":\"0518VI3L8X\", \"status\":\"PAID\"}', '2018-05-18 22:52:13'),
(160, NULL, NULL, '{\"action\":\"setStatOrder\", \"order_code\":\"0518058HRF\", \"status\":\"PAID\"}', '2018-05-18 22:54:36'),
(161, NULL, NULL, '{\"action\":\"setStatOrder\", \"order_code\":\"051888H0TB\", \"status\":\"PAID\"}', '2018-05-18 22:55:50'),
(162, NULL, NULL, '{\"action\":\"setStatOrder\", \"order_code\":\"0518HYJ3ZF\", \"status\":\"PAID\"}', '2018-05-18 22:56:44'),
(163, NULL, NULL, '{\"action\":\"setStatOrder\", \"order_code\":\"0518J30JOF\", \"status\":\"PAID\"}', '2018-05-18 22:57:03'),
(164, NULL, NULL, '{\"action\":\"setStatOrder\", \"order_code\":\"0518LUUNVJ\", \"status\":\"PAID\"}', '2018-05-18 22:57:48'),
(165, NULL, NULL, '{\"action\":\"setStatOrder\", \"order_code\":\"0518LOFOSV\", \"status\":\"PAID\"}', '2018-05-18 22:58:25'),
(166, NULL, NULL, '{\"action\":\"setStatOrder\", \"order_code\":\"05187T5SN4\", \"status\":\"PAID\"}', '2018-05-18 22:58:52'),
(167, NULL, NULL, '{\"action\":\"setStatOrder\", \"order_code\":\"0519OI1QQT\", \"status\":\"PAID\"}', '2018-05-19 00:16:04'),
(168, NULL, NULL, '{\"action\":\"setStatOrder\", \"order_code\":\"0519PTR970\", \"status\":\"PAID\"}', '2018-05-19 01:12:29'),
(169, NULL, NULL, '{\"action\":\"setStatOrder\", \"order_code\":\"05198KQ6Q1\", \"status\":\"PAID\"}', '2018-05-19 09:01:34'),
(170, NULL, NULL, '{\"action\":\"setStatOrder\", \"order_code\":\"0519PTR970\", \"status\":\"PAID\"}', '2018-05-19 09:02:06'),
(171, NULL, NULL, '{\"action\":\"setStatOrder\", \"order_code\":\"0519CSNCA0\", \"status\":\"PAID\"}', '2018-05-19 09:03:08'),
(172, NULL, NULL, '{\"action\":\"setStatOrder\", \"order_code\":\"0519C4ACR3\", \"status\":\"PAID\"}', '2018-05-19 09:03:51'),
(173, NULL, NULL, '{\"action\":\"setStatOrder\", \"order_code\":\"05195MMVGW\", \"status\":\"PAID\"}', '2018-05-19 09:04:06'),
(174, NULL, NULL, '{\"action\":\"setStatOrder\", \"order_code\":\"0519C6VTQ8\", \"status\":\"PAID\"}', '2018-05-19 10:18:08'),
(175, NULL, NULL, '{\"action\":\"setStatOrder\", \"order_code\":\"0519VIKZ93\", \"status\":\"PAID\"}', '2018-05-19 11:22:16'),
(176, NULL, NULL, '{\"action\":\"setStatOrder\", \"order_code\":\"0519P5RJ0J\", \"status\":\"PAID\"}', '2018-05-19 13:35:02'),
(177, 'admin1', NULL, '{\"action\":\"setStatOrder\", \"order_code\":\"0518BVP9IH\", \"status\":\"PAID\"}', '2018-05-19 13:35:03'),
(178, NULL, NULL, '{\"action\":\"setStatOrder\", \"order_code\":\"051914D6L8\", \"status\":\"PAID\"}', '2018-05-19 13:40:35'),
(179, 'admin1', NULL, NULL, '2018-05-19 13:41:17'),
(180, 'admin1', NULL, NULL, '2018-05-19 13:43:31'),
(181, 'admin1', NULL, '{\"action\":\"printSetOrder\", \"order_code\":\"051800EVHW,0518058HRF,05187T5SN4,051888H0TB,0518ARWV9G,0518BVP9IH,0518DYMVDB,0518HYJ3ZF,0518J30JOF,0518JM9V95,0518LOFOSV,0518LUUNVJ,0518MQZ0XK,0518O3S995,0518U7JJSI,0518VI3L8X,051914D6L8,05195MMVGW,05198KQ6Q1,0519C4ACR3,0519C6VTQ8,0519CSNCA0,0519OI1QQT,0519P5RJ0J,0519PTR970,0519VIKZ93\"}', '2018-05-19 13:43:35'),
(182, 'admin1', NULL, '{\"action\":\"printByOrder\",\"order\":\"051800EVHW,0518DYMVDB,0518O3S995,0518BVP9IH,0518ARWV9G,0518JM9V95,0518MQZ0XK,0518U7JJSI,05187T5SN4,0518J30JOF,051888H0TB,0518VI3L8X,0518LUUNVJ,0518058HRF,0518LOFOSV,0518HYJ3ZF,0519OI1QQT,0519PTR970,05195MMVGW,0519C4ACR3,05198KQ6Q1,0519CSNCA0,0519C6VTQ8,0519VIKZ93,051914D6L8,0519P5RJ0J\"}', '2018-05-19 13:51:24'),
(183, NULL, NULL, '{\"action\":\"setStatOrder\", \"order_code\":\"0519FADYJ5\", \"status\":\"PAID\"}', '2018-05-19 14:04:35'),
(184, NULL, NULL, '{\"action\":\"setStatOrder\", \"order_code\":\"0519K2L93G\", \"status\":\"PAID\"}', '2018-05-19 14:25:16'),
(185, 'admin1', NULL, '{\"action\":\"setStatOrder\", \"order_code\":\"0519VR71AE\", \"status\":\"PAID\"}', '2018-05-19 15:46:41'),
(186, 'admin1', NULL, '{\"action\":\"printByOrder\",\"order\":\"0519K2L93G\"}', '2018-05-19 15:47:06'),
(187, 'admin1', NULL, '{\"action\":\"printSetOrder\", \"order_code\":\"0519K2L93G\"}', '2018-05-19 15:47:11'),
(188, 'admin1', NULL, '{\"action\":\"setStatOrder\", \"order_code\":\"0519K2L93G\", \"status\":\"PACK\"}', '2018-05-19 15:47:27'),
(189, 'admin1', NULL, '{\"action\":\"sentOrder\", \"order_code\":\"0519K2L93G\", \"track_no\":\"\"}', '2018-05-19 15:47:44'),
(190, 'admin1', NULL, NULL, '2018-05-19 16:49:27'),
(191, 'admin1', NULL, '{\"action\":\"setStatOrder\", \"order_code\":\"051800EVHW,0518DYMVDB,0518O3S995,0518BVP9IH,0518ARWV9G,0518JM9V95,0518MQZ0XK,0518U7JJSI,05187T5SN4,0518J30JOF,051888H0TB,0518VI3L8X,0518LUUNVJ,0518058HRF,0518LOFOSV,0518HYJ3ZF,0519OI1QQT,0519PTR970,05195MMVGW,0519C4ACR3,05198KQ6Q1,0519CSNCA0,0519C6VTQ8,0519VIKZ93,051914D6L8,0519P5RJ0J\", \"status\":\"PACK\"}', '2018-05-19 19:21:40'),
(192, 'admin1', NULL, NULL, '2018-05-19 19:22:04'),
(193, 'admin1', NULL, '{\"action\":\"printSetOrder\", \"order_code\":\"0519FADYJ5,0519VR71AE\"}', '2018-05-19 19:22:11'),
(194, 'admin1', NULL, '{\"action\":\"setStatOrder\", \"order_code\":\"0519VR71AE,0519FADYJ5\", \"status\":\"PACK\"}', '2018-05-19 19:22:15'),
(195, 'admin1', NULL, '{\"action\":\"sentOrder\", \"order_code\":\"0518ARWV9G\", \"track_no\":\"SIAM000616575\"}', '2018-05-19 19:23:29'),
(196, 'admin1', NULL, '{\"action\":\"sentOrder\", \"order_code\":\"0518HYJ3ZF\", \"track_no\":\"EV235987505TH\"}', '2018-05-19 19:24:22'),
(197, 'admin1', NULL, '{\"action\":\"sentOrder\", \"order_code\":\"0518LUUNVJ\", \"track_no\":\"EV235987514TH\"}', '2018-05-19 19:25:30'),
(198, 'admin1', NULL, '{\"action\":\"sentOrder\", \"order_code\":\"0518VI3L8X\", \"track_no\":\"EV235987528TH\"}', '2018-05-19 19:26:06'),
(199, 'admin1', NULL, '{\"action\":\"sentOrder\", \"order_code\":\"051800EVHW\", \"track_no\":\"EV235987531TH\"}', '2018-05-19 19:26:37'),
(200, 'admin1', NULL, '{\"action\":\"sentOrder\", \"order_code\":\"0518O3S995\", \"track_no\":\"EV235987545TH\"}', '2018-05-19 19:26:55'),
(201, 'admin1', NULL, '{\"action\":\"sentOrder\", \"order_code\":\"0518BVP9IH\", \"track_no\":\"EV235987559TH\"}', '2018-05-19 19:27:25'),
(202, 'admin1', NULL, '{\"action\":\"sentOrder\", \"order_code\":\"0519C4ACR3\", \"track_no\":\"EV235987562TH\"}', '2018-05-19 19:27:57'),
(203, 'admin1', NULL, '{\"action\":\"sentOrder\", \"order_code\":\"05187T5SN4\", \"track_no\":\"EV235987576TH\"}', '2018-05-19 19:28:20'),
(204, 'admin1', NULL, '{\"action\":\"sentOrder\", \"order_code\":\"0518LOFOSV\", \"track_no\":\"EV235987580TH\"}', '2018-05-19 19:28:37'),
(205, 'admin1', NULL, '{\"action\":\"sentOrder\", \"order_code\":\"0518MQZ0XK\", \"track_no\":\"EV235987593TH\"}', '2018-05-19 19:28:54'),
(206, 'admin1', NULL, '{\"action\":\"sentOrder\", \"order_code\":\"051914D6L8\", \"track_no\":\"EV235987602TH\"}', '2018-05-19 19:29:53'),
(207, 'admin1', NULL, '{\"action\":\"sentOrder\", \"order_code\":\"0519OI1QQT\", \"track_no\":\"EV235987616TH\"}', '2018-05-19 19:30:12'),
(208, 'admin1', NULL, '{\"action\":\"sentOrder\", \"order_code\":\"05195MMVGW\", \"track_no\":\"EV235987620TH\"}', '2018-05-19 19:30:26'),
(209, 'admin1', NULL, '{\"action\":\"sentOrder\", \"order_code\":\"0519FADYJ5\", \"track_no\":\"EV235987633TH\"}', '2018-05-19 19:30:46'),
(210, 'admin1', NULL, '{\"action\":\"sentOrder\", \"order_code\":\"0518U7JJSI\", \"track_no\":\"EV235987647TH\"}', '2018-05-19 19:31:03'),
(211, 'admin1', NULL, '{\"action\":\"sentOrder\", \"order_code\":\"0518J30JOF\", \"track_no\":\"RB929785477TH\"}', '2018-05-19 19:31:48'),
(212, 'admin1', NULL, '{\"action\":\"sentOrder\", \"order_code\":\"0519CSNCA0\", \"track_no\":\"RB929785485TH\"}', '2018-05-19 19:32:07'),
(213, 'admin1', NULL, '{\"action\":\"sentOrder\", \"order_code\":\"0518058HRF\", \"track_no\":\"RB929785494TH\"}', '2018-05-19 19:32:27'),
(214, 'admin1', NULL, '{\"action\":\"sentOrder\", \"order_code\":\"051888H0TB\", \"track_no\":\"RB929785503TH\"}', '2018-05-19 19:32:43'),
(215, 'admin1', NULL, '{\"action\":\"sentOrder\", \"order_code\":\"0519VR71AE\", \"track_no\":\"RB929785517TH\"}', '2018-05-19 19:33:16'),
(216, 'admin1', NULL, '{\"action\":\"sentOrder\", \"order_code\":\"05198KQ6Q1\", \"track_no\":\"RB929785525TH\"}', '2018-05-19 19:33:48'),
(217, 'admin1', NULL, '{\"action\":\"sentOrder\", \"order_code\":\"0518JM9V95\", \"track_no\":\"RB929785534TH\"}', '2018-05-19 19:34:30'),
(218, 'admin1', NULL, '{\"action\":\"sentOrder\", \"order_code\":\"0518DYMVDB\", \"track_no\":\"RB929785548TH\"}', '2018-05-19 19:36:05'),
(219, 'admin1', NULL, '{\"action\":\"sentOrder\", \"order_code\":\"0519VIKZ93\", \"track_no\":\"RB929785551TH\"}', '2018-05-19 19:36:22'),
(220, 'admin1', NULL, '{\"action\":\"sentOrder\", \"order_code\":\"0519C6VTQ8\", \"track_no\":\"RB929785565TH\"}', '2018-05-19 19:36:52'),
(221, 'admin1', NULL, '{\"action\":\"sentOrder\", \"order_code\":\"0519PTR970\", \"track_no\":\"RB929785579TH\"}', '2018-05-19 19:37:13'),
(222, 'admin1', NULL, '{\"action\":\"sentOrder\", \"order_code\":\"0519P5RJ0J\", \"track_no\":\"\"}', '2018-05-19 19:38:00'),
(223, NULL, NULL, '{\"action\":\"setStatOrder\", \"order_code\":\"051910J04D\", \"status\":\"PAID\"}', '2018-05-19 22:28:58'),
(224, NULL, NULL, '{\"action\":\"setStatOrder\", \"order_code\":\"051934GNWI\", \"status\":\"PAID\"}', '2018-05-19 22:58:47'),
(225, NULL, NULL, '{\"action\":\"setStatOrder\", \"order_code\":\"0519AFNGI7\", \"status\":\"PAID\"}', '2018-05-19 23:09:49'),
(226, NULL, NULL, '{\"action\":\"setStatOrder\", \"order_code\":\"0519BQ7NGG\", \"status\":\"PAID\"}', '2018-05-19 23:34:33'),
(227, NULL, NULL, '{\"action\":\"setStatOrder\", \"order_code\":\"0519Z3357W\", \"status\":\"PAID\"}', '2018-05-19 23:35:11'),
(228, NULL, NULL, '{\"action\":\"setStatOrder\", \"order_code\":\"0519YW7WJK\", \"status\":\"PAID\"}', '2018-05-19 23:35:24'),
(229, NULL, NULL, '{\"action\":\"setStatOrder\", \"order_code\":\"0520SC1SUF\", \"status\":\"PAID\"}', '2018-05-20 02:48:34'),
(230, 'admin1', NULL, NULL, '2018-05-20 10:58:38'),
(231, NULL, NULL, '{\"action\":\"setStatOrder\", \"order_code\":\"0520762GJ1\", \"status\":\"PAID\"}', '2018-05-20 11:14:13'),
(232, NULL, NULL, '{\"action\":\"setStatOrder\", \"order_code\":\"0520CE0Z1H\", \"status\":\"PAID\"}', '2018-05-20 13:27:24'),
(233, 'admin1', NULL, NULL, '2018-05-20 13:44:59'),
(234, 'admin1', NULL, NULL, '2018-05-20 13:47:18'),
(235, 'admin1', NULL, '{\"action\":\"printByOrder\",\"order\":\"051910J04D,051934GNWI,0519AFNGI7,0519BQ7NGG,0519YW7WJK,0519Z3357W,0520SC1SUF,0520762GJ1\"}', '2018-05-20 13:47:45'),
(236, 'admin1', NULL, '{\"action\":\"printByOrder\",\"order\":\"051910J04D,0520CE0Z1H\"}', '2018-05-20 13:50:11'),
(237, 'admin1', NULL, '{\"action\":\"printByOrder\",\"order\":\"051910J04D,0520CE0Z1H\"}', '2018-05-20 13:51:18'),
(238, 'admin1', NULL, '{\"action\":\"printByOrder\",\"order\":\"051910J04D,051934GNWI,0519AFNGI7,0519BQ7NGG,0519YW7WJK,0519Z3357W,0520SC1SUF,0520762GJ1\"}', '2018-05-20 13:52:09'),
(239, 'admin1', NULL, '{\"action\":\"printByOrder\",\"order\":\"051910J04D,051934GNWI,0519AFNGI7,0519BQ7NGG,0519YW7WJK,0519Z3357W,0520SC1SUF,0520762GJ1\"}', '2018-05-20 13:52:28'),
(240, NULL, NULL, '{\"action\":\"setStatOrder\", \"order_code\":\"0520WCX3T1\", \"status\":\"PAID\"}', '2018-05-20 15:31:15'),
(241, 'admin1', NULL, '{\"action\":\"printByOrder\",\"order\":\"051910J04D,051934GNWI,0519AFNGI7,0519BQ7NGG,0519YW7WJK,0519Z3357W,0520SC1SUF,0520762GJ1,0520CE0Z1H\"}', '2018-05-20 18:07:31'),
(242, 'admin1', NULL, '{\"action\":\"printSetOrder\", \"order_code\":\"051910J04D,051934GNWI,0519AFNGI7,0519BQ7NGG,0519YW7WJK,0519Z3357W,0520762GJ1,0520CE0Z1H,0520SC1SUF\"}', '2018-05-20 18:07:45'),
(243, 'admin1', NULL, '{\"action\":\"setStatOrder\", \"order_code\":\"051910J04D,051934GNWI,0519AFNGI7,0519BQ7NGG,0519YW7WJK,0519Z3357W,0520SC1SUF,0520762GJ1,0520CE0Z1H\", \"status\":\"PACK\"}', '2018-05-20 18:08:03'),
(244, NULL, NULL, '{\"action\":\"setStatOrder\", \"order_code\":\"05208DET60\", \"status\":\"PAID\"}', '2018-05-20 18:10:20'),
(245, 'admin1', NULL, '{\"action\":\"sentOrder\", \"order_code\":\"051910J04D 051934GNWI 0519AFNGI7 0519BQ7NGG 0519YW7WJK 0519Z3357W 0520SC1SUF 0520762GJ1 0520CE0Z1H\", \"track_no\":\"EV235993041TH EV235993007TH EV235993015TH EV235992956TH EV235992973TH EV235992987TH EV235992995TH EV235993024TH RL719914786TH\"}', '2018-05-20 18:14:39'),
(246, 'admin1', NULL, NULL, '2018-05-20 18:15:00'),
(247, NULL, NULL, '{\"action\":\"setStatOrder\", \"order_code\":\"0520RFIKJN\", \"status\":\"PAID\"}', '2018-05-20 20:06:18'),
(248, 'admin1', NULL, '{\"action\":\"printByOrder\",\"order\":\"0520RFIKJN\"}', '2018-05-20 20:08:09'),
(249, 'admin1', NULL, '{\"action\":\"printSetOrder\", \"order_code\":\"0520RFIKJN\"}', '2018-05-20 20:08:13'),
(250, 'admin1', NULL, '{\"action\":\"setStatOrder\", \"order_code\":\"0520RFIKJN\", \"status\":\"PACK\"}', '2018-05-20 20:08:20'),
(251, 'admin1', NULL, '{\"action\":\"sentOrder\", \"order_code\":\"0520RFIKJN\", \"track_no\":\"EV484848488TH\"}', '2018-05-20 20:08:48'),
(252, NULL, NULL, '{\"action\":\"setStatOrder\", \"order_code\":\"0520TSZRSR\", \"status\":\"PAID\"}', '2018-05-20 22:44:31'),
(253, NULL, NULL, '{\"action\":\"setStatOrder\", \"order_code\":\"05215INRKA\", \"status\":\"PAID\"}', '2018-05-21 10:37:51'),
(254, NULL, NULL, '{\"action\":\"setStatOrder\", \"order_code\":\"0521JYF1Z7\", \"status\":\"PAID\"}', '2018-05-21 14:22:29'),
(255, 'admin1', NULL, NULL, '2018-05-21 14:23:10'),
(256, 'admin1', NULL, '{\"action\":\"printByOrder\",\"order\":\"0520WCX3T1,05208DET60,0520TSZRSR,05215INRKA\"}', '2018-05-21 14:37:21'),
(257, 'admin1', NULL, '{\"action\":\"printByOrder\",\"order\":\"0520WCX3T1,05208DET60,0520TSZRSR,05215INRKA\"}', '2018-05-21 14:37:28'),
(258, 'admin1', NULL, '{\"action\":\"printSetOrder\", \"order_code\":\"05208DET60,0520TSZRSR,0520WCX3T1,05215INRKA\"}', '2018-05-21 14:37:39'),
(259, 'admin1', NULL, NULL, '2018-05-21 14:37:43'),
(260, 'admin1', NULL, '{\"action\":\"printSetOrder\", \"order_code\":\"0521JYF1Z7\"}', '2018-05-21 14:37:49'),
(261, 'admin1', NULL, '{\"action\":\"setStatOrder\", \"order_code\":\"0520WCX3T1,05208DET60,0520TSZRSR,05215INRKA,0521JYF1Z7\", \"status\":\"PACK\"}', '2018-05-21 16:30:27'),
(262, 'admin1', NULL, '{\"action\":\"sentOrder\", \"order_code\":\"0520WCX3T1 05208DET60 0520TSZRSR 05215INRKA 0521JYF1Z7\", \"track_no\":\"EU743608583TH EU743608570TH EU743608597TH EU743608566TH RM435613910TH\"}', '2018-05-21 16:36:27'),
(263, NULL, NULL, '{\"action\":\"setStatOrder\", \"order_code\":\"0521NUFFCS\", \"status\":\"PAID\"}', '2018-05-21 18:10:24'),
(264, NULL, NULL, '{\"action\":\"setStatOrder\", \"order_code\":\"0521PAXVUH\", \"status\":\"PAID\"}', '2018-05-21 18:25:45'),
(265, NULL, NULL, '{\"action\":\"setStatOrder\", \"order_code\":\"05213YRPRT\", \"status\":\"PAID\"}', '2018-05-21 18:38:53'),
(266, NULL, NULL, '{\"action\":\"setStatOrder\", \"order_code\":\"0521O250ES\", \"status\":\"PAID\"}', '2018-05-21 19:06:24'),
(267, NULL, NULL, '{\"action\":\"setStatOrder\", \"order_code\":\"0521XVBVZK\", \"status\":\"PAID\"}', '2018-05-21 19:42:53'),
(268, NULL, NULL, '{\"action\":\"setStatOrder\", \"order_code\":\"0521USF3RQ\", \"status\":\"PAID\"}', '2018-05-21 20:04:24'),
(269, NULL, NULL, '{\"action\":\"setStatOrder\", \"order_code\":\"0521U670T1\", \"status\":\"PAID\"}', '2018-05-21 20:17:11'),
(270, NULL, NULL, '{\"action\":\"setStatOrder\", \"order_code\":\"0521GBJU1H\", \"status\":\"PAID\"}', '2018-05-21 20:18:47'),
(271, NULL, NULL, '{\"action\":\"setStatOrder\", \"order_code\":\"0521RPTWXW\", \"status\":\"PAID\"}', '2018-05-21 23:00:15'),
(272, NULL, NULL, '{\"action\":\"setStatOrder\", \"order_code\":\"0521LZSEME\", \"status\":\"PAID\"}', '2018-05-21 23:01:25'),
(273, NULL, NULL, '{\"action\":\"setStatOrder\", \"order_code\":\"0521QC6URQ\", \"status\":\"PAID\"}', '2018-05-21 23:19:46'),
(274, 'admin1', NULL, '{\"action\":\"sentOrder\", \"order_code\":\"0520TSZRSR\", \"track_no\":\"EU743608552TH\"}', '2018-05-21 23:33:11'),
(275, 'admin1', NULL, '{\"action\":\"sentOrder\", \"order_code\":\"0520WCX3T1 05208DET60 0520TSZRSR 05215INRKA\", \"track_no\":\"EU473608583TH EU473608570TH EU473608552TH EU473608566TH\"}', '2018-05-21 23:42:25'),
(276, 'admin1', NULL, '{\"action\":\"setStatOrder\", \"order_code\":\"05215LFJGU\", \"status\":\"PAID\"}', '2018-05-22 01:52:48'),
(277, 'admin1', NULL, NULL, '2018-05-22 01:52:59'),
(278, 'admin1', NULL, NULL, '2018-05-22 01:53:11'),
(279, 'admin1', NULL, NULL, '2018-05-22 01:53:33'),
(280, 'admin1', NULL, NULL, '2018-05-22 01:56:26'),
(281, 'admin1', NULL, NULL, '2018-05-22 01:56:27'),
(282, 'admin1', NULL, NULL, '2018-05-22 01:56:34'),
(283, 'admin1', NULL, NULL, '2018-05-22 01:56:39'),
(284, 'admin1', NULL, NULL, '2018-05-22 01:57:30'),
(285, 'admin1', NULL, NULL, '2018-05-22 01:58:13'),
(286, 'admin1', NULL, NULL, '2018-05-22 01:58:15'),
(287, 'admin1', NULL, NULL, '2018-05-22 01:58:42'),
(288, 'admin1', NULL, NULL, '2018-05-22 01:59:00'),
(289, 'admin1', NULL, NULL, '2018-05-22 02:00:21'),
(290, 'admin1', NULL, NULL, '2018-05-22 02:00:29'),
(291, 'admin1', NULL, NULL, '2018-05-22 02:00:37'),
(292, 'admin1', NULL, NULL, '2018-05-22 02:00:49'),
(293, 'admin1', NULL, NULL, '2018-05-22 02:00:54'),
(294, 'admin1', NULL, NULL, '2018-05-22 02:00:59'),
(295, 'admin1', NULL, NULL, '2018-05-22 02:01:06'),
(296, 'admin1', NULL, NULL, '2018-05-22 10:53:19'),
(297, 'admin1', NULL, NULL, '2018-05-22 10:53:27'),
(298, 'admin1', NULL, NULL, '2018-05-22 10:56:13'),
(299, 'admin1', NULL, NULL, '2018-05-22 10:56:28'),
(300, 'admin1', NULL, NULL, '2018-05-22 11:04:38'),
(301, 'admin1', NULL, '{\"action\":\"printSetOrder\", \"order_code\":\"05213YRPRT,05215LFJGU,0521GBJU1H,0521LZSEME,0521NUFFCS,0521O250ES,0521PAXVUH,0521QC6URQ,0521RPTWXW,0521U670T1,0521USF3RQ,0521XVBVZK\"}', '2018-05-22 11:04:44'),
(302, 'admin1', NULL, '{\"action\":\"setStatOrder\", \"order_code\":\"0521NUFFCS,0521PAXVUH,05213YRPRT,0521O250ES,0521XVBVZK,0521USF3RQ,05215LFJGU,0521U670T1,0521GBJU1H,0521RPTWXW,0521LZSEME,0521QC6URQ\", \"status\":\"PACK\"}', '2018-05-22 18:19:19'),
(303, 'admin1', NULL, '{\"action\":\"sentOrder\", \"order_code\":\"0521NUFFCS\", \"track_no\":\"EU473614413TH\"}', '2018-05-22 18:20:53'),
(304, 'admin1', NULL, '{\"action\":\"sentOrder\", \"order_code\":\"05213YRPRT 0521O250ES\", \"track_no\":\"EU473614460TH EU473614535TH\"}', '2018-05-22 18:32:33'),
(305, 'admin1', NULL, '{\"action\":\"sentOrder\", \"order_code\":\"0521PAXVUH\", \"track_no\":\"EU473614473TH\"}', '2018-05-22 18:35:47'),
(306, 'admin1', NULL, '{\"action\":\"sentOrder\", \"order_code\":\"0521XVBVZK\", \"track_no\":\"EU473614500TH\"}', '2018-05-22 18:36:24'),
(307, 'admin1', NULL, '{\"action\":\"sentOrder\", \"order_code\":\"0521USF3RQ\", \"track_no\":\"EU473614495TH\"}', '2018-05-22 18:37:04'),
(308, 'admin1', NULL, '{\"action\":\"sentOrder\", \"order_code\":\"05215LFJGU\", \"track_no\":\"EU473614527TH\"}', '2018-05-22 18:37:54'),
(309, 'admin1', NULL, '{\"action\":\"sentOrder\", \"order_code\":\"0521U670T1\", \"track_no\":\"EU473614456TH\"}', '2018-05-22 18:38:49'),
(310, 'admin1', NULL, '{\"action\":\"sentOrder\", \"order_code\":\"0521GBJU1H\", \"track_no\":\"EU473614442TH\"}', '2018-05-22 18:39:25'),
(312, 'admin1', NULL, '{\"action\":\"sentOrder\", \"order_code\":\"0521LZSEME\", \"track_no\":\"EU473614487TH\"}', '2018-05-22 18:42:10'),
(313, 'admin1', NULL, '{\"action\":\"sentOrder\", \"order_code\":\"0521QC6URQ\", \"track_no\":\"EU473614439TH\"}', '2018-05-22 18:42:51'),
(314, 'admin1', NULL, '{\"action\":\"sentOrder\", \"order_code\":\"0521RPTWXW\", \"track_no\":\"RM435615779TH\"}', '2018-05-22 18:43:30'),
(315, NULL, NULL, '{\"action\":\"setStatOrder\", \"order_code\":\"0522W3J02Z\", \"status\":\"PAID\"}', '2018-05-22 22:47:11'),
(316, NULL, NULL, '{\"action\":\"setStatOrder\", \"order_code\":\"0522HIZBTO\", \"status\":\"PAID\"}', '2018-05-22 22:59:32'),
(317, 'admin1', NULL, NULL, '2018-05-23 10:00:59'),
(318, 'admin1', NULL, '{\"action\":\"printSetOrder\", \"order_code\":\"0522HIZBTO,0522W3J02Z\"}', '2018-05-23 10:01:11'),
(319, NULL, NULL, '{\"action\":\"setStatOrder\", \"order_code\":\"0523F3UOBO\", \"status\":\"PAID\"}', '2018-05-23 14:05:26'),
(320, NULL, NULL, '{\"action\":\"setStatOrder\", \"order_code\":\"0523EY25NB\", \"status\":\"PAID\"}', '2018-05-23 14:06:01'),
(321, NULL, NULL, '{\"action\":\"setStatOrder\", \"order_code\":\"052360QT5K\", \"status\":\"PAID\"}', '2018-05-23 21:35:41'),
(322, 'admin1', NULL, '{\"action\":\"setStatOrder\", \"order_code\":\"0522W3J02Z,0522HIZBTO\", \"status\":\"PACK\"}', '2018-05-24 09:51:25'),
(323, 'admin1', NULL, '{\"action\":\"sentOrder\", \"order_code\":\"0522W3J02Z 0522HIZBTO\", \"track_no\":\"RM435622899TH EU473613212TH\"}', '2018-05-24 09:52:36'),
(324, 'admin1', NULL, '{\"action\":\"printByOrder\",\"order\":\"052360QT5K\"}', '2018-05-24 09:53:13'),
(325, 'admin1', NULL, NULL, '2018-05-24 14:11:20'),
(326, 'admin1', NULL, '{\"action\":\"printSetOrder\", \"order_code\":\"052360QT5K,0523EY25NB,0523F3UOBO\"}', '2018-05-24 14:11:26'),
(327, 'admin1', NULL, '{\"action\":\"setStatOrder\", \"order_code\":\"0523EY25NB,0523F3UOBO,052360QT5K\", \"status\":\"PACK\"}', '2018-05-24 14:11:34'),
(328, 'admin1', NULL, '{\"action\":\"sentOrder\", \"order_code\":\"0523EY25NB 0523F3UOBO 052360QT5K\", \"track_no\":\".... .... EU473616253TH\"}', '2018-05-24 14:12:46'),
(329, NULL, NULL, '{\"action\":\"setStatOrder\", \"order_code\":\"0524DZDKQK\", \"status\":\"PAID\"}', '2018-05-24 20:47:21'),
(330, NULL, NULL, '{\"action\":\"setStatOrder\", \"order_code\":\"0524NJ2D2Q\", \"status\":\"PAID\"}', '2018-05-24 22:03:56'),
(331, NULL, NULL, '{\"action\":\"setStatOrder\", \"order_code\":\"0524JR1484\", \"status\":\"PAID\"}', '2018-05-24 22:26:35'),
(332, NULL, NULL, '{\"action\":\"setStatOrder\", \"order_code\":\"0524KGI7KQ\", \"status\":\"PAID\"}', '2018-05-24 23:14:28'),
(333, NULL, NULL, '{\"action\":\"setStatOrder\", \"order_code\":\"05255ITHVJ\", \"status\":\"PAID\"}', '2018-05-25 09:49:15'),
(334, NULL, NULL, '{\"action\":\"setStatOrder\", \"order_code\":\"0525Q7Z9IH\", \"status\":\"PAID\"}', '2018-05-25 10:00:51'),
(335, NULL, NULL, '{\"action\":\"setStatOrder\", \"order_code\":\"052594G9OY\", \"status\":\"PAID\"}', '2018-05-25 11:21:46'),
(336, 'admin1', NULL, NULL, '2018-05-25 11:35:46'),
(337, 'admin1', NULL, '{\"action\":\"editPrice\", \"product_code\":\"CD2NDEMP\", \"price\":\"300\"}', '2018-05-25 12:32:15'),
(338, 'admin1', NULL, '{\"action\":\"editPrice\", \"product_code\":\"CD2NDEMP\", \"price\":\"290\"}', '2018-05-25 12:32:23'),
(339, 'admin1', NULL, '{\"action\":\"editAmount\", \"product_code\":\"CD2NDEMP\", \"change_amount\":\"1\"}', '2018-05-25 12:36:08'),
(340, 'admin1', NULL, '{\"action\":\"editAmount\", \"product_code\":\"CD2NDEMP\", \"change_amount\":\"-1\"}', '2018-05-25 12:36:13'),
(341, 'admin1', NULL, NULL, '2018-05-25 16:25:42'),
(342, 'admin1', NULL, '{\"action\":\"printSetOrder\", \"order_code\":\"0524DZDKQK,0524JR1484,0524KGI7KQ,0524NJ2D2Q,05255ITHVJ,052594G9OY,0525Q7Z9IH\"}', '2018-05-25 16:25:50'),
(343, 'admin1', NULL, '{\"action\":\"setStatOrder\", \"order_code\":\"0524DZDKQK,0524NJ2D2Q,0524JR1484,0524KGI7KQ,05255ITHVJ,0525Q7Z9IH,052594G9OY\", \"status\":\"PACK\"}', '2018-05-25 16:25:59'),
(344, 'admin1', NULL, '{\"action\":\"sentOrder\", \"order_code\":\"0524DZDKQK\", \"track_no\":\"EU473556501TH\"}', '2018-05-25 16:27:26'),
(345, 'admin1', NULL, '{\"action\":\"sentOrder\", \"order_code\":\"0524NJ2D2Q\", \"track_no\":\"EU473556461TH\"}', '2018-05-25 16:27:49'),
(347, 'admin1', NULL, '{\"action\":\"sentOrder\", \"order_code\":\"0524KGI7KQ\", \"track_no\":\"EU473556489\"}', '2018-05-25 16:30:51'),
(348, 'admin1', NULL, '{\"action\":\"sentOrder\", \"order_code\":\"05255ITHVJ\", \"track_no\":\"EU473556529TH\"}', '2018-05-25 16:31:16'),
(350, 'admin1', NULL, '{\"action\":\"sentOrder\", \"order_code\":\"052594G9OY\", \"track_no\":\"EU473556475TH\"}', '2018-05-25 16:34:16'),
(351, 'admin1', NULL, '{\"action\":\"sentOrder\", \"order_code\":\"0524JR1484\", \"track_no\":\"RB009659974TH\"}', '2018-05-25 16:34:42'),
(352, 'admin1', NULL, '{\"action\":\"sentOrder\", \"order_code\":\"0525Q7Z9IH\", \"track_no\":\"EU473556515TH,EU473556492TH\"}', '2018-05-25 16:35:11'),
(353, 'admin1', NULL, '{\"action\":\"sentOrder\", \"order_code\":\"0520RFIKJN\", \"track_no\":\"EV484848488TH\"}', '2018-05-25 16:42:51'),
(354, 'admin1', NULL, '{\"action\":\"sentOrder\", \"order_code\":\"0520RFIKJN\", \"track_no\":\"EV484848488TH,EV484848488TH\"}', '2018-05-25 16:43:31'),
(355, 'admin1', NULL, '{\"action\":\"sentOrder\", \"order_code\":\"0520RFIKJN\", \"track_no\":\"EV484848488TH\"}', '2018-05-25 16:44:13'),
(356, NULL, NULL, '{\"action\":\"setStatOrder\", \"order_code\":\"0525RXHUHP\", \"status\":\"PAID\"}', '2018-05-25 17:24:51'),
(357, NULL, NULL, '{\"action\":\"setStatOrder\", \"order_code\":\"0525VY9Y8F\", \"status\":\"PAID\"}', '2018-05-25 19:44:35'),
(358, NULL, NULL, '{\"action\":\"setStatOrder\", \"order_code\":\"0525VNC037\", \"status\":\"PAID\"}', '2018-05-25 21:47:23'),
(359, NULL, NULL, '{\"action\":\"setStatOrder\", \"order_code\":\"05257094A1\", \"status\":\"PAID\"}', '2018-05-25 21:56:08'),
(360, NULL, NULL, '{\"action\":\"setStatOrder\", \"order_code\":\"0525O8VFDJ\", \"status\":\"PAID\"}', '2018-05-25 21:59:09'),
(361, NULL, NULL, '{\"action\":\"setStatOrder\", \"order_code\":\"0525P2AQNK\", \"status\":\"PAID\"}', '2018-05-25 22:00:10'),
(362, NULL, NULL, '{\"action\":\"setStatOrder\", \"order_code\":\"05255P5NOH\", \"status\":\"PAID\"}', '2018-05-25 22:07:34'),
(363, 'admin1', NULL, '{\"action\":\"setStatOrder\", \"order_code\":\"0525WJVDRN\", \"status\":\"PAID\"}', '2018-05-26 08:54:58'),
(364, NULL, NULL, '{\"action\":\"setStatOrder\", \"order_code\":\"0526F9SQPG\", \"status\":\"PAID\"}', '2018-05-26 09:41:27'),
(365, 'admin1', NULL, '{\"action\":\"sentOrder\", \"order_code\":\"0520RFIKJN\", \"track_no\":\"EV484848488TH\"}', '2018-05-26 10:09:54'),
(366, NULL, NULL, '{\"action\":\"setStatOrder\", \"order_code\":\"05261WXJ6Z\", \"status\":\"PAID\"}', '2018-05-26 10:25:39'),
(367, 'admin1', NULL, '{\"action\":\"printByOrder\",\"order\":\"0525RXHUHP,0525VY9Y8F,0525VNC037,05257094A1,0525P2AQNK,0525O8VFDJ,05255P5NOH,0526F9SQPG,05261WXJ6Z\"}', '2018-05-26 12:42:08'),
(368, 'admin1', NULL, '{\"action\":\"printByOrder\",\"order\":\"0525RXHUHP,0525VY9Y8F,0525VNC037,05257094A1,0525P2AQNK,0525O8VFDJ,05255P5NOH,0526F9SQPG,05261WXJ6Z\"}', '2018-05-26 12:43:03'),
(369, 'admin1', NULL, NULL, '2018-05-26 12:43:19'),
(370, 'admin1', NULL, NULL, '2018-05-26 12:44:13'),
(371, NULL, NULL, '{\"action\":\"setStatOrder\", \"order_code\":\"0526X1PQZZ\", \"status\":\"PAID\"}', '2018-05-26 17:05:41'),
(372, 'admin1', NULL, '{\"action\":\"editPrice\", \"product_code\":\"BDGERSTW\", \"price\":\"1100\"}', '2018-05-26 20:20:27'),
(373, 'admin1', NULL, NULL, '2018-05-26 20:43:26'),
(374, 'admin1', NULL, '{\"action\":\"printSetOrder\", \"order_code\":\"05255P5NOH,05257094A1,0525O8VFDJ,0525P2AQNK,0525RXHUHP,0525VNC037,0525VY9Y8F,0525WJVDRN,05261WXJ6Z,0526F9SQPG,0526X1PQZZ\"}', '2018-05-26 20:43:31'),
(375, 'admin1', NULL, '{\"action\":\"setStatOrder\", \"order_code\":\"0525RXHUHP,0525VY9Y8F,0525VNC037,05257094A1,0525P2AQNK,0525O8VFDJ,05255P5NOH,0525WJVDRN,0526F9SQPG,05261WXJ6Z,0526X1PQZZ\", \"status\":\"PACK\"}', '2018-05-26 20:43:36'),
(376, 'admin1', NULL, '{\"action\":\"sentOrder\", \"order_code\":\"0525VY9Y8F 05257094A1 0525O8VFDJ 05255P5NOH 0526F9SQPG 05261WXJ6Z\", \"track_no\":\"EV235058766TH EV235058721TH EV235058718TH EV235058752TH EV235058749TH EV235058735TH\"}', '2018-05-26 20:47:08'),
(377, 'admin1', NULL, '{\"action\":\"sentOrder\", \"order_code\":\"0525RXHUHP 0525VNC037 0525P2AQNK 0525WJVDRN\", \"track_no\":\"RL719938306TH RL719938297TH RL719938283TH ergr\"}', '2018-05-26 20:50:20'),
(378, 'admin1', NULL, NULL, '2018-05-26 21:45:14'),
(379, NULL, NULL, '{\"action\":\"setStatOrder\", \"order_code\":\"0526S350II\", \"status\":\"PAID\"}', '2018-05-26 22:27:38'),
(380, NULL, NULL, '{\"action\":\"setStatOrder\", \"order_code\":\"0526CVZ5M9\", \"status\":\"PAID\"}', '2018-05-26 22:38:26'),
(381, NULL, NULL, '{\"action\":\"setStatOrder\", \"order_code\":\"0526K1J12O\", \"status\":\"PAID\"}', '2018-05-26 22:44:17'),
(382, NULL, NULL, '{\"action\":\"setStatOrder\", \"order_code\":\"0526CB9I7S\", \"status\":\"PAID\"}', '2018-05-26 22:50:49'),
(383, NULL, NULL, '{\"action\":\"setStatOrder\", \"order_code\":\"052677ZDTC\", \"status\":\"PAID\"}', '2018-05-26 22:57:54'),
(384, NULL, NULL, '{\"action\":\"setStatOrder\", \"order_code\":\"0526C5EH6V\", \"status\":\"PAID\"}', '2018-05-26 23:13:29'),
(385, NULL, NULL, '{\"action\":\"setStatOrder\", \"order_code\":\"052694M22A\", \"status\":\"PAID\"}', '2018-05-27 00:03:17'),
(386, NULL, NULL, '{\"action\":\"setStatOrder\", \"order_code\":\"0527DEEHEJ\", \"status\":\"PAID\"}', '2018-05-27 00:45:42'),
(387, NULL, NULL, '{\"action\":\"setStatOrder\", \"order_code\":\"0527IDMLAT\", \"status\":\"PAID\"}', '2018-05-27 08:51:36'),
(388, NULL, NULL, '{\"action\":\"setStatOrder\", \"order_code\":\"0527ZPNIP0\", \"status\":\"PAID\"}', '2018-05-27 08:52:08'),
(389, NULL, NULL, '{\"action\":\"setStatOrder\", \"order_code\":\"0527332R4T\", \"status\":\"PAID\"}', '2018-05-27 10:12:40'),
(390, 'admin1', NULL, '{\"action\":\"setStatOrder\", \"order_code\":\"0527EL0RMH\", \"status\":\"PAID\"}', '2018-05-27 10:47:39'),
(391, 'admin1', NULL, '{\"action\":\"editPrice\", \"product_code\":\"SHIRTBNKL\", \"price\":\"500\"}', '2018-05-27 10:52:21'),
(392, 'admin1', NULL, '{\"action\":\"editPrice\", \"product_code\":\"SHIRTBNKXL\", \"price\":\"500\"}', '2018-05-27 10:52:40'),
(393, 'admin1', NULL, '{\"action\":\"editPrice\", \"product_code\":\"SHRTCAMPBK2XL\", \"price\":\"500\"}', '2018-05-27 10:53:23'),
(394, 'admin1', NULL, '{\"action\":\"editPrice\", \"product_code\":\"SHRTCAMPBKXL\", \"price\":\"500\"}', '2018-05-27 10:53:39'),
(395, 'admin1', NULL, '{\"action\":\"editPrice\", \"product_code\":\"SHRTCAMPBKM\", \"price\":\"500\"}', '2018-05-27 10:53:53'),
(396, 'admin1', NULL, '{\"action\":\"editPrice\", \"product_code\":\"SHRTCAMPBKL\", \"price\":\"500\"}', '2018-05-27 10:54:11'),
(397, 'admin1', NULL, '{\"action\":\"editPrice\", \"product_code\":\"SHRTCAMPBK2XL\", \"price\":\"500\"}', '2018-05-27 10:54:27'),
(398, NULL, NULL, '{\"action\":\"setStatOrder\", \"order_code\":\"052752CRTU\", \"status\":\"PAID\"}', '2018-05-27 10:54:42'),
(399, NULL, NULL, '{\"action\":\"setStatOrder\", \"order_code\":\"0527D91QAL\", \"status\":\"PAID\"}', '2018-05-27 11:49:51'),
(400, NULL, NULL, '{\"action\":\"setStatOrder\", \"order_code\":\"0527CUKKNS\", \"status\":\"PAID\"}', '2018-05-27 12:34:33'),
(401, NULL, NULL, '{\"action\":\"setStatOrder\", \"order_code\":\"05273QISVD\", \"status\":\"PAID\"}', '2018-05-27 13:10:56'),
(402, 'admin1', NULL, NULL, '2018-05-27 13:11:51'),
(403, 'admin1', NULL, NULL, '2018-05-27 13:12:21'),
(404, 'admin1', NULL, NULL, '2018-05-27 13:15:06'),
(405, 'admin1', NULL, NULL, '2018-05-27 13:16:13');
INSERT INTO `log` (`log_id`, `admin_user`, `customer_id`, `detail`, `create_time`) VALUES
(406, 'admin1', NULL, '{\"action\":\"printSetOrder\", \"order_code\":\"052677ZDTC,052694M22A,0526C5EH6V,0526CB9I7S,0526CVZ5M9,0526K1J12O,0526S350II,0526X1PQZZ,0527332R4T,05273QISVD,052752CRTU,0527CUKKNS,0527D91QAL,0527DEEHEJ,0527EL0RMH,0527IDMLAT,0527ZPNIP0\"}', '2018-05-27 13:17:32'),
(407, 'admin1', NULL, '{\"action\":\"setStatOrder\", \"order_code\":\"0526X1PQZZ,0526K1J12O,0526S350II,0526CVZ5M9,0526CB9I7S,0526C5EH6V,052677ZDTC,052694M22A,0527DEEHEJ,0527EL0RMH,0527IDMLAT,0527ZPNIP0,0527332R4T,052752CRTU,0527D91QAL,0527CUKKNS,05273QISVD\", \"status\":\"PACK\"}', '2018-05-27 18:50:49'),
(408, 'admin1', NULL, '{\"action\":\"sentOrder\", \"order_code\":\"0526X1PQZZ\", \"track_no\":\"RL719955777TH\"}', '2018-05-27 18:52:10'),
(409, 'admin1', NULL, '{\"action\":\"sentOrder\", \"order_code\":\"0526C5EH6V 052677ZDTC\", \"track_no\":\"RL719955785TH RL719955763TH\"}', '2018-05-27 18:53:04'),
(410, 'admin1', NULL, '{\"action\":\"sentOrder\", \"order_code\":\"0526K1J12O\", \"track_no\":\"EV235051768TH\"}', '2018-05-27 18:58:19'),
(411, 'admin1', NULL, '{\"action\":\"sentOrder\", \"order_code\":\"0526S350II\", \"track_no\":\"EV235051811TH\"}', '2018-05-27 18:59:27'),
(412, 'admin1', NULL, '{\"action\":\"sentOrder\", \"order_code\":\"0526CVZ5M9\", \"track_no\":\"EV235051785TH\"}', '2018-05-27 18:59:57'),
(413, 'admin1', NULL, '{\"action\":\"sentOrder\", \"order_code\":\"0526CB9I7S\", \"track_no\":\"J\"}', '2018-05-27 19:00:04'),
(414, 'admin1', NULL, '{\"action\":\"sentOrder\", \"order_code\":\"05273QISVD\", \"track_no\":\"\"}', '2018-05-27 19:02:19'),
(415, 'admin1', NULL, '{\"action\":\"sentOrder\", \"order_code\":\"0527DEEHEJ\", \"track_no\":\"\"}', '2018-05-27 19:02:30'),
(416, 'admin1', NULL, '{\"action\":\"sentOrder\", \"order_code\":\"0527EL0RMH\", \"track_no\":\"EV235051771\"}', '2018-05-27 19:02:58'),
(417, 'admin1', NULL, '{\"action\":\"sentOrder\", \"order_code\":\"052752CRTU\", \"track_no\":\"EV235051799\"}', '2018-05-27 19:03:20'),
(418, 'admin1', NULL, '{\"action\":\"sentOrder\", \"order_code\":\"0527332R4T\", \"track_no\":\"EV235051754TH\"}', '2018-05-27 19:03:54'),
(419, 'admin1', NULL, '{\"action\":\"sentOrder\", \"order_code\":\"0527CUKKNS\", \"track_no\":\"EV235051808TH\"}', '2018-05-27 19:04:21'),
(420, NULL, NULL, '{\"action\":\"setStatOrder\", \"order_code\":\"0528QW3CSG\", \"status\":\"PAID\"}', '2018-05-28 09:49:02'),
(421, NULL, NULL, '{\"action\":\"setStatOrder\", \"order_code\":\"0528LUK84A\", \"status\":\"PAID\"}', '2018-05-28 13:48:58'),
(422, 'admin1', NULL, NULL, '2018-05-28 13:53:16'),
(423, 'admin1', NULL, '{\"action\":\"sentOrder\", \"order_code\":\"0527IDMLAT 0527ZPNIP0 0527D91QAL\", \"track_no\":\"SIAM000621425 SIAM000621427 SIAM000621426\"}', '2018-05-28 15:16:09'),
(424, 'admin1', NULL, '{\"action\":\"sentOrder\", \"order_code\":\"052694M22A\", \"track_no\":\"EV235052088\"}', '2018-05-28 15:16:36'),
(425, 'admin1', NULL, '{\"action\":\"sentOrder\", \"order_code\":\"052752CRTU\", \"track_no\":\"EV235051799TH\"}', '2018-05-28 15:17:31'),
(426, 'admin1', NULL, '{\"action\":\"sentOrder\", \"order_code\":\"0527EL0RMH\", \"track_no\":\"EV235051771TH\"}', '2018-05-28 15:17:53'),
(427, 'admin1', NULL, '{\"action\":\"sentOrder\", \"order_code\":\"052694M22A\", \"track_no\":\"EV235052088TH\"}', '2018-05-28 15:18:14'),
(428, 'admin1', NULL, '{\"action\":\"printByOrder\",\"order\":\"0527EL0RMH\"}', '2018-05-28 16:54:54'),
(429, 'admin1', NULL, NULL, '2018-05-28 17:57:27'),
(430, 'admin1', NULL, '{\"action\":\"printSetOrder\", \"order_code\":\"0528LUK84A,0528QW3CSG\"}', '2018-05-28 17:57:32'),
(431, 'admin1', NULL, '{\"action\":\"setStatOrder\", \"order_code\":\"0528QW3CSG,0528LUK84A\", \"status\":\"PACK\"}', '2018-05-28 17:57:37'),
(432, 'admin1', NULL, '{\"action\":\"sentOrder\", \"order_code\":\"0528QW3CSG 0528LUK84A\", \"track_no\":\"EU474407557TH EU474407565TH\"}', '2018-05-28 18:12:13'),
(433, NULL, NULL, '{\"action\":\"setStatOrder\", \"order_code\":\"0528SRE4XP\", \"status\":\"PAID\"}', '2018-05-28 18:16:37'),
(434, NULL, NULL, '{\"action\":\"setStatOrder\", \"order_code\":\"052820SL9A\", \"status\":\"PAID\"}', '2018-05-28 18:55:53'),
(435, 'admin1', NULL, '{\"action\":\"printByOrder\",\"order\":\"052820SL9A\"}', '2018-05-28 18:57:12'),
(436, 'admin1', NULL, '{\"action\":\"printSetOrder\", \"order_code\":\"052820SL9A\"}', '2018-05-28 18:57:20'),
(437, 'admin1', NULL, '{\"action\":\"setStatOrder\", \"order_code\":\"052820SL9A\", \"status\":\"PACK\"}', '2018-05-28 18:57:30'),
(438, NULL, NULL, '{\"action\":\"setStatOrder\", \"order_code\":\"0528UQP3VO\", \"status\":\"PAID\"}', '2018-05-28 18:57:52'),
(439, 'admin1', NULL, '{\"action\":\"sentOrder\", \"order_code\":\"052820SL9A\", \"track_no\":\"EU57536746TH\"}', '2018-05-28 18:58:00'),
(440, 'admin1', NULL, '{\"action\":\"sentOrder\", \"order_code\":\"0520RFIKJN\", \"track_no\":\"EV484848488TH\"}', '2018-05-28 23:46:53'),
(441, 'admin1', NULL, '{\"action\":\"sentOrder\", \"order_code\":\"0520RFIKJN\", \"track_no\":\"EV484848488TH\"}', '2018-05-28 23:51:16'),
(442, 'admin1', NULL, '{\"action\":\"sentOrder\", \"order_code\":\"0520RFIKJN\", \"track_no\":\"EV484848488TH\"}', '2018-05-29 00:30:53'),
(443, NULL, NULL, '{\"action\":\"setStatOrder\", \"order_code\":\"0529EWPFOK\", \"status\":\"PAID\"}', '2018-05-29 00:41:13'),
(444, 'admin1', NULL, '{\"action\":\"sentOrder\", \"order_code\":\"0520RFIKJN\", \"track_no\":\"EV484848488TH\"}', '2018-05-29 03:30:58'),
(445, NULL, NULL, '{\"action\":\"setStatOrder\", \"order_code\":\"0529PUZQZ0\", \"status\":\"PAID\"}', '2018-05-29 11:07:51'),
(446, NULL, NULL, '{\"action\":\"setStatOrder\", \"order_code\":\"05297AZSPD\", \"status\":\"PAID\"}', '2018-05-29 11:24:37'),
(447, 'admin1', NULL, NULL, '2018-05-29 11:50:25'),
(448, 'admin1', NULL, '{\"action\":\"printSetOrder\", \"order_code\":\"0528SRE4XP,0528UQP3VO,05297AZSPD,0529EWPFOK,0529PUZQZ0\"}', '2018-05-29 11:51:11'),
(449, NULL, NULL, '{\"action\":\"setStatOrder\", \"order_code\":\"0529KI772O\", \"status\":\"PAID\"}', '2018-05-29 11:54:22'),
(450, 'admin1', NULL, '{\"action\":\"setStatOrder\", \"order_code\":\"0529VYXG3S\", \"status\":\"PAID\"}', '2018-05-29 12:55:25'),
(451, 'admin1', NULL, NULL, '2018-05-29 12:55:29'),
(452, 'admin1', NULL, '{\"action\":\"printSetOrder\", \"order_code\":\"0529KI772O,0529VYXG3S\"}', '2018-05-29 12:55:40'),
(453, 'admin1', NULL, '{\"action\":\"printByOrder\",\"order\":\"0528SRE4XP,0529KI772O,0529VYXG3S\"}', '2018-05-29 12:55:51'),
(454, 'admin1', NULL, '{\"action\":\"printSetOrder\", \"order_code\":\"0528SRE4XP,0529KI772O,0529VYXG3S\"}', '2018-05-29 12:58:47');

-- --------------------------------------------------------

--
-- Table structure for table `member`
--

CREATE TABLE `member` (
  `member_code` varchar(10) NOT NULL,
  `nickname` varchar(30) DEFAULT NULL,
  `birthdate` date DEFAULT NULL,
  `height` int(11) DEFAULT NULL,
  `province` varchar(100) DEFAULT NULL,
  `like` text,
  `hobby` text,
  `pic_file` varchar(100) DEFAULT NULL
) ENGINE=InnoDB DEFAULT CHARSET=utf8;

--
-- Dumping data for table `member`
--

INSERT INTO `member` (`member_code`, `nickname`, `birthdate`, `height`, `province`, `like`, `hobby`, `pic_file`) VALUES
('Aom', 'Aom', '1995-09-20', 157, 'Chiang Mai', '  ', '  ', 'Aom.jpg'),
('Bamboo', 'Bamboo', '2002-09-03', 167, 'Samut Prakan', '   ', '    ', 'Bamboo.jpg'),
('Cake', 'Cake', '1996-11-18', 162, 'Bangkok', '    ', '   ', 'Cake.jpg'),
('Can', 'Can', '1997-11-10', 160, 'Bangkok', 'SW(CloneTrooper), CD', ', , ', 'Can.jpg'),
('Cherprang', 'Cherprang', '1996-05-02', 160, 'Bangkok', '-', ', , , , Cosplay', 'Cherprang.jpg'),
('Deenee', 'Deenee', '2001-11-28', 172, 'Bangkok', ' ', ' ', 'Deenee.jpg'),
('Faii', 'Faii', '1996-06-28', 165, 'Lamphun', ' ', ' ', 'Faii.jpg'),
('Fifa', 'Fifa', '2001-11-06', 163, 'Bangkok', '    ', '   ', 'Fifa.jpg'),
('Fond', 'Fond', '2002-12-03', 158, 'Prachuap Khiri Khan', '    ', '   ', 'Fond.jpg'),
('Gygee', 'Gygee', '2001-10-04', 162, 'Bangkok', ' ', '   ', 'Gygee.jpg'),
('Izurina', 'Izurina', '1995-11-26', 158, 'Saitama, Japan', 'Fashion', '', 'Izurina.jpg'),
('Jaa', 'Jaa', '2003-01-20', 160, 'Bangkok', ', , ', ', flute, ', 'Jaa.jpg'),
('Jane', 'Jane', '2000-03-23', 159, 'Pathum Thani', ', , , , ', ', , ', 'Jane.jpg'),
('Jennis', 'Jennis', '2000-07-04', 161, 'Petchaburi', 'Kpop101, ,  ', ', , , ', 'Jennis.jpg'),
('Jib', 'Jib', '2002-07-04', 159, 'Lopburi', 'anime guchi', ', , , ', 'Jib.jpg'),
('Jun', 'Jun', '2000-07-04', 171, 'Bangkok', ' ', '  ', 'Jun.jpg'),
('Kaew', 'Kaew', '1994-03-31', 156, 'Chonburi', ', ', ', , ', 'Kaew.jpg'),
('Kaimook', 'Kaimook', '1997-08-27', 153, 'Bangkok', '', ', ', 'Kaimook.jpg'),
('Kate', 'Kate', '2001-06-09', 162, 'Phayao', 'gudetama, ', '', 'Kate.jpg'),
('Khamin', 'Khamin', '1999-04-23', 158, 'Khon Kaen', '', ' ', 'Khamin.jpg'),
('Kheng', 'Kheng', '2000-03-26', 161, 'Samut Prakan', ' ', ' ', 'Kheng.jpg'),
('Korn', 'Korn', '1999-01-21', 163, 'Bangkok', 'Kitty', ', ', 'Korn.jpg'),
('Maira', 'Maira', '1997-02-24', 153, 'Bangkok', '', '', 'Maira.jpg'),
('Maysa', 'Maysa', '1999-04-08', 162, 'Bangkok', 'Sanrio, ', '', 'Maysa.jpg'),
('Mewnich', 'Mewnich', '2002-03-11', 158, 'Samut Prakan', '  ', '  ', 'Mewnich.jpg'),
('Mind', 'Mind', '2001-09-06', 165, 'Nakhon Ratchasima', '', '(scandal)', 'Mind.jpg'),
('Minmin', 'Minmin', '1997-03-20', 161, 'Bangkok', '', '  ', 'Minmin.jpg'),
('Miori', 'Miori', '1998-09-30', 153, 'Ibaraki, Japan', 'Sanrio, Disney,  Morning Musume ', '', 'Miori.jpg'),
('Mobile', 'Mobile', '2002-07-09', 159, 'Bangkok', ' , ,', 'Cosplay', 'Mobile.jpg'),
('Music', 'Music', '2001-02-24', 158, 'Bangkok', '', 'Cosplay, Game', 'Music.jpg'),
('Myyu', 'Myyu', '1999-10-28', 167, 'Bangkok', ' ', '  ', 'Myyu.jpg'),
('Namneung', 'Namneung', '1996-11-11', 160, 'Sing Buri', ', , , ', ', , ', 'Namneung.jpg'),
('Namsai', 'Namsai', '1999-10-26', 170, 'Chiang Mai', ', , ', '', 'Namsai.jpg'),
('Natherine', 'Natherine', '1999-11-11', 163, 'Bangkok', '  ', ' ', 'Natherine.jpg'),
('New', 'New', '2003-01-02', 157, 'Bangkok', '', '  ', 'New.jpg'),
('Niky', 'Niky', '2005-01-26', 159, 'Chiang Mai', ' babypink ', ' ', 'Niky.jpg'),
('Nine', 'Nine', '2000-11-11', 162, 'Nakhon Sawan', ' ', ' ', 'Nine.jpg'),
('Nink', 'Nink', '2000-02-03', 163, 'Samut Sakorn', 'Suchi', ', ', 'Nink.jpg'),
('Noey', 'Noey', '1997-04-09', 158, 'Samut Prakan', ', , ', '', 'Noey.jpg'),
('Oom', 'Oom', '2002-09-29', 163, 'Bangkok', '', ' ', 'Oom.jpg'),
('Orn', 'Orn', '1997-02-03', 164, 'Bangkok', ', , , ', ', , ', 'Orn.jpg'),
('Pakwan', 'Pakwan', '2000-02-18', 160, 'Sakon Nakhon', '      ', '// (     .555) (   )     ', 'Pakwan.jpg'),
('Panda', 'Panda', '1997-10-10', 159, 'Nakhon Pathom', '  Dumbo Rat', '  ', 'Panda.jpg'),
('Phukkhom', 'Phukkhom', '1998-02-28', 165, 'Samut Prakan', '  ', '   D.I.Y.', 'Phukkhom.jpg'),
('Piam', 'Piam', '2003-06-04', 159, 'Saraburi', 'corgy, gundam figure', ', , ', 'Piam.jpg'),
('Pun', 'Pun', '2000-11-09', 166, 'Bangkok', 'Fashion', ', ', 'Pun.jpg'),
('Pupe', 'Pupe', '1998-01-18', 160, 'Chiang Rai', ', , ', ', , . ', 'Pupe.jpg'),
('Ratah', 'Ratah', '2002-03-27', 156, 'Chiang Mai', '  ', ' cover', 'Ratah.jpg'),
('Satchan', 'Satchan', '2003-12-13', 150, 'Bangkok', 'my melody', '', 'Satchan.jpg'),
('Stang', 'Stang', '2003-10-22', 164, 'Bangkok', '', '', 'Stang.jpg'),
('Tarwaan', 'Tarwaan', '1996-12-18', 156, 'Nakhon Pathom', '-', ',  ', 'Tarwaan.jpg'),
('View', 'View', '2004-05-28', 165, 'Nonthaburi', '', ' ', 'View.jpg'),
('Wee', 'Wee', '2001-10-23', 167, 'Chonburi', '  ', '  ', 'Wee.jpg');

-- --------------------------------------------------------

--
-- Table structure for table `order`
--

CREATE TABLE `order` (
  `order_code` varchar(10) NOT NULL,
  `customer_id` int(11) DEFAULT NULL,
  `status` varchar(5) DEFAULT NULL,
  `order_time` datetime DEFAULT NULL,
  `tracking_no` varchar(100) DEFAULT NULL,
  `delivery_fee` int(11) DEFAULT NULL,
  `discount` int(11) DEFAULT NULL,
  `expire_time` datetime DEFAULT NULL,
  `payment_file` varchar(100) DEFAULT NULL,
  `payment_detail` text,
  `delivery_type` varchar(5) DEFAULT NULL
) ENGINE=InnoDB DEFAULT CHARSET=utf8;

--
-- Dumping data for table `order`
--

INSERT INTO `order` (`order_code`, `customer_id`, `status`, `order_time`, `tracking_no`, `delivery_fee`, `discount`, `expire_time`, `payment_file`, `payment_detail`, `delivery_type`) VALUES
('0510GTJDBZ', 2, 'SENT', '2018-05-10 23:49:36', 'EV029996573TH', 50, 0, NULL, '0510GTJDBZ.jpeg', '{\"address\":\"{\\\"name\\\":\\\"\\u0e23\\u0e31\\u0e0a\\u0e15\\u0e27\\u0e34\\u0e0a \\u0e22\\u0e27\\u0e07\\u0e43\\u0e08\\\",\\\"tel\\\":\\\"0910258499\\\",\\\"place\\\":\\\"628\\/9 \\u0e16.\\u0e21\\u0e34\\u0e15\\u0e23\\u0e20\\u0e32\\u0e1e\\\",\\\"subdistrict\\\":\\\"\\u0e43\\u0e19\\u0e40\\u0e21\\u0e37\\u0e2d\\u0e07\\\",\\\"district\\\":\\\"\\u0e40\\u0e21\\u0e37\\u0e2d\\u0e07\\u0e1e\\u0e34\\u0e29\\u0e13\\u0e38\\u0e42\\u0e25\\u0e01\\\",\\\"province\\\":\\\"\\u0e1e\\u0e34\\u0e29\\u0e13\\u0e38\\u0e42\\u0e25\\u0e01\\\",\\\"post\\\":\\\"65000\\\"}\",\"target_bank\":\"SCB\",\"transfer_date\":\"2018-05-11\",\"transfer_time\":\"00:05\",\"transfer_amount\":\"450.00\",\"total_price\":450}', 'EMS'),
('0510OVCDC0', 1, 'FAIL', '2018-05-10 23:39:55', NULL, 50, 0, NULL, NULL, '{\"total_price\":850}', 'EMS'),
('0510VQDSEQ', 1, 'SENT', '2018-05-10 23:53:51', 'EV029996560TH', 50, 0, NULL, '0510VQDSEQ.png', '{\"address\":\"{\\\"name\\\":\\\"Tanatat Choktanasawas\\\",\\\"tel\\\":\\\"0968862159\\\",\\\"place\\\":\\\"171/1098 \\u0e16\\u0e19\\u0e19\\u0e40\\u0e0a\\u0e34\\u0e14\\u0e27\\u0e38\\u0e12\\u0e32\\u0e01\\u0e32\\u0e28\\\",\\\"subdistrict\\\":\\\"\\u0e14\\u0e2d\\u0e19\\u0e40\\u0e21\\u0e37\\u0e2d\\u0e07\\\",\\\"district\\\":\\\"\\u0e14\\u0e2d\\u0e19\\u0e40\\u0e21\\u0e37\\u0e2d\\u0e07\\\",\\\"province\\\":\\\"\\u0e01\\u0e23\\u0e38\\u0e07\\u0e40\\u0e17\\u0e1e\\u0e21\\u0e2b\\u0e32\\u0e19\\u0e04\\u0e23\\\",\\\"post\\\":\\\"10210\\\"}\",\"target_bank\":\"SCB\",\"transfer_date\":\"2018-05-10\",\"transfer_time\":\"23:55\",\"transfer_amount\":\"850.00\",\"total_price\":850}', 'EMS'),
('051165CF2V', 17, 'SENT', '2018-05-11 22:30:20', 'ED424954158TH', 50, 0, NULL, '051165CF2V.JPG', '{\"address\":\"{\\\"name\\\":\\\"Kittithat Palchan\\\",\\\"tel\\\":\\\"0830758685\\\",\\\"place\\\":\\\"234\\/434 \\u0e0b\\u0e2d\\u0e22\\u0e19\\u0e31\\u0e19\\u0e17\\u0e2a\\u0e34\\u0e23\\u0e3424 \\u0e2b\\u0e21\\u0e39\\u0e48\\u0e1a\\u0e49\\u0e32\\u0e19\\u0e19\\u0e31\\u0e19\\u0e17\\u0e27\\u0e31\\u0e19 \\u0e16\\u0e19\\u0e19\\u0e28\\u0e23\\u0e35\\u0e19\\u0e04\\u0e23\\u0e34\\u0e19\\u0e17\\u0e23\\u0e4c\\\",\\\"subdistrict\\\":\\\"\\u0e1a\\u0e32\\u0e07\\u0e40\\u0e21\\u0e37\\u0e2d\\u0e07\\\",\\\"district\\\":\\\"\\u0e40\\u0e21\\u0e37\\u0e2d\\u0e07\\u0e2a\\u0e21\\u0e38\\u0e17\\u0e23\\u0e1b\\u0e23\\u0e32\\u0e01\\u0e32\\u0e23\\\",\\\"province\\\":\\\"\\u0e2a\\u0e21\\u0e38\\u0e17\\u0e23\\u0e1b\\u0e23\\u0e32\\u0e01\\u0e32\\u0e23\\\",\\\"post\\\":\\\"10270\\\"}\",\"target_bank\":\"SCB\",\"transfer_date\":\"2561-05-11\",\"transfer_time\":\"22:34\",\"transfer_amount\":\"250.00\",\"total_price\":250}', 'EMS'),
('05119OSORJ', 26, 'SENT', '2018-05-11 23:49:52', 'RP216575382TH', 30, 0, NULL, '05119OSORJ.jpeg', '{\"address\":\"{\\\"name\\\":\\\"\\u0e18\\u0e19\\u0e32\\u0e01\\u0e23 \\u0e2d\\u0e22\\u0e39\\u0e48\\u0e44\\u0e17\\u0e22\\\",\\\"tel\\\":\\\"0831895216\\\",\\\"place\\\":\\\"10\\/1 \\u0e2b\\u0e21\\u0e39\\u0e48 14 \\u0e0b.\\u0e2a\\u0e38\\u0e02\\u0e2a\\u0e27\\u0e31\\u0e2a\\u0e14\\u0e34\\u0e4c70\\\",\\\"subdistrict\\\":\\\"\\u0e1a\\u0e32\\u0e07\\u0e04\\u0e23\\u0e38\\\",\\\"district\\\":\\\"\\u0e1e\\u0e23\\u0e30\\u0e1b\\u0e23\\u0e30\\u0e41\\u0e14\\u0e07\\\",\\\"province\\\":\\\"\\u0e2a\\u0e21\\u0e38\\u0e17\\u0e23\\u0e1b\\u0e23\\u0e32\\u0e01\\u0e32\\u0e23\\\",\\\"post\\\":\\\"10130\\\"}\",\"target_bank\":\"TRU\",\"transfer_date\":\"2018-05-11\",\"transfer_time\":\"23:52\",\"transfer_amount\":\"280.00\",\"total_price\":280}', 'REG'),
('0511ECX0YK', 8, 'FAIL', '2018-05-11 01:27:39', NULL, 50, 0, NULL, NULL, '{\"total_price\":300}', 'EMS'),
('0511GIBDHY', 18, 'FAIL', '2018-05-11 22:32:42', NULL, 30, 0, NULL, NULL, '{\"total_price\":430}', 'REG'),
('0511RB1HLS', 26, 'FAIL', '2018-05-11 23:45:44', NULL, 30, 0, NULL, NULL, '{\"total_price\":280}', 'REG'),
('0511U5OEZD', 12, 'SENT', '2018-05-11 23:28:28', 'ED424954144TH', 50, 0, NULL, '0511U5OEZD.jpg', '{\"address\":\"{\\\"name\\\":\\\"\\u0e40\\u0e15\\u0e0a\\u0e34\\u0e19\\u0e17\\u0e4c \\u0e08\\u0e32\\u0e23\\u0e38\\u0e1e\\u0e31\\u0e19\\u0e18\\u0e4c\\\",\\\"tel\\\":\\\"0918161911\\\",\\\"place\\\":\\\"1201\\/143 \\u0e2d\\u0e32\\u0e04\\u0e32\\u0e23 5 \\u0e40\\u0e14\\u0e2d\\u0e30\\u0e1e\\u0e32\\u0e23\\u0e4c\\u0e04\\u0e41\\u0e25\\u0e19\\u0e14\\u0e4c\\u0e1a\\u0e32\\u0e07\\u0e19\\u0e32 \\u0e16\\u0e19\\u0e19\\u0e40\\u0e17\\u0e1e\\u0e23\\u0e31\\u0e15\\u0e19\\\",\\\"subdistrict\\\":\\\"\\u0e1a\\u0e32\\u0e07\\u0e19\\u0e32\\\",\\\"district\\\":\\\"\\u0e1a\\u0e32\\u0e07\\u0e19\\u0e32\\\",\\\"province\\\":\\\"\\u0e01\\u0e23\\u0e38\\u0e07\\u0e40\\u0e17\\u0e1e\\u0e21\\u0e2b\\u0e32\\u0e19\\u0e04\\u0e23\\\",\\\"post\\\":\\\"10260\\\"}\",\"target_bank\":\"SCB\",\"transfer_date\":\"2018-05-11\",\"transfer_time\":\"23:42\",\"transfer_amount\":\"650.00\",\"total_price\":650}', 'EMS'),
('0511X6ZFH4', 24, 'SENT', '2018-05-11 23:11:24', '', 50, 0, NULL, '0511X6ZFH4.jpeg', '{\"address\":\"{\\\"name\\\":\\\"Torpor Duriyapraneet\\\",\\\"tel\\\":\\\"0825798888\\\",\\\"place\\\":\\\"188\\/139 \\u0e2d\\u0e32\\u0e04\\u0e32\\u0e23\\u0e0a\\u0e38\\u0e14\\u0e40\\u0e27\\u0e2d\\u0e23\\u0e4c\\u0e17\\u0e35\\u0e04 \\u0e16\\u0e19\\u0e19\\u0e2a\\u0e35\\u0e48\\u0e1e\\u0e23\\u0e30\\u0e22\\u0e32\\\",\\\"subdistrict\\\":\\\"\\u0e21\\u0e2b\\u0e32\\u0e1e\\u0e24\\u0e12\\u0e32\\u0e23\\u0e32\\u0e21\\\",\\\"district\\\":\\\"\\u0e1a\\u0e32\\u0e07\\u0e23\\u0e31\\u0e01\\\",\\\"province\\\":\\\"\\u0e01\\u0e23\\u0e38\\u0e07\\u0e40\\u0e17\\u0e1e\\u0e21\\u0e2b\\u0e32\\u0e19\\u0e04\\u0e23\\\",\\\"post\\\":\\\"10500\\\"}\",\"target_bank\":\"SCB\",\"transfer_date\":\"2018-05-11\",\"transfer_time\":\"23:12\",\"transfer_amount\":\"300.00\",\"total_price\":300}', 'EMS'),
('0511Y11DJD', 12, 'FAIL', '2018-05-11 22:23:58', NULL, 50, 0, NULL, NULL, '{\"total_price\":500}', 'EMS'),
('0511Y6WLYQ', 13, 'SENT', '2018-05-11 22:33:34', 'ED424954135TH', 50, 0, NULL, '0511Y6WLYQ.jpg', '{\"address\":\"{\\\"name\\\":\\\"Weeraphat Najaroenwuttikun\\\",\\\"tel\\\":\\\"0919836375\\\",\\\"place\\\":\\\"\\u0e19\\u0e32\\u0e08\\u0e2d\\u0e01 143  \\u0e2b\\u0e21\\u0e39\\u0e485 \\\",\\\"subdistrict\\\":\\\"\\u0e2b\\u0e19\\u0e2d\\u0e07\\u0e0d\\u0e32\\u0e15\\u0e34\\\",\\\"district\\\":\\\"\\u0e40\\u0e21\\u0e37\\u0e2d\\u0e07\\u0e19\\u0e04\\u0e23\\u0e1e\\u0e19\\u0e21\\\",\\\"province\\\":\\\"\\u0e19\\u0e04\\u0e23\\u0e1e\\u0e19\\u0e21\\\",\\\"post\\\":\\\"48000\\\"}\",\"target_bank\":\"TRU\",\"transfer_date\":\"2018-05-11\",\"transfer_time\":\"22:40\",\"transfer_amount\":\"200.00\",\"total_price\":200}', 'EMS'),
('0512787J6L', 29, 'FAIL', '2018-05-12 00:08:02', NULL, 30, 0, NULL, NULL, '{\"total_price\":230}', 'REG'),
('0512KO0QO1', 21, 'FAIL', '2018-05-12 13:51:17', NULL, 50, 0, NULL, NULL, '{\"total_price\":300}', 'EMS'),
('0512MX92H7', 35, 'FAIL', '2018-05-12 01:22:42', NULL, 50, 0, NULL, NULL, '{\"total_price\":450}', 'EMS'),
('05137BA80Z', 23, 'FAIL', '2018-05-13 19:58:41', NULL, 50, 0, NULL, NULL, '{\"total_price\":150}', 'EMS'),
('051410TXWI', 66, 'FAIL', '2018-05-14 23:34:01', NULL, 30, 0, NULL, NULL, '{\"total_price\":220}', 'REG'),
('051418SP7K', 53, 'SENT', '2018-05-14 22:54:43', 'EU473600148TH', 50, 0, NULL, '051418SP7K.jpeg', '{\"address\":\"{\\\"name\\\":\\\"\\u0e19\\u0e1e\\u0e14\\u0e25 \\u0e1d\\u0e49\\u0e32\\u0e22\\u0e40\\u0e1e\\u0e47\\u0e0a\\u0e23\\u0e4c\\\",\\\"tel\\\":\\\"0629750609\\\",\\\"place\\\":\\\"\\u0e16\\u0e19\\u0e19 \\u0e1b\\u0e0e\\u0e31\\u0e01\\\",\\\"subdistrict\\\":\\\"\\u0e09\\u0e25\\u0e2d\\u0e07\\\",\\\"district\\\":\\\"\\u0e40\\u0e21\\u0e37\\u0e2d\\u0e07\\u0e20\\u0e39\\u0e40\\u0e01\\u0e47\\u0e15\\\",\\\"province\\\":\\\"\\u0e20\\u0e39\\u0e40\\u0e01\\u0e47\\u0e15\\\",\\\"post\\\":\\\"83130\\\"}\",\"target_bank\":\"SCB\",\"transfer_date\":\"2018-05-14\",\"transfer_time\":\"22:56\",\"transfer_amount\":\"240.00\",\"total_price\":240}', 'EMS'),
('05142E3NYA', 84, 'FAIL', '2018-05-14 23:37:07', NULL, 50, 0, NULL, NULL, '{\"total_price\":300}', 'EMS'),
('05143Y6RGY', 56, 'FAIL', '2018-05-14 22:56:22', NULL, 50, 0, NULL, NULL, '{\"total_price\":240}', 'EMS'),
('05147ZM7E2', 52, 'SENT', '2018-05-14 22:54:37', 'RM435604277TH', 30, 0, NULL, '05147ZM7E2.jpg', '{\"address\":\"{\\\"name\\\":\\\"\\u0e19\\u0e32\\u0e22\\u0e2a\\u0e34\\u0e23\\u0e20\\u0e1e \\u0e1e\\u0e23\\u0e1a\\u0e48\\u0e2d\\u0e19\\u0e49\\u0e2d\\u0e22\\\",\\\"tel\\\":\\\"0881006620\\\",\\\"place\\\":\\\"365\\/1118 \\u0e2b\\u0e21\\u0e39\\u0e48\\u0e1a\\u0e49\\u0e32\\u0e19\\u0e2a\\u0e27\\u0e19\\u0e18\\u0e19\\u0e04\\u0e2d\\u0e19\\u0e42\\u0e14  \\u0e16\\u0e19\\u0e19 \\u0e1e\\u0e38\\u0e17\\u0e18\\u0e1a\\u0e39\\u0e0a\\u0e3247  \\\",\\\"subdistrict\\\":\\\"\\u0e41\\u0e02\\u0e27\\u0e07\\u0e1a\\u0e32\\u0e07\\u0e21\\u0e14\\\",\\\"district\\\":\\\"\\u0e40\\u0e02\\u0e15 \\u0e17\\u0e38\\u0e48\\u0e07\\u0e04\\u0e23\\u0e38\\\",\\\"province\\\":\\\"\\u0e08\\u0e31\\u0e07\\u0e2b\\u0e27\\u0e31\\u0e14\\u0e01\\u0e23\\u0e38\\u0e07\\u0e40\\u0e17\\u0e1e\\u0e21\\u0e2b\\u0e32\\u0e19\\u0e04\\u0e23 \\\",\\\"post\\\":\\\"10140\\\"}\",\"target_bank\":\"SCB\",\"transfer_date\":\"2018-05-14\",\"transfer_time\":\"22:58\",\"transfer_amount\":\"220.00\",\"total_price\":220}', 'REG'),
('0514B2RETW', 69, 'SENT', '2018-05-14 23:00:10', 'EU473600151TH', 50, 0, NULL, '0514B2RETW.jpg', '{\"address\":\"{\\\"name\\\":\\\"\\u0e18\\u0e34\\u0e15\\u0e34\\u0e1e\\u0e31\\u0e19\\u0e18\\u0e4c \\u0e42\\u0e1e\\u0e18\\u0e34\\u0e4c\\u0e1c\\u0e48\\u0e2d\\u0e07\\\",\\\"tel\\\":\\\"0835719576\\\",\\\"place\\\":\\\"10\\/4 \\u0e21.12\\\",\\\"subdistrict\\\":\\\"\\u0e15.\\u0e1a\\u0e32\\u0e07\\u0e02\\u0e27\\u0e31\\u0e0d\\\",\\\"district\\\":\\\"\\u0e2d.\\u0e40\\u0e21\\u0e37\\u0e2d\\u0e07\\\",\\\"province\\\":\\\"\\u0e09\\u0e30\\u0e40\\u0e0a\\u0e34\\u0e07\\u0e40\\u0e17\\u0e23\\u0e32\\\",\\\"post\\\":\\\"24000\\\"}\",\"target_bank\":\"KBA\",\"transfer_date\":\"2561-05-14\",\"transfer_time\":\"23:03\",\"transfer_amount\":\"240.00\",\"total_price\":240}', 'EMS'),
('0514E0A0FC', 59, 'SENT', '2018-05-14 22:56:42', 'EU473600134TH', 50, 0, NULL, '0514E0A0FC.jpeg', '{\"address\":\"{\\\"name\\\":\\\"\\u0e0a\\u0e32\\u0e04\\u0e23\\u0e34\\u0e15 \\u0e1e\\u0e31\\u0e19\\u0e18\\u0e4c\\u0e40\\u0e21\\u0e18\\u0e35\\u0e23\\u0e31\\u0e15\\u0e19\\u0e4c\\\",\\\"tel\\\":\\\"0873309706\\\",\\\"place\\\":\\\"\\u0e2d\\u0e32\\u0e04\\u0e32\\u0e23C \\u0e2b\\u0e49\\u0e2d\\u0e07612A Uniloft Salaya \\u0e40\\u0e25\\u0e02\\u0e17\\u0e35\\u0e4881-83 \\u0e2b\\u0e21\\u0e39\\u0e48\\u0e17\\u0e35\\u0e484\\\",\\\"subdistrict\\\":\\\"\\u0e28\\u0e32\\u0e25\\u0e32\\u0e22\\u0e32\\\",\\\"district\\\":\\\"\\u0e1e\\u0e38\\u0e17\\u0e18\\u0e21\\u0e13\\u0e11\\u0e25\\\",\\\"province\\\":\\\"\\u0e19\\u0e04\\u0e23\\u0e1b\\u0e10\\u0e21\\\",\\\"post\\\":\\\"73170\\\"}\",\"target_bank\":\"SCB\",\"transfer_date\":\"2018-05-15\",\"transfer_time\":\"00:11\",\"transfer_amount\":\"240.00\",\"total_price\":240}', 'EMS'),
('0514I6Y3KQ', 67, 'FAIL', '2018-05-14 23:01:09', NULL, 30, 0, NULL, NULL, '{\"total_price\":220}', 'REG'),
('0514JJWVP7', 85, 'FAIL', '2018-05-14 23:35:52', NULL, 50, 0, NULL, NULL, '{\"total_price\":530}', 'EMS'),
('0514NI4HFX', 21, 'SENT', '2018-05-14 11:39:38', 'EU473600179TH', 50, 0, NULL, '0514NI4HFX.png', '{\"address\":\"{\\\"name\\\":\\\"\\u0e2d\\u0e31\\u0e04\\u0e40\\u0e14\\u0e0a \\u0e2b\\u0e35\\u0e1a\\u0e41\\u0e01\\u0e49\\u0e27\\\",\\\"tel\\\":\\\"0639656593\\\",\\\"place\\\":\\\"\\u0e40\\u0e25\\u0e02\\u0e17\\u0e35\\u0e48 82 \\u0e16. \\u0e21\\u0e2b\\u0e32\\u0e0a\\u0e31\\u0e22\\u0e14\\u0e33\\u0e23\\u0e34\\u0e2b\\u0e4c\\\",\\\"subdistrict\\\":\\\"\\u0e15\\u0e25\\u0e32\\u0e14\\\",\\\"district\\\":\\\"\\u0e40\\u0e21\\u0e37\\u0e2d\\u0e07\\u0e21\\u0e2b\\u0e32\\u0e2a\\u0e32\\u0e23\\u0e04\\u0e32\\u0e21\\\",\\\"province\\\":\\\"\\u0e21\\u0e2b\\u0e32\\u0e2a\\u0e32\\u0e23\\u0e04\\u0e32\\u0e21\\\",\\\"post\\\":\\\"44000\\\"}\",\"target_bank\":\"TRU\",\"transfer_date\":\"2018-05-14\",\"transfer_time\":\"11:41\",\"transfer_amount\":\"1200.00\",\"total_price\":1200}', 'EMS'),
('0514PKHCXG', 79, 'FAIL', '2018-05-14 23:21:16', NULL, 50, 0, NULL, NULL, '{\"total_price\":200}', 'EMS'),
('0514S9MF5L', 60, 'SENT', '2018-05-14 22:57:45', 'EU473600125TH', 50, 0, NULL, '0514S9MF5L.jpeg', '{\"address\":\"{\\\"name\\\":\\\"\\u0e40\\u0e2d\\u0e01\\u0e1e\\u0e25 \\u0e15\\u0e31\\u0e19\\u0e27\\u0e34\\u0e21\\u0e25\\\",\\\"tel\\\":\\\"0836997956\\\",\\\"place\\\":\\\"66\\/44 \\u0e0b.\\u0e2d\\u0e38\\u0e14\\u0e21\\u0e2a\\u0e38\\u0e0220 \\u0e16.\\u0e2a\\u0e38\\u0e02\\u0e38\\u0e21\\u0e27\\u0e34\\u0e17103\\\",\\\"subdistrict\\\":\\\"\\u0e1a\\u0e32\\u0e07\\u0e19\\u0e32\\\",\\\"district\\\":\\\"\\u0e1a\\u0e32\\u0e07\\u0e19\\u0e32\\\",\\\"province\\\":\\\"\\u0e01\\u0e23\\u0e38\\u0e07\\u0e40\\u0e17\\u0e1e\\u0e21\\u0e2b\\u0e32\\u0e19\\u0e04\\u0e23\\\",\\\"post\\\":\\\"10260\\\"}\",\"target_bank\":\"KBA\",\"transfer_date\":\"2018-05-14\",\"transfer_time\":\"22:59\",\"transfer_amount\":\"240.00\",\"total_price\":240}', 'EMS'),
('0514X80T1H', 66, 'FAIL', '2018-05-14 22:59:47', NULL, 30, 0, NULL, '0514X80T1H.png', '{\"address\":\"{\\\"name\\\":\\\"Peerawit Satiman\\\",\\\"tel\\\":\\\"0918513655\\\",\\\"place\\\":\\\"\\u0e01\\u0e25\\u0e32\\u0e07\\u0e40\\u0e27\\u0e35\\u0e22\\u0e07\\\",\\\"subdistrict\\\":\\\"\\u0e01\\u0e25\\u0e32\\u0e07\\u0e40\\u0e27\\u0e35\\u0e22\\u0e07\\\",\\\"district\\\":\\\"\\u0e40\\u0e27\\u0e35\\u0e22\\u0e07\\u0e2a\\u0e32\\\",\\\"province\\\":\\\"\\u0e19\\u0e48\\u0e32\\u0e19\\\",\\\"post\\\":\\\"55110\\\"}\",\"target_bank\":\"TRU\",\"transfer_date\":\"2018-05-14\",\"transfer_time\":\"23:01\",\"transfer_amount\":\"220.00\",\"total_price\":220}', 'REG'),
('0514YGUU0G', 62, 'SENT', '2018-05-14 22:58:42', 'EU473600117TH', 50, 0, NULL, '0514YGUU0G.JPG', '{\"address\":\"{\\\"name\\\":\\\"Wuttichai Oangkhamat\\\",\\\"tel\\\":\\\"0610308198\\\",\\\"place\\\":\\\"78\\u0e2b\\u0e21\\u0e39\\u0e485\\\",\\\"subdistrict\\\":\\\"\\u0e42\\u0e1e\\u0e19\\u0e2a\\u0e27\\u0e23\\u0e23\\u0e04\\u0e4c\\\",\\\"district\\\":\\\"\\u0e42\\u0e1e\\u0e19\\u0e2a\\u0e27\\u0e23\\u0e23\\u0e04\\u0e4c\\\",\\\"province\\\":\\\"\\u0e19\\u0e04\\u0e23\\u0e1e\\u0e19\\u0e21\\\",\\\"post\\\":\\\"48190\\\"}\",\"target_bank\":\"KBA\",\"transfer_date\":\"2018-05-14\",\"transfer_time\":\"23:00\",\"transfer_amount\":\"240.00\",\"total_price\":240}', 'EMS'),
('051507YCRX', 110, 'FAIL', '2018-05-15 08:20:32', NULL, 50, 0, NULL, NULL, '{\"total_price\":240}', 'EMS'),
('05150DKGYK', 113, 'FAIL', '2018-05-15 16:46:27', NULL, 50, 0, NULL, NULL, '{\"total_price\":240}', 'EMS'),
('05150IXUGF', 211, 'SENT', '2018-05-15 22:37:22', 'EU473545628TH', 50, 0, NULL, '05150IXUGF.jpeg', '{\"address\":\"{\\\"name\\\":\\\"\\u0e1e\\u0e34\\u0e29\\u0e13\\u0e38 \\u0e08\\u0e31\\u0e19\\u0e17\\u0e23\\u0e4c\\u0e40\\u0e1e\\u0e47\\u0e0a\\u0e23\\\",\\\"tel\\\":\\\"0847143295\\\",\\\"home\\\":\\\"55\\\",\\\"place\\\":\\\"\\u0e1e\\u0e38\\u0e17\\u0e18\\u0e1a\\u0e39\\u0e0a\\u0e32 39 \\u0e41\\u0e22\\u0e011-1\\\",\\\"subdistrict\\\":\\\"\\u0e1a\\u0e32\\u0e07\\u0e21\\u0e14\\\",\\\"district\\\":\\\"\\u0e17\\u0e38\\u0e48\\u0e07\\u0e04\\u0e23\\u0e38\\\",\\\"province\\\":\\\"\\u0e01\\u0e17\\u0e21\\\",\\\"post\\\":\\\"10140\\\"}\",\"target_bank\":\"SCB\",\"transfer_date\":\"2018-05-15\",\"transfer_time\":\"22:41\",\"transfer_amount\":\"240.00\",\"total_price\":240}', 'EMS'),
('05151I3F83', 111, 'SENT', '2018-05-15 08:23:23', 'EU473600165TH', 50, 0, NULL, '05151I3F83.jpeg', '{\"address\":\"{\\\"name\\\":\\\"\\u0e01\\u0e24\\u0e15\\u0e20\\u0e32\\u0e2a \\u0e1c\\u0e48\\u0e2d\\u0e07\\u0e43\\u0e2a\\\",\\\"tel\\\":\\\"0910566218\\\",\\\"place\\\":\\\" -\\\",\\\"subdistrict\\\":\\\"\\u0e23\\u0e2d\\u0e1a\\u0e40\\u0e21\\u0e37\\u0e2d\\u0e07\\\",\\\"district\\\":\\\"\\u0e40\\u0e21\\u0e37\\u0e2d\\u0e07\\u0e23\\u0e49\\u0e2d\\u0e22\\u0e40\\u0e2d\\u0e47\\u0e14\\\",\\\"province\\\":\\\"\\u0e23\\u0e49\\u0e2d\\u0e22\\u0e40\\u0e2d\\u0e47\\u0e14\\\",\\\"post\\\":\\\"45000\\\"}\",\"target_bank\":\"SCB\",\"transfer_date\":\"2018-05-15\",\"transfer_time\":\"08:29\",\"transfer_amount\":\"240.00\",\"total_price\":240}', 'EMS'),
('05151T340N', 162, 'FAIL', '2018-05-15 22:24:04', NULL, 50, 0, NULL, NULL, '{\"total_price\":300}', 'EMS'),
('051532BSK9', 91, 'SENT', '2018-05-15 00:07:34', 'EU157713001TH', 50, 0, NULL, '051532BSK9.jpg', '{\"address\":\"{\\\"name\\\":\\\"Ball Nopparat\\\",\\\"tel\\\":\\\"0839046504\\\",\\\"place\\\":\\\"71\\/291 \\u0e21.3 \\u0e0b\\u0e2d\\u0e22\\u0e40\\u0e25\\u0e35\\u0e22\\u0e1a\\u0e27\\u0e32\\u0e23\\u0e3525 \\u0e16\\u0e19\\u0e19\\u0e40\\u0e25\\u0e35\\u0e22\\u0e1a\\u0e27\\u0e32\\u0e23\\u0e35\\\",\\\"subdistrict\\\":\\\"\\u0e42\\u0e04\\u0e01\\u0e41\\u0e1d\\u0e14\\\",\\\"district\\\":\\\"\\u0e2b\\u0e19\\u0e2d\\u0e07\\u0e08\\u0e2d\\u0e01\\\",\\\"province\\\":\\\"\\u0e01\\u0e23\\u0e38\\u0e07\\u0e40\\u0e17\\u0e1e\\u0e21\\u0e2b\\u0e32\\u0e19\\u0e04\\u0e23\\\",\\\"post\\\":\\\"10530\\\"}\",\"target_bank\":\"SCB\",\"transfer_date\":\"2018-05-15\",\"transfer_time\":\"00:14\",\"transfer_amount\":\"400.00\",\"total_price\":400}', 'EMS'),
('05153EIJVH', 236, 'FAIL', '2018-05-15 23:14:16', NULL, 50, 0, NULL, NULL, '{\"total_price\":200}', 'EMS'),
('05154792V6', 107, 'FAIL', '2018-05-15 06:40:08', NULL, 30, 0, NULL, NULL, '{\"total_price\":220}', 'REG'),
('05155MS4FT', 172, 'SENT', '2018-05-15 22:29:07', 'RB009409764TH', 30, 0, NULL, '05155MS4FT.jpeg', '{\"address\":\"{\\\"name\\\":\\\"Rangsan Somtua\\\",\\\"tel\\\":\\\"0617734538\\\",\\\"home\\\":\\\"85\\/8 \\u0e2b\\u0e21\\u0e39\\u0e486 \\u0e2a\\u0e34\\u0e23\\u0e34\\u0e1c\\u0e32\\u0e2a\\u0e38\\u0e02\\u0e2d\\u0e1e\\u0e32\\u0e23\\u0e4c\\u0e17\\u0e40\\u0e21\\u0e19\\u0e15\\u0e4c\\\",\\\"place\\\":\\\"\\u0e0b\\u0e2d\\u0e22\\u0e40\\u0e17\\u0e2d\\u0e14\\u0e44\\u0e17 66 \\u0e16\\u0e19\\u0e19\\u0e40\\u0e17\\u0e2d\\u0e14\\u0e44\\u0e17\\\",\\\"subdistrict\\\":\\\"\\u0e1a\\u0e32\\u0e07\\u0e2b\\u0e27\\u0e49\\u0e32\\\",\\\"district\\\":\\\"\\u0e20\\u0e32\\u0e29\\u0e35\\u0e40\\u0e08\\u0e23\\u0e34\\u0e0d\\\",\\\"province\\\":\\\"\\u0e01\\u0e23\\u0e38\\u0e07\\u0e40\\u0e17\\u0e1e\\u0e21\\u0e2b\\u0e32\\u0e19\\u0e04\\u0e23\\\",\\\"post\\\":\\\"10160\\\"}\",\"target_bank\":\"SCB\",\"transfer_date\":\"2018-05-15\",\"transfer_time\":\"22:28\",\"transfer_amount\":\"220.00\",\"total_price\":220}', 'REG'),
('051584BBE7', 177, 'FAIL', '2018-05-15 22:25:03', NULL, 50, 0, NULL, NULL, '{\"total_price\":240}', 'EMS'),
('05158HA7WB', 209, 'SENT', '2018-05-15 22:37:07', 'RB009409693TH', 30, 0, NULL, '05158HA7WB.jpg', '{\"address\":\"{\\\"name\\\":\\\"Banlangsin Noinop\\\",\\\"tel\\\":\\\"0946377322\\\",\\\"home\\\":\\\"205\\/18 \\u0e21.23\\\",\\\"place\\\":\\\" \\u0e18\\u0e32\\u0e23\\u0e19\\u0e49\\u0e33\\u0e01\\u0e23\\u0e13\\u0e4c4\\\",\\\"subdistrict\\\":\\\"\\u0e23\\u0e2d\\u0e1a\\u0e40\\u0e27\\u0e35\\u0e22\\u0e07\\\",\\\"district\\\":\\\"\\u0e40\\u0e21\\u0e37\\u0e2d\\u0e07\\u0e40\\u0e0a\\u0e35\\u0e22\\u0e07\\u0e23\\u0e32\\u0e22\\\",\\\"province\\\":\\\"\\u0e40\\u0e0a\\u0e35\\u0e22\\u0e07\\u0e23\\u0e32\\u0e22\\\",\\\"post\\\":\\\"57000\\\"}\",\"target_bank\":\"SCB\",\"transfer_date\":\"2018-05-15\",\"transfer_time\":\"22:41\",\"transfer_amount\":\"220.00\",\"total_price\":220}', 'REG'),
('0515A312SC', 163, 'FAIL', '2018-05-15 22:28:34', NULL, 50, 0, NULL, NULL, '{\"total_price\":240}', 'EMS'),
('0515B18OSU', 115, 'SENT', '2018-05-15 10:29:10', 'RM435604277TH', 30, 0, NULL, '0515B18OSU.png', '{\"address\":\"{\\\"name\\\":\\\"Nataphat Boonperm\\\",\\\"tel\\\":\\\"0630802336\\\",\\\"place\\\":\\\"\\u0e01\\u0e32\\u0e2c\\u0e2a\\u0e34\\u0e19\\u0e18\\u0e38\\u0e4c\\\",\\\"subdistrict\\\":\\\"\\u0e43\\u0e19\\u0e40\\u0e21\\u0e37\\u0e2d\\u0e07 \\\",\\\"district\\\":\\\"\\u0e40\\u0e21\\u0e37\\u0e2d\\u0e07 \\\",\\\"province\\\":\\\"\\u0e01\\u0e32\\u0e2c\\u0e2a\\u0e34\\u0e19\\u0e18\\u0e38\\u0e4c \\\",\\\"post\\\":\\\"46000 \\\"}\",\"target_bank\":\"SCB\",\"transfer_date\":\"2018-05-15\",\"transfer_time\":\"12:04\",\"transfer_amount\":\"220.00\",\"total_price\":220}', 'REG'),
('0515BYGXU0', 145, 'FAIL', '2018-05-15 22:22:32', NULL, 50, 0, NULL, NULL, '{\"total_price\":240}', 'EMS'),
('0515C0O70P', 191, 'SENT', '2018-05-15 22:29:55', 'RB009409702TH', 30, 0, NULL, '0515C0O70P.jpg', '{\"address\":\"{\\\"name\\\":\\\"ErkArk Davivongs Na Ayudhya\\\",\\\"tel\\\":\\\"0625958688\\\",\\\"home\\\":\\\"177\\/46\\\",\\\"place\\\":\\\"\\u0e23\\u0e48\\u0e27\\u0e21\\u0e24\\u0e14\\u0e352 \\u0e40\\u0e1e\\u0e25\\u0e34\\u0e19\\u0e08\\u0e34\\u0e15\\\",\\\"subdistrict\\\":\\\"\\u0e25\\u0e38\\u0e21\\u0e1e\\u0e34\\u0e19\\u0e35\\\",\\\"district\\\":\\\"\\u0e1b\\u0e17\\u0e38\\u0e21\\u0e27\\u0e31\\u0e19\\\",\\\"province\\\":\\\"\\u0e01\\u0e23\\u0e38\\u0e07\\u0e40\\u0e17\\u0e1e\\u0e21\\u0e2b\\u0e32\\u0e19\\u0e04\\u0e23\\\",\\\"post\\\":\\\"10330\\\"}\",\"target_bank\":\"SCB\",\"transfer_date\":\"2018-05-15\",\"transfer_time\":\"22:32\",\"transfer_amount\":\"220.00\",\"total_price\":220}', 'REG'),
('0515C170GW', 104, 'FAIL', '2018-05-15 02:06:15', NULL, 50, 0, NULL, NULL, '{\"total_price\":240}', 'EMS'),
('0515C2V8N1', 201, 'FAIL', '2018-05-15 22:33:56', NULL, 50, 0, NULL, NULL, '{\"total_price\":240}', 'EMS'),
('0515C3AEUE', 198, 'SENT', '2018-05-15 22:33:52', 'EU473545645TH', 50, 0, NULL, '0515C3AEUE.jpg', '{\"address\":\"{\\\"name\\\":\\\"\\u0e2a\\u0e34\\u0e23\\u0e27\\u0e34\\u0e0a\\u0e0d\\u0e4c \\u0e1e\\u0e48\\u0e27\\u0e07\\u0e15\\u0e23\\u0e30\\u0e01\\u0e39\\u0e25\\\",\\\"tel\\\":\\\"0937892748\\\",\\\"home\\\":\\\"98\\/3 \\u0e21.9\\\",\\\"place\\\":\\\"-\\\",\\\"subdistrict\\\":\\\"\\u0e17\\u0e38\\u0e48\\u0e07\\u0e2a\\u0e07\\\",\\\"district\\\":\\\"\\u0e19\\u0e32\\u0e1a\\u0e2d\\u0e19\\\",\\\"province\\\":\\\"\\u0e19\\u0e04\\u0e23\\u0e28\\u0e23\\u0e35\\u0e18\\u0e23\\u0e23\\u0e21\\u0e23\\u0e32\\u0e0a\\\",\\\"post\\\":\\\"80220\\\"}\",\"target_bank\":\"KBA\",\"transfer_date\":\"2018-05-15\",\"transfer_time\":\"22:36\",\"transfer_amount\":\"240.00\",\"total_price\":240}', 'EMS'),
('0515DLIZ06', 203, 'SENT', '2018-05-15 22:34:29', 'EU473545662TH', 50, 0, NULL, '0515DLIZ06.jpg', '{\"address\":\"{\\\"name\\\":\\\"\\u0e18\\u0e19\\u0e20\\u0e31\\u0e17\\u0e23\\u0e4c \\u0e1e\\u0e38\\u0e48\\u0e21\\u0e2d\\u0e34\\u0e48\\u0e21\\\",\\\"tel\\\":\\\"0899493990\\\",\\\"home\\\":\\\"333 \\u0e1a\\u0e38\\u0e0d\\u0e16\\u0e32\\u0e27\\u0e23 \\u0e44\\u0e25\\u0e17\\u0e4c\\u0e15\\u0e34\\u0e49\\u0e07 \\u0e40\\u0e0b\\u0e47\\u0e19\\u0e40\\u0e15\\u0e2d\\u0e23\\u0e4c \\u0e2a\\u0e33\\u0e19\\u0e31\\u0e01\\u0e07\\u0e32\\u0e19\\u0e43\\u0e2b\\u0e0d\\u0e48\\\",\\\"place\\\":\\\"\\u0e2a\\u0e38\\u0e17\\u0e18\\u0e34\\u0e1e\\u0e07\\u0e28\\u0e4c 1 \\u0e16\\u0e19\\u0e19\\u0e23\\u0e31\\u0e0a\\u0e14\\u0e32\\u0e20\\u0e34\\u0e40\\u0e29\\u0e01\\\",\\\"subdistrict\\\":\\\"\\u0e14\\u0e34\\u0e19\\u0e41\\u0e14\\u0e07\\\",\\\"district\\\":\\\"\\u0e14\\u0e34\\u0e19\\u0e41\\u0e14\\u0e07\\\",\\\"province\\\":\\\"\\u0e01\\u0e23\\u0e38\\u0e07\\u0e40\\u0e17\\u0e1e\\u0e21\\u0e2b\\u0e32\\u0e19\\u0e04\\u0e23\\\",\\\"post\\\":\\\"10400\\\"}\",\"target_bank\":\"KBA\",\"transfer_date\":\"2561-05-15\",\"transfer_time\":\"22:37\",\"transfer_amount\":\"430.00\",\"total_price\":430}', 'EMS'),
('0515DTOFOJ', 148, 'FAIL', '2018-05-15 22:24:24', NULL, 50, 0, NULL, NULL, '{\"total_price\":300}', 'EMS'),
('0515DW1TXU', 240, 'SENT', '2018-05-15 23:25:48', 'EU473545509TH', 50, 0, NULL, '0515DW1TXU.jpeg', '{\"address\":\"{\\\"name\\\":\\\"Wisanu Manyawut\\\",\\\"tel\\\":\\\"0949538885\\\",\\\"home\\\":\\\"\\u0e17\\u0e35\\u0e48\\u0e17\\u0e33\\u0e01\\u0e32\\u0e23\\u0e44\\u0e1b\\u0e23\\u0e29\\u0e13\\u0e35\\u0e22\\u0e4c \\u0e21\\u0e2b\\u0e32\\u0e27\\u0e34\\u0e17\\u0e22\\u0e32\\u0e25\\u0e31\\u0e22\\u0e40\\u0e01\\u0e29\\u0e15\\u0e23\\u0e28\\u0e32\\u0e2a\\u0e15\\u0e23\\u0e4c \\u0e1a\\u0e32\\u0e07\\u0e40\\u0e02\\u0e19\\\",\\\"place\\\":\\\"\\u0e16\\u0e19\\u0e19\\u0e07\\u0e32\\u0e21\\u0e27\\u0e07\\u0e28\\u0e4c\\u0e27\\u0e32\\u0e19\\\",\\\"subdistrict\\\":\\\"\\u0e25\\u0e32\\u0e14\\u0e22\\u0e32\\u0e27\\\",\\\"district\\\":\\\"\\u0e08\\u0e15\\u0e38\\u0e08\\u0e31\\u0e01\\u0e23\\\",\\\"province\\\":\\\"\\u0e01\\u0e23\\u0e38\\u0e07\\u0e40\\u0e17\\u0e1e\\u0e21\\u0e2b\\u0e32\\u0e19\\u0e04\\u0e23\\\",\\\"post\\\":\\\"10900\\\"}\",\"target_bank\":\"SCB\",\"transfer_date\":\"2018-05-15\",\"transfer_time\":\"23:29\",\"transfer_amount\":\"550.00\",\"total_price\":550}', 'EMS'),
('0515E2IE7B', 217, 'SENT', '2018-05-15 22:40:48', 'EU473545659TH', 50, 0, NULL, '0515E2IE7B.png', '{\"address\":\"{\\\"name\\\":\\\"\\u0e22\\u0e34\\u0e48\\u0e07\\u0e1e\\u0e31\\u0e19\\u0e18\\u0e38\\u0e4c \\u0e2a\\u0e38\\u0e27\\u0e23\\u0e23\\u0e13\\u0e40\\u0e08\\u0e23\\u0e34\\u0e0d\\\",\\\"tel\\\":\\\"0981576082\\\",\\\"home\\\":\\\"383\\/2\\\",\\\"place\\\":\\\"\\u0e40\\u0e1b\\u0e23\\u0e21\\u0e1b\\u0e23\\u0e35\\u0e14\\u0e32\\\",\\\"subdistrict\\\":\\\"\\u0e18\\u0e32\\u0e15\\u0e38\\u0e40\\u0e0a\\u0e34\\u0e07\\u0e0a\\u0e38\\u0e21\\\",\\\"district\\\":\\\"\\u0e40\\u0e21\\u0e37\\u0e2d\\u0e07\\u0e2a\\u0e01\\u0e25\\u0e19\\u0e04\\u0e23\\\",\\\"province\\\":\\\"\\u0e2a\\u0e01\\u0e25\\u0e19\\u0e04\\u0e23\\\",\\\"post\\\":\\\"47000\\\"}\",\"target_bank\":\"TRU\",\"transfer_date\":\"2018-05-15\",\"transfer_time\":\"22:56\",\"transfer_amount\":\"240.00\",\"total_price\":240}', 'EMS'),
('0515E6MLFM', 47, 'SENT', '2018-05-15 20:15:53', '<>', 50, 0, NULL, '0515E6MLFM.jpeg', '{\"address\":\"{\\\"name\\\":\\\"Ratchapon Masphol\\\",\\\"tel\\\":\\\"0830245500\\\",\\\"home\\\":\\\"660\\/45\\\",\\\"place\\\":\\\"\\u0e1e\\u0e23\\u0e30\\u0e30\\u0e23\\u0e32\\u0e21\\u0e2a\\u0e35\\u0e48\\\",\\\"subdistrict\\\":\\\"\\u0e1a\\u0e32\\u0e07\\u0e23\\u0e31\\u0e01\\\",\\\"district\\\":\\\"\\u0e1a\\u0e32\\u0e07\\u0e23\\u0e31\\u0e01\\\",\\\"province\\\":\\\"\\u0e01\\u0e23\\u0e38\\u0e07\\u0e40\\u0e17\\u0e1e\\u0e21\\u0e2b\\u0e32\\u0e19\\u0e04\\u0e23\\\",\\\"post\\\":\\\"10500\\\"}\",\"target_bank\":\"SCB\",\"transfer_date\":\"2018-05-15\",\"transfer_time\":\"20:20\",\"transfer_amount\":\"240.00\",\"total_price\":240}', 'EMS'),
('0515EKNPUF', 202, 'SENT', '2018-05-15 22:34:56', 'RB009409747TH', 30, 0, NULL, '0515EKNPUF.PNG', '{\"address\":\"{\\\"name\\\":\\\"Rajikran Kosin\\\",\\\"tel\\\":\\\"0895740495\\\",\\\"home\\\":\\\"111 \\u0e2b\\u0e21\\u0e39\\u0e48 4 \\\",\\\"place\\\":\\\"-\\\",\\\"subdistrict\\\":\\\"\\u0e2a\\u0e23\\u0e49\\u0e32\\u0e07\\u0e04\\u0e2d\\u0e21\\\",\\\"district\\\":\\\"\\u0e2a\\u0e23\\u0e49\\u0e32\\u0e07\\u0e04\\u0e2d\\u0e21\\\",\\\"province\\\":\\\"\\u0e2d\\u0e38\\u0e14\\u0e23\\u0e18\\u0e32\\u0e19\\u0e35\\\",\\\"post\\\":\\\"41260\\\"}\",\"target_bank\":\"SCB\",\"transfer_date\":\"2018-05-15\",\"transfer_time\":\"22:57\",\"transfer_amount\":\"220.00\",\"total_price\":220}', 'REG'),
('0515ENNGHK', 97, 'FAIL', '2018-05-15 01:18:49', NULL, 50, 0, NULL, NULL, '{\"total_price\":390}', 'EMS'),
('0515ESXGJQ', 129, 'SENT', '2018-05-15 22:17:37', 'RB009409680TH', 30, 0, NULL, '0515ESXGJQ.jpg', '{\"address\":\"{\\\"name\\\":\\\"Nikarnz Mungsujaritkarn\\\",\\\"tel\\\":\\\"0849721317\\\",\\\"home\\\":\\\"103\\/18\\\",\\\"place\\\":\\\"\\u0e0b.\\u0e0a\\u0e34\\u0e19\\u0e40\\u0e02\\u0e151\\/55 \\u0e16.\\u0e07\\u0e32\\u0e21\\u0e27\\u0e07\\u0e28\\u0e4c\\u0e27\\u0e32\\u0e19\\\",\\\"subdistrict\\\":\\\"\\u0e17\\u0e38\\u0e48\\u0e07\\u0e2a\\u0e2d\\u0e07\\u0e2b\\u0e49\\u0e2d\\u0e07\\\",\\\"district\\\":\\\"\\u0e2b\\u0e25\\u0e31\\u0e01\\u0e2a\\u0e35\\u0e48\\\",\\\"province\\\":\\\"\\u0e01\\u0e23\\u0e38\\u0e07\\u0e40\\u0e17\\u0e1e\\u0e21\\u0e2b\\u0e32\\u0e19\\u0e04\\u0e23\\\",\\\"post\\\":\\\"10210\\\"}\",\"target_bank\":\"KBA\",\"transfer_date\":\"2018-05-15\",\"transfer_time\":\"22:19\",\"transfer_amount\":\"220.00\",\"total_price\":220}', 'REG'),
('0515FX8L7G', 134, 'SENT', '2018-05-15 22:25:26', 'EU473545605TH', 50, 0, NULL, '0515FX8L7G.jpg', '{\"address\":\"{\\\"name\\\":\\\"Suppachai Glubpean\\\",\\\"tel\\\":\\\"0915097597\\\",\\\"home\\\":\\\"77\\/73\\\",\\\"place\\\":\\\"\\u0e0b.\\u0e2a\\u0e32\\u0e22\\u0e44\\u0e2b\\u0e2134  \\u0e21.\\u0e0a\\u0e25\\u0e25\\u0e14\\u0e32\\u0e0b\\u0e2d\\u0e223 \\u0e16.\\u0e2a\\u0e32\\u0e22\\u0e44\\u0e2b\\u0e21\\\",\\\"subdistrict\\\":\\\"\\u0e2a\\u0e32\\u0e22\\u0e44\\u0e2b\\u0e21\\\",\\\"district\\\":\\\"\\u0e2a\\u0e32\\u0e22\\u0e44\\u0e2b\\u0e21\\\",\\\"province\\\":\\\"\\u0e01\\u0e23\\u0e38\\u0e07\\u0e40\\u0e17\\u0e1e\\u0e21\\u0e2b\\u0e32\\u0e19\\u0e04\\u0e23\\\",\\\"post\\\":\\\"10220\\\"}\",\"target_bank\":\"TRU\",\"transfer_date\":\"2018-05-15\",\"transfer_time\":\"22:28\",\"transfer_amount\":\"240.00\",\"total_price\":240}', 'EMS'),
('0515G4BXHJ', 117, 'FAIL', '2018-05-15 10:39:02', NULL, 30, 0, NULL, NULL, '{\"total_price\":220}', 'REG'),
('0515GA1WVX', 75, 'SENT', '2018-05-15 22:18:31', 'RB009409720TH', 30, 0, NULL, '0515GA1WVX.png', '{\"address\":\"{\\\"name\\\":\\\"\\u0e10\\u0e34\\u0e15\\u0e34\\u0e27\\u0e31\\u0e12\\u0e19\\u0e4c \\u0e27\\u0e23\\u0e23\\u0e13\\u0e28\\u0e23\\u0e35\\u0e08\\u0e31\\u0e19\\u0e17\\u0e23\\u0e4c\\\",\\\"tel\\\":\\\"0892050027\\\",\\\"home\\\":\\\"123\\/46\\\",\\\"place\\\":\\\"\\u0e16\\u0e19\\u0e19\\u0e23\\u0e32\\u0e0a\\u0e27\\u0e34\\u0e16\\u0e35\\\",\\\"subdistrict\\\":\\\"\\u0e27\\u0e0a\\u0e34\\u0e23\\u0e1e\\u0e22\\u0e32\\u0e1a\\u0e32\\u0e25\\\",\\\"district\\\":\\\"\\u0e14\\u0e38\\u0e2a\\u0e34\\u0e15\\\",\\\"province\\\":\\\"\\u0e01\\u0e23\\u0e38\\u0e07\\u0e40\\u0e17\\u0e1e\\u0e21\\u0e2b\\u0e32\\u0e19\\u0e04\\u0e23\\\",\\\"post\\\":\\\"10300\\\"}\",\"target_bank\":\"TRU\",\"transfer_date\":\"2018-05-15\",\"transfer_time\":\"22:21\",\"transfer_amount\":\"220.00\",\"total_price\":220}', 'REG'),
('0515GNDUVC', 216, 'SENT', '2018-05-15 22:38:45', 'EU473545676TH', 50, 0, NULL, '0515GNDUVC.png', '{\"address\":\"{\\\"name\\\":\\\"Ball Pongsapak\\\",\\\"tel\\\":\\\"0612867686\\\",\\\"home\\\":\\\"9\\/5 \\u0e2b\\u0e21\\u0e39\\u0e48.3\\\",\\\"place\\\":\\\"\\u0e1b\\u0e48\\u0e32\\u0e41\\u0e14\\u0e14\\\",\\\"subdistrict\\\":\\\"\\u0e1b\\u0e48\\u0e32\\u0e41\\u0e14\\u0e14\\\",\\\"district\\\":\\\"\\u0e40\\u0e21\\u0e37\\u0e2d\\u0e07\\u0e40\\u0e0a\\u0e35\\u0e22\\u0e07\\u0e43\\u0e2b\\u0e21\\u0e48\\\",\\\"province\\\":\\\"\\u0e40\\u0e0a\\u0e35\\u0e22\\u0e07\\u0e43\\u0e2b\\u0e21\\u0e48\\\",\\\"post\\\":\\\"50100\\\"}\",\"target_bank\":\"BUA\",\"transfer_date\":\"2561-05-15\",\"transfer_time\":\"22:43\",\"transfer_amount\":\"620.00\",\"total_price\":620}', 'EMS'),
('0515H7GDE6', 175, 'SENT', '2018-05-15 22:25:13', 'EU473545693TH', 50, 0, NULL, '0515H7GDE6.jpeg', '{\"address\":\"{\\\"name\\\":\\\"\\u0e18\\u0e31\\u0e19\\u0e22\\u0e27\\u0e23\\u0e23\\u0e13 \\u0e21\\u0e38\\u0e48\\u0e07\\u0e23\\u0e31\\u0e01\\u0e29\\u0e4c\\u0e0a\\u0e19\\\",\\\"tel\\\":\\\"0830733169\\\",\\\"home\\\":\\\"133\\/2 \\\",\\\"place\\\":\\\"17 \\u0e16\\u0e19\\u0e19\\u0e2a\\u0e38\\u0e04\\u0e31\\u0e19\\u0e18\\u0e32\\u0e23\\u0e32\\u0e21\\\",\\\"subdistrict\\\":\\\"\\u0e2a\\u0e27\\u0e19\\u0e08\\u0e34\\u0e15\\u0e23\\u0e25\\u0e14\\u0e32\\\",\\\"district\\\":\\\"\\u0e14\\u0e38\\u0e2a\\u0e34\\u0e15\\\",\\\"province\\\":\\\"\\u0e01\\u0e23\\u0e38\\u0e07\\u0e40\\u0e17\\u0e1e\\u0e21\\u0e2b\\u0e32\\u0e19\\u0e04\\u0e23\\\",\\\"post\\\":\\\"10300\\\"}\",\"target_bank\":\"SCB\",\"transfer_date\":\"2018-05-15\",\"transfer_time\":\"22:28\",\"transfer_amount\":\"1000.01\",\"total_price\":1000}', 'EMS'),
('0515HGJAJT', 154, 'FAIL', '2018-05-15 22:26:58', NULL, 50, 0, NULL, NULL, '{\"total_price\":240}', 'EMS'),
('0515J7OHPM', 193, 'SENT', '2018-05-15 22:33:14', 'EU473545530TH', 50, 0, NULL, '0515J7OHPM.jpg', '{\"address\":\"{\\\"name\\\":\\\"\\u0e19\\u0e32\\u0e22\\u0e08\\u0e23\\u0e39\\u0e0d\\u0e42\\u0e23\\u0e08\\u0e19\\u0e4c \\u0e40\\u0e21\\u0e18\\u0e35\\u0e40\\u0e2a\\u0e23\\u0e34\\u0e21\\u0e2a\\u0e01\\u0e38\\u0e25\\\",\\\"tel\\\":\\\"0931577578\\\",\\\"home\\\":\\\"275 \\u0e2b\\u0e21\\u0e39\\u0e487\\\",\\\"place\\\":\\\"\\u0e16\\u0e19\\u0e19 \\u0e19\\u0e48\\u0e32\\u0e19-\\u0e1e\\u0e30\\u0e40\\u0e22\\u0e32\\\",\\\"subdistrict\\\":\\\"\\u0e16\\u0e37\\u0e21\\u0e15\\u0e2d\\u0e07\\\",\\\"district\\\":\\\"\\u0e40\\u0e21\\u0e37\\u0e2d\\u0e07\\u0e19\\u0e48\\u0e32\\u0e19\\\",\\\"province\\\":\\\"\\u0e19\\u0e48\\u0e32\\u0e19\\\",\\\"post\\\":\\\"55000\\\"}\",\"target_bank\":\"BUA\",\"transfer_date\":\"2018-05-15\",\"transfer_time\":\"22:35\",\"transfer_amount\":\"240.00\",\"total_price\":240}', 'EMS'),
('0515JVENBR', 139, 'FAIL', '2018-05-15 22:19:52', NULL, 30, 0, NULL, NULL, '{\"total_price\":220}', 'REG'),
('0515KM09TT', 224, 'SENT', '2018-05-15 22:53:21', 'EU158847319TH', 50, 0, NULL, '0515KM09TT.jpeg', '{\"address\":\"{\\\"name\\\":\\\"Xiaoxian Ng\\\",\\\"tel\\\":\\\"0992401534\\\",\\\"home\\\":\\\"A.p. Apartment (\\u0e2b\\u0e49\\u0e2d\\u0e07 209)\\\",\\\"place\\\":\\\"-\\\",\\\"subdistrict\\\":\\\"\\u0e1a\\u0e49\\u0e32\\u0e19\\u0e14\\u0e39\\u0e48\\\",\\\"district\\\":\\\"\\u0e40\\u0e21\\u0e37\\u0e2d\\u0e07\\u0e40\\u0e0a\\u0e35\\u0e22\\u0e07\\u0e23\\u0e32\\u0e22\\\",\\\"province\\\":\\\"\\u0e40\\u0e0a\\u0e35\\u0e22\\u0e07\\u0e23\\u0e32\\u0e22\\\",\\\"post\\\":\\\"57100\\\"}\",\"target_bank\":\"KTB\",\"transfer_date\":\"2018-05-15\",\"transfer_time\":\"23:05\",\"transfer_amount\":\"450.00\",\"total_price\":450}', 'EMS'),
('0515M8K3RY', 150, 'FAIL', '2018-05-15 22:21:06', NULL, 50, 0, NULL, NULL, '{\"total_price\":240}', 'EMS'),
('0515ND8IU9', 235, 'FAIL', '2018-05-15 23:08:46', NULL, 50, 0, NULL, NULL, '{\"total_price\":100}', 'EMS'),
('0515NS243H', 206, 'SENT', '2018-05-15 22:37:20', 'RB009409733TH', 30, 0, NULL, '0515NS243H.jpeg', '{\"address\":\"{\\\"name\\\":\\\"\\u0e01\\u0e31\\u0e0d\\u0e08\\u0e19\\u0e4c \\u0e40\\u0e2a\\u0e37\\u0e2d\\u0e2a\\u0e01\\u0e38\\u0e25\\\",\\\"tel\\\":\\\"0865653808\\\",\\\"home\\\":\\\"588\\\",\\\"place\\\":\\\"\\u0e08\\u0e23\\u0e31\\u0e0d\\u0e2a\\u0e19\\u0e3469\\\",\\\"subdistrict\\\":\\\"\\u0e1a\\u0e32\\u0e07\\u0e1e\\u0e25\\u0e31\\u0e14\\\",\\\"district\\\":\\\"\\u0e1a\\u0e32\\u0e07\\u0e1e\\u0e25\\u0e31\\u0e14\\\",\\\"province\\\":\\\"\\u0e01\\u0e23\\u0e38\\u0e07\\u0e40\\u0e17\\u0e1e\\u0e21\\u0e2b\\u0e32\\u0e19\\u0e04\\u0e23\\\",\\\"post\\\":\\\"10700\\\"}\",\"target_bank\":\"SCB\",\"transfer_date\":\"2018-05-15\",\"transfer_time\":\"22:40\",\"transfer_amount\":\"220.00\",\"total_price\":220}', 'REG'),
('0515OIFNIJ', 124, 'FAIL', '2018-05-15 20:07:21', NULL, 50, 0, NULL, NULL, '{\"total_price\":240}', 'EMS'),
('0515RC9LRE', 156, 'FAIL', '2018-05-15 22:22:39', NULL, 50, 0, NULL, NULL, '{\"total_price\":240}', 'EMS'),
('0515RGMPJN', 200, 'FAIL', '2018-05-15 22:35:55', NULL, 30, 0, NULL, NULL, '{\"total_price\":220}', 'REG'),
('0515RW831F', 214, 'SENT', '2018-05-15 22:39:37', 'RB009409716TH', 30, 0, NULL, '0515RW831F.jpg', '{\"address\":\"{\\\"name\\\":\\\"\\u0e21\\u0e32\\u0e25\\u0e34\\u0e04 \\u0e21\\u0e30\\u0e23\\u0e38\\u0e21\\u0e14\\u0e35\\\",\\\"tel\\\":\\\"0626848812\\\",\\\"home\\\":\\\"612\\/5\\\",\\\"place\\\":\\\"\\u0e0b\\u0e2d\\u0e22 \\u0e40\\u0e08\\u0e23\\u0e34\\u0e0d\\u0e01\\u0e23\\u0e38\\u0e07 109 \\u0e16\\u0e19\\u0e19 \\u0e40\\u0e08\\u0e23\\u0e34\\u0e0d\\u0e01\\u0e23\\u0e38\\u0e07\\\",\\\"subdistrict\\\":\\\"\\u0e1a\\u0e32\\u0e07\\u0e04\\u0e2d\\u0e41\\u0e2b\\u0e25\\u0e21\\\",\\\"district\\\":\\\"\\u0e1a\\u0e32\\u0e07\\u0e04\\u0e2d\\u0e41\\u0e2b\\u0e25\\u0e21\\\",\\\"province\\\":\\\"\\u0e01\\u0e23\\u0e38\\u0e07\\u0e40\\u0e17\\u0e1e\\u0e21\\u0e2b\\u0e32\\u0e19\\u0e04\\u0e23\\\",\\\"post\\\":\\\"10120\\\"}\",\"target_bank\":\"KBA\",\"transfer_date\":\"2018-05-15\",\"transfer_time\":\"22:44\",\"transfer_amount\":\"220.00\",\"total_price\":220}', 'REG'),
('0515S0D5WL', 179, 'SENT', '2018-05-15 22:26:51', 'RB009409778TH', 30, 0, NULL, '0515S0D5WL.jpg', '{\"address\":\"{\\\"name\\\":\\\"\\u0e2a\\u0e38\\u0e2a\\u0e34\\u0e21\\u0e32 \\u0e01\\u0e31\\u0e07\\u0e27\\u0e32\\u0e19\\u0e1e\\u0e23\\u0e0a\\u0e31\\u0e22\\\",\\\"tel\\\":\\\"0909898378\\\",\\\"home\\\":\\\"39\\/7\\\",\\\"place\\\":\\\"\\u0e16\\u0e19\\u0e19\\u0e08\\u0e32\\u0e23\\u0e38\\u0e40\\u0e21\\u0e37\\u0e2d\\u0e07\\\",\\\"subdistrict\\\":\\\"\\u0e23\\u0e2d\\u0e07\\u0e40\\u0e21\\u0e37\\u0e2d\\u0e07\\\",\\\"district\\\":\\\"\\u0e1b\\u0e17\\u0e38\\u0e21\\u0e27\\u0e31\\u0e19\\\",\\\"province\\\":\\\"\\u0e01\\u0e23\\u0e38\\u0e07\\u0e40\\u0e17\\u0e1e\\u0e21\\u0e2b\\u0e32\\u0e19\\u0e04\\u0e23\\\",\\\"post\\\":\\\"10330\\\"}\",\"target_bank\":\"SCB\",\"transfer_date\":\"2018-05-15\",\"transfer_time\":\"22:33\",\"transfer_amount\":\"220.00\",\"total_price\":220}', 'REG'),
('0515S91KV9', 192, 'SENT', '2018-05-15 22:29:53', 'RB009409755TH', 30, 0, NULL, '0515S91KV9.jpeg', '{\"address\":\"{\\\"name\\\":\\\"\\u0e24\\u0e01\\u0e29\\u0e4c\\u0e0a\\u0e31\\u0e22 \\u0e40\\u0e0a\\u0e35\\u0e48\\u0e22\\u0e27\\u0e27\\u0e32\\u0e19\\u0e34\\u0e0a\\\",\\\"tel\\\":\\\"0918528306\\\",\\\"home\\\":\\\"925\\/34\\\",\\\"place\\\":\\\"\\u0e2b\\u0e21\\u0e39\\u0e48 1\\\",\\\"subdistrict\\\":\\\"\\u0e40\\u0e27\\u0e35\\u0e22\\u0e07\\u0e1e\\u0e32\\u0e07\\u0e04\\u0e33\\\",\\\"district\\\":\\\"\\u0e41\\u0e21\\u0e48\\u0e2a\\u0e32\\u0e22\\\",\\\"province\\\":\\\"\\u0e40\\u0e0a\\u0e35\\u0e22\\u0e07\\u0e23\\u0e32\\u0e22\\\",\\\"post\\\":\\\"57130\\\"}\",\"target_bank\":\"KBA\",\"transfer_date\":\"2018-05-15\",\"transfer_time\":\"22:32\",\"transfer_amount\":\"220.00\",\"total_price\":220}', 'REG'),
('0515VIZ222', 193, 'FAIL', '2018-05-15 22:30:14', NULL, 50, 0, NULL, NULL, '{\"total_price\":240}', 'EMS'),
('0515VNABCA', 199, 'SENT', '2018-05-15 22:32:18', 'EU473545565TH', 50, 0, NULL, '0515VNABCA.jpg', '{\"address\":\"{\\\"name\\\":\\\"Pongsapak Ratipunyapornkun\\\",\\\"tel\\\":\\\"0959987159\\\",\\\"home\\\":\\\"123\\/4\\\",\\\"place\\\":\\\"\\u0e40\\u0e17\\u0e28\\u0e1a\\u0e32\\u0e25\\u0e2a\\u0e32\\u0e22 4\\\",\\\"subdistrict\\\":\\\"\\u0e17\\u0e48\\u0e32\\u0e43\\u0e2b\\u0e21\\u0e48\\\",\\\"district\\\":\\\"\\u0e17\\u0e48\\u0e32\\u0e43\\u0e2b\\u0e21\\u0e48\\\",\\\"province\\\":\\\"\\u0e08\\u0e31\\u0e19\\u0e17\\u0e1a\\u0e38\\u0e23\\u0e35\\\",\\\"post\\\":\\\"22120\\\"}\",\"target_bank\":\"SCB\",\"transfer_date\":\"2561-12-05\",\"transfer_time\":\"22:56\",\"transfer_amount\":\"240.00\",\"total_price\":240}', 'EMS'),
('0515XS4IA5', 147, 'FAIL', '2018-05-15 22:20:20', NULL, 50, 0, NULL, NULL, '{\"total_price\":240}', 'EMS'),
('0515YQDAF6', 131, 'SENT', '2018-05-15 22:18:49', 'EU158847336TH', 50, 0, NULL, '0515YQDAF6.jpeg', '{\"address\":\"{\\\"name\\\":\\\"Panithan Sukkrasanti\\\",\\\"tel\\\":\\\"0865475754\\\",\\\"home\\\":\\\"41\\/27\\\",\\\"place\\\":\\\"\\u0e2a\\u0e38\\u0e19\\u0e17\\u0e23\\u0e1e\\u0e34\\u0e21\\u0e25\\\",\\\"subdistrict\\\":\\\"\\u0e1b\\u0e17\\u0e38\\u0e21\\u0e27\\u0e31\\u0e19\\\",\\\"district\\\":\\\"\\u0e1b\\u0e17\\u0e38\\u0e21\\u0e27\\u0e31\\u0e19\\\",\\\"province\\\":\\\"\\u0e01\\u0e23\\u0e38\\u0e07\\u0e40\\u0e17\\u0e1e\\u0e21\\u0e2b\\u0e32\\u0e19\\u0e04\\u0e23\\\",\\\"post\\\":\\\"10330\\\"}\",\"target_bank\":\"SCB\",\"transfer_date\":\"2018-05-15\",\"transfer_time\":\"22:20\",\"transfer_amount\":\"540.00\",\"total_price\":540}', 'EMS'),
('0515YV99I4', 100, 'FAIL', '2018-05-15 01:30:58', NULL, 50, 0, NULL, NULL, '{\"total_price\":240}', 'EMS'),
('0515Z1A5GG', 140, 'FAIL', '2018-05-15 22:19:25', NULL, 30, 0, NULL, NULL, '{\"total_price\":220}', 'REG'),
('0515Z1OL30', 172, 'FAIL', '2018-05-15 22:24:19', NULL, 30, 0, NULL, NULL, '{\"total_price\":220}', 'REG'),
('0515ZAMMN7', 132, 'SENT', '2018-05-15 22:18:37', 'EU473545574TH', 50, 0, NULL, '0515ZAMMN7.jpg', '{\"address\":\"{\\\"name\\\":\\\"\\u0e04\\u0e38\\u0e13 \\u0e1c\\u0e48\\u0e2d\\u0e07\\u0e1e\\u0e23\\u0e23\\u0e13 \\u0e25\\u0e49\\u0e27\\u0e19\\u0e2a\\u0e21\\u0e2b\\u0e27\\u0e31\\u0e07 \\u0e2a\\u0e16\\u0e32\\u0e19\\u0e1e\\u0e34\\u0e19\\u0e34\\u0e08\\u0e40\\u0e40\\u0e25\\u0e30\\u0e04\\u0e38\\u0e49\\u0e21\\u0e04\\u0e23\\u0e2d\\u0e07\\u0e40\\u0e14\\u0e47\\u0e01\\u0e40\\u0e40\\u0e25\\u0e30\\u0e40\\u0e22\\u0e32\\u0e27\\u0e0a\\u0e19\\u0e08\\u0e31\\u0e07\\u0e2b\\u0e27\\u0e31\\u0e14\\u0e40\\u0e0a\\u0e35\\u0e22\\u0e07\\u0e43\\u0e2b\\u0e21\\u0e48\\\",\\\"tel\\\":\\\"0810201669\\\",\\\"home\\\":\\\"309 \\u0e2b\\u0e21\\u0e39\\u0e483\\\",\\\"place\\\":\\\"-\\\",\\\"subdistrict\\\":\\\"\\u0e41\\u0e21\\u0e48\\u0e2a\\u0e32\\\",\\\"district\\\":\\\"\\u0e41\\u0e21\\u0e48\\u0e23\\u0e34\\u0e21\\\",\\\"province\\\":\\\"\\u0e40\\u0e0a\\u0e35\\u0e22\\u0e07\\u0e43\\u0e2b\\u0e21\\u0e48\\\",\\\"post\\\":\\\"50180\\\"}\",\"target_bank\":\"SCB\",\"transfer_date\":\"2018-05-15\",\"transfer_time\":\"22:33\",\"transfer_amount\":\"240.00\",\"total_price\":240}', 'EMS'),
('05164PNJ22', 259, 'FAIL', '2018-05-16 06:43:59', NULL, 50, 0, NULL, '05164PNJ22.jpg', '{\"address\":\"{\\\"name\\\":\\\"\\u0e17\\u0e27\\u0e35\\u0e17\\u0e23\\u0e31\\u0e1e\\u0e22\\u0e4c \\u0e2d\\u0e34\\u0e19\\u0e40\\u0e25\\u0e35\\u0e49\\u0e22\\u0e07\\\",\\\"tel\\\":\\\"0985792351\\\",\\\"home\\\":\\\"39\\/19\\\",\\\"place\\\":\\\"\\u0e2b\\u0e19\\u0e2d\\u0e07\\u0e2b\\u0e27\\u0e49\\u0e32\\\",\\\"subdistrict\\\":\\\"\\u0e2b\\u0e49\\u0e27\\u0e22\\u0e42\\u0e1b\\u0e48\\u0e07\\\",\\\"district\\\":\\\"\\u0e40\\u0e21\\u0e37\\u0e2d\\u0e07\\u0e23\\u0e30\\u0e22\\u0e2d\\u0e07\\\",\\\"province\\\":\\\"\\u0e23\\u0e30\\u0e22\\u0e2d\\u0e07\\\",\\\"post\\\":\\\"21150\\\"}\",\"target_bank\":\"KBA\",\"transfer_date\":\"2018-05-16\",\"transfer_time\":\"06:31\",\"transfer_amount\":\"2400\",\"total_price\":240}', 'EMS'),
('05165PY5X0', 238, 'SENT', '2018-05-16 00:41:02', 'EU473545588TH', 50, 0, NULL, '05165PY5X0.jpeg', '{\"address\":\"{\\\"name\\\":\\\"\\u0e2d\\u0e34\\u0e15\\u0e34\\u0e1e\\u0e31\\u0e12\\u0e19\\u0e4c \\u0e15\\u0e23\\u0e35\\u0e17\\u0e2d\\u0e07\\u0e04\\u0e33\\u0e2a\\u0e34\\u0e23\\u0e34\\\",\\\"tel\\\":\\\"0948980912\\\",\\\"home\\\":\\\"835\\/31\\\",\\\"place\\\":\\\"\\u0e01\\u0e38\\u0e25\\u0e28\\u0e34\\u0e23\\u0e34\\u0e28\\u0e32\\u0e2a\\u0e15\\u0e23\\u0e4c\\\",\\\"subdistrict\\\":\\\"\\u0e21\\u0e30\\u0e02\\u0e32\\u0e21\\u0e2b\\u0e22\\u0e48\\u0e07\\\",\\\"district\\\":\\\"\\u0e40\\u0e21\\u0e37\\u0e2d\\u0e07\\u0e0a\\u0e25\\u0e1a\\u0e38\\u0e23\\u0e35\\\",\\\"province\\\":\\\"\\u0e0a\\u0e25\\u0e1a\\u0e38\\u0e23\\u0e35\\\",\\\"post\\\":\\\"20000\\\"}\",\"target_bank\":\"TRU\",\"transfer_date\":\"2018-05-16\",\"transfer_time\":\"01:00\",\"transfer_amount\":\"430.00\",\"total_price\":430}', 'EMS'),
('05165Q3N7Q', 267, 'SENT', '2018-05-16 11:32:02', 'EU473545512TH', 50, 0, NULL, '05165Q3N7Q.jpg', '{\"address\":\"{\\\"name\\\":\\\"\\u0e2a\\u0e38\\u0e17\\u0e34\\u0e19 \\u0e0a\\u0e31\\u0e22\\u0e41\\u0e2a\\u0e07\\\",\\\"tel\\\":\\\"0956064895\\\",\\\"home\\\":\\\"288\\/3 \\u0e21.17\\\",\\\"place\\\":\\\"\\u0e1e\\u0e23\\u0e30\\u0e23\\u0e32\\u0e0a\\u0e27\\u0e34\\u0e23\\u0e34\\u0e22\\u0e32\\u0e20\\u0e23\\u0e13\\u0e4c\\\",\\\"subdistrict\\\":\\\"\\u0e1a\\u0e32\\u0e07\\u0e1e\\u0e36\\u0e48\\u0e07\\\",\\\"district\\\":\\\"\\u0e1e\\u0e23\\u0e30\\u0e1b\\u0e23\\u0e30\\u0e41\\u0e14\\u0e07\\\",\\\"province\\\":\\\"\\u0e2a\\u0e21\\u0e38\\u0e17\\u0e23\\u0e1b\\u0e23\\u0e32\\u0e01\\u0e32\\u0e23\\\",\\\"post\\\":\\\"10130\\\"}\",\"target_bank\":\"SCB\",\"transfer_date\":\"2018-05-16\",\"transfer_time\":\"11:34\",\"transfer_amount\":\"300.00\",\"total_price\":300}', 'EMS'),
('05167F9HY1', 258, 'FAIL', '2018-05-16 06:13:26', NULL, 50, 0, NULL, NULL, '{\"total_price\":240}', 'EMS'),
('0516B6TAP4', 262, 'SENT', '2018-05-16 06:42:38', 'EU473545543TH', 50, 0, NULL, '0516B6TAP4.png', '{\"address\":\"{\\\"name\\\":\\\"Rathipas Wannaphong\\\",\\\"tel\\\":\\\"0819559913\\\",\\\"home\\\":\\\"\\u0e1a\\u0e23\\u0e34\\u0e29\\u0e31\\u0e17 \\u0e2a\\u0e32\\u0e21\\u0e32\\u0e23\\u0e16 \\u0e04\\u0e2d\\u0e21\\u0e21\\u0e34\\u0e27\\u0e19\\u0e34\\u0e40\\u0e04\\u0e0a\\u0e31\\u0e48\\u0e19\\u0e40\\u0e0b\\u0e2d\\u0e23\\u0e4c\\u0e27\\u0e34\\u0e2a 437\\/219\\\",\\\"place\\\":\\\"\\u0e16.\\u0e08\\u0e34\\u0e23\\u0e30\\\",\\\"subdistrict\\\":\\\"\\u0e43\\u0e19\\u0e40\\u0e21\\u0e37\\u0e2d\\u0e07\\\",\\\"district\\\":\\\"\\u0e40\\u0e21\\u0e37\\u0e2d\\u0e07\\u0e1a\\u0e38\\u0e23\\u0e35\\u0e23\\u0e31\\u0e21\\u0e22\\u0e4c\\\",\\\"province\\\":\\\"\\u0e1a\\u0e38\\u0e23\\u0e35\\u0e23\\u0e31\\u0e21\\u0e22\\u0e4c\\\",\\\"post\\\":\\\"31000\\\"}\",\"target_bank\":\"TRU\",\"transfer_date\":\"2018-05-16\",\"transfer_time\":\"06:56\",\"transfer_amount\":\"240.00\",\"total_price\":240}', 'EMS'),
('0516BMK5YV', 221, 'SENT', '2018-05-16 08:13:23', 'RB009409781TH', 30, 0, NULL, '0516BMK5YV.jpg', '{\"address\":\"{\\\"name\\\":\\\"\\u0e14\\u0e19\\u0e38\\u0e2a\\u0e23\\u0e13\\u0e4c  \\u0e2a\\u0e27\\u0e32\\u0e21\\u0e34\\\",\\\"tel\\\":\\\"0843477578\\\",\\\"home\\\":\\\"47\\/13 \\u0e2b\\u0e21\\u0e39\\u0e48 4\\\",\\\"place\\\":\\\"\\u0e1e\\u0e31\\u0e12\\u0e19\\u0e1b\\u0e23\\u0e30\\u0e40\\u0e2a\\u0e23\\u0e34\\u0e10\\\",\\\"subdistrict\\\":\\\"\\u0e40\\u0e0a\\u0e34\\u0e07\\u0e40\\u0e19\\u0e34\\u0e19\\\",\\\"district\\\":\\\"\\u0e40\\u0e21\\u0e37\\u0e2d\\u0e07\\u0e23\\u0e30\\u0e22\\u0e2d\\u0e07\\\",\\\"province\\\":\\\"\\u0e23\\u0e30\\u0e22\\u0e2d\\u0e07\\\",\\\"post\\\":\\\"21000\\\"}\",\"target_bank\":\"KBA\",\"transfer_date\":\"2018-05-16\",\"transfer_time\":\"08:17\",\"transfer_amount\":\"220.00\",\"total_price\":220}', 'REG'),
('0516BUQN1G', 259, 'SENT', '2018-05-16 06:28:11', 'EU473545591TH', 50, 0, NULL, '0516BUQN1G.jpg', '{\"address\":\"{\\\"name\\\":\\\"\\u0e17\\u0e27\\u0e35\\u0e17\\u0e23\\u0e31\\u0e1e\\u0e22\\u0e4c \\u0e2d\\u0e34\\u0e19\\u0e40\\u0e25\\u0e35\\u0e49\\u0e22\\u0e07\\\",\\\"tel\\\":\\\"0985792351\\\",\\\"home\\\":\\\"39\\/19\\\",\\\"place\\\":\\\"\\u0e2b\\u0e19\\u0e2d\\u0e07\\u0e2b\\u0e27\\u0e49\\u0e32\\\",\\\"subdistrict\\\":\\\"\\u0e2b\\u0e49\\u0e27\\u0e22\\u0e42\\u0e1b\\u0e48\\u0e07\\\",\\\"district\\\":\\\"\\u0e40\\u0e21\\u0e37\\u0e2d\\u0e07\\u0e23\\u0e30\\u0e22\\u0e2d\\u0e07\\\",\\\"province\\\":\\\"\\u0e23\\u0e30\\u0e22\\u0e2d\\u0e07\\\",\\\"post\\\":\\\"21150\\\"}\",\"target_bank\":\"KBA\",\"transfer_date\":\"2018-05-16\",\"transfer_time\":\"06:31\",\"transfer_amount\":\"240240.00\",\"total_price\":240}', 'EMS'),
('0516CMNHRM', 264, 'FAIL', '2018-05-16 08:22:22', NULL, 30, 0, NULL, NULL, '{\"total_price\":220}', 'REG'),
('0516ET40IB', 148, 'SENT', '2018-05-16 12:06:33', 'EU473545526TH', 50, 0, NULL, '0516ET40IB.jpg', '{\"address\":\"{\\\"name\\\":\\\"Ramona na chiengmai\\\",\\\"tel\\\":\\\"0876576363\\\",\\\"home\\\":\\\"31\\/4 \\u0e2b\\u0e21\\u0e39\\u0e48 2\\\",\\\"place\\\":\\\"\\u0e04\\u0e25\\u0e2d\\u0e07\\u0e0a\\u0e25\\u0e1b\\u0e23\\u0e30\\u0e17\\u0e32\\u0e19\\\",\\\"subdistrict\\\":\\\"\\u0e41\\u0e21\\u0e48\\u0e40\\u0e2b\\u0e35\\u0e22\\u0e30\\\",\\\"district\\\":\\\"\\u0e40\\u0e21\\u0e37\\u0e2d\\u0e07\\u0e40\\u0e0a\\u0e35\\u0e22\\u0e07\\u0e43\\u0e2b\\u0e21\\u0e48\\\",\\\"province\\\":\\\"\\u0e40\\u0e0a\\u0e35\\u0e22\\u0e07\\u0e43\\u0e2b\\u0e21\\u0e48\\\",\\\"post\\\":\\\"50100\\\"}\",\"target_bank\":\"TRU\",\"transfer_date\":\"2018-05-16\",\"transfer_time\":\"12:33\",\"transfer_amount\":\"300.00\",\"total_price\":300}', 'EMS'),
('0516NKPIB5', 250, 'SENT', '2018-05-16 02:03:23', 'EU473545631TH', 50, 0, NULL, '0516NKPIB5.jpeg', '{\"address\":\"{\\\"name\\\":\\\"\\u0e2d\\u0e19\\u0e38\\u0e27\\u0e31\\u0e15\\u0e23 \\u0e21\\u0e30\\u0e23\\u0e38\\u0e21\\u0e14\\u0e35\\\",\\\"tel\\\":\\\"0838917262\\\",\\\"home\\\":\\\"22\\\",\\\"place\\\":\\\"\\u0e0b\\u0e2d\\u0e22\\u0e2a\\u0e32\\u0e21\\u0e31\\u0e04\\u0e04\\u0e35\\u0e1e\\u0e31\\u0e12\\u0e19\\u0e32\\u0e41\\u0e22\\u0e015 \\u0e16\\u0e19\\u0e19\\u0e23\\u0e32\\u0e21\\u0e04\\u0e33\\u0e41\\u0e2b\\u0e07\\\",\\\"subdistrict\\\":\\\"\\u0e2b\\u0e31\\u0e27\\u0e2b\\u0e21\\u0e32\\u0e01\\\",\\\"district\\\":\\\"\\u0e1a\\u0e32\\u0e07\\u0e01\\u0e30\\u0e1b\\u0e34\\\",\\\"province\\\":\\\"\\u0e01\\u0e23\\u0e38\\u0e07\\u0e40\\u0e17\\u0e1e\\u0e21\\u0e2b\\u0e32\\u0e19\\u0e04\\u0e23\\\",\\\"post\\\":\\\"10240\\\"}\",\"target_bank\":\"KBA\",\"transfer_date\":\"2018-05-16\",\"transfer_time\":\"02:10\",\"transfer_amount\":\"240.00\",\"total_price\":240}', 'EMS'),
('0516O581BF', 246, 'SENT', '2018-05-16 01:11:11', 'EU473545680TH', 50, 0, NULL, '0516O581BF.jpg', '{\"address\":\"{\\\"name\\\":\\\"Mrp Woraphat\\\",\\\"tel\\\":\\\"0810365687\\\",\\\"home\\\":\\\"4\\\",\\\"place\\\":\\\"\\u0e15\\u0e36\\u0e01 14 \\u0e04\\u0e39\\u0e2b\\u0e32\\\",\\\"subdistrict\\\":\\\"\\u0e17\\u0e48\\u0e32\\u0e2d\\u0e34\\u0e10\\\",\\\"district\\\":\\\"\\u0e40\\u0e21\\u0e37\\u0e2d\\u0e07\\u0e2d\\u0e38\\u0e15\\u0e23\\u0e14\\u0e34\\u0e15\\u0e16\\u0e4c\\\",\\\"province\\\":\\\"\\u0e2d\\u0e38\\u0e15\\u0e23\\u0e14\\u0e34\\u0e15\\u0e16\\u0e4c\\\",\\\"post\\\":\\\"53000\\\"}\",\"target_bank\":\"SCB\",\"transfer_date\":\"2018-05-16\",\"transfer_time\":\"01:13\",\"transfer_amount\":\"430.00\",\"total_price\":430}', 'EMS'),
('0516QUQ7VO', 249, 'SENT', '2018-05-16 01:19:20', 'RB009409676TH', 30, 0, NULL, '0516QUQ7VO.jpg', '{\"address\":\"{\\\"name\\\":\\\"\\u0e19\\u0e2a.\\u0e13\\u0e31\\u0e10\\u0e19\\u0e34\\u0e0a\\u0e32 \\u0e2a\\u0e32\\u0e22\\u0e2a\\u0e38\\u0e27\\u0e23\\u0e23\\u0e13\\\",\\\"tel\\\":\\\"0972251554\\\",\\\"home\\\":\\\"133\\/15\\\",\\\"place\\\":\\\"2\\\",\\\"subdistrict\\\":\\\"\\u0e41\\u0e04\\u0e23\\u0e32\\u0e22\\\",\\\"district\\\":\\\"\\u0e01\\u0e23\\u0e30\\u0e17\\u0e38\\u0e48\\u0e21\\u0e41\\u0e1a\\u0e19\\\",\\\"province\\\":\\\"\\u0e2a\\u0e21\\u0e38\\u0e17\\u0e23\\u0e2a\\u0e32\\u0e04\\u0e23\\\",\\\"post\\\":\\\"74110\\\"}\",\"target_bank\":\"KBA\",\"transfer_date\":\"2018-05-16\",\"transfer_time\":\"01:23\",\"transfer_amount\":\"220.00\",\"total_price\":220}', 'REG'),
('0516S24TM0', 254, 'FAIL', '2018-05-16 05:52:41', NULL, 50, 0, NULL, NULL, '{\"total_price\":240}', 'EMS'),
('0516SAFESK', 259, 'SENT', '2018-05-16 06:40:54', 'EU47354591TH', 50, 0, NULL, '0516SAFESK.jpg', '{\"address\":\"{\\\"name\\\":\\\"\\u0e17\\u0e27\\u0e35\\u0e17\\u0e23\\u0e31\\u0e1e\\u0e22\\u0e4c \\u0e2d\\u0e34\\u0e19\\u0e40\\u0e25\\u0e35\\u0e49\\u0e22\\u0e07\\\",\\\"tel\\\":\\\"0985792351\\\",\\\"home\\\":\\\"39\\/19\\\",\\\"place\\\":\\\"\\u0e2b\\u0e19\\u0e2d\\u0e07\\u0e2b\\u0e27\\u0e49\\u0e32\\\",\\\"subdistrict\\\":\\\"\\u0e2b\\u0e49\\u0e27\\u0e22\\u0e42\\u0e1b\\u0e48\\u0e07\\\",\\\"district\\\":\\\"\\u0e40\\u0e21\\u0e37\\u0e2d\\u0e07\\u0e23\\u0e30\\u0e22\\u0e2d\\u0e07\\\",\\\"province\\\":\\\"\\u0e23\\u0e30\\u0e22\\u0e2d\\u0e07\\\",\\\"post\\\":\\\"21150\\\"}\",\"target_bank\":\"KBA\",\"transfer_date\":\"2018-05-16\",\"transfer_time\":\"06:31\",\"transfer_amount\":\"240240.00\",\"total_price\":240}', 'EMS');
INSERT INTO `order` (`order_code`, `customer_id`, `status`, `order_time`, `tracking_no`, `delivery_fee`, `discount`, `expire_time`, `payment_file`, `payment_detail`, `delivery_type`) VALUES
('0516VIZSZR', 228, 'SENT', '2018-05-16 11:24:03', 'EU473545614TH', 50, 0, NULL, '0516VIZSZR.png', '{\"address\":\"{\\\"name\\\":\\\"Nuttakun Butkaew\\\",\\\"tel\\\":\\\"0933805220\\\",\\\"home\\\":\\\"101 \\u0e21.8 \\\",\\\"place\\\":\\\"-\\\",\\\"subdistrict\\\":\\\"\\u0e1e\\u0e19\\u0e32\\\",\\\"district\\\":\\\"\\u0e1e\\u0e19\\u0e32\\\",\\\"province\\\":\\\"\\u0e2d\\u0e33\\u0e19\\u0e32\\u0e08\\u0e40\\u0e08\\u0e23\\u0e34\\u0e0d\\\",\\\"post\\\":\\\"37180\\\"}\",\"target_bank\":\"TRU\",\"transfer_date\":\"2018-05-16\",\"transfer_time\":\"11:29\",\"transfer_amount\":\"240.00\",\"total_price\":240}', 'EMS'),
('0516WD9QA7', 65, 'SENT', '2018-05-16 15:32:09', 'RB930525409TH', 30, 0, NULL, '0516WD9QA7.jpeg', '{\"address\":\"{\\\"name\\\":\\\"koi\\\",\\\"tel\\\":\\\"*\\\",\\\"home\\\":\\\"1273\\\",\\\"place\\\":\\\"\\u0e2d\\u0e48\\u0e2d\\u0e19\\u0e19\\u0e38\\u0e0a46\\\",\\\"subdistrict\\\":\\\"\\u0e2a\\u0e27\\u0e19\\u0e2b\\u0e25\\u0e27\\u0e07\\\",\\\"district\\\":\\\"\\u0e2a\\u0e27\\u0e19\\u0e2b\\u0e25\\u0e27\\u0e07\\\",\\\"province\\\":\\\"\\u0e01\\u0e23\\u0e38\\u0e07\\u0e40\\u0e17\\u0e1e\\u0e21\\u0e2b\\u0e32\\u0e19\\u0e04\\u0e23\\\",\\\"post\\\":\\\"10250\\\"}\",\"target_bank\":\"TRU\",\"transfer_date\":\"2018-05-16\",\"transfer_time\":\"15:35\",\"transfer_amount\":\"230.00\",\"total_price\":230}', 'REG'),
('0516YMHF1D', 125, 'SENT', '2018-05-16 01:20:31', 'EU473545557TH', 50, 0, NULL, '0516YMHF1D.jpg', '{\"address\":\"{\\\"name\\\":\\\"Norawat Piwkam\\\",\\\"tel\\\":\\\"0874547359\\\",\\\"home\\\":\\\"81\\/78 \\u0e2b\\u0e21\\u0e39\\u0e48\\u0e1a\\u0e49\\u0e32\\u0e19\\u0e1e\\u0e24\\u0e01\\u0e29\\u0e32116 \\u0e2b\\u0e21\\u0e39\\u0e482\\\",\\\"place\\\":\\\"-\\\",\\\"subdistrict\\\":\\\"\\u0e04\\u0e25\\u0e2d\\u0e07\\u0e2b\\u0e01\\\",\\\"district\\\":\\\"\\u0e04\\u0e25\\u0e2d\\u0e07\\u0e2b\\u0e25\\u0e27\\u0e07\\\",\\\"province\\\":\\\"\\u0e1b\\u0e17\\u0e38\\u0e21\\u0e18\\u0e32\\u0e19\\u0e35\\\",\\\"post\\\":\\\"12120\\\"}\",\"target_bank\":\"SCB\",\"transfer_date\":\"2018-05-16\",\"transfer_time\":\"01:26\",\"transfer_amount\":\"240.00\",\"total_price\":240}', 'EMS'),
('05175MTD2U', 272, 'SENT', '2018-05-17 07:09:50', 'EV050903330TH', 50, 0, NULL, '05175MTD2U.jpg', '{\"address\":\"{\\\"name\\\":\\\"\\u0e19\\u0e31\\u0e19\\u0e17\\u0e34\\u0e1e\\u0e23\\\",\\\"tel\\\":\\\"0992619860\\\",\\\"home\\\":\\\"64\\/2 \\u0e21.11\\\",\\\"place\\\":\\\"-\\\",\\\"subdistrict\\\":\\\"\\u0e42\\u0e1e\\u0e18\\u0e34\\u0e4c\\u0e40\\u0e01\\u0e49\\u0e32\\u0e15\\u0e49\\u0e19\\\",\\\"district\\\":\\\"\\u0e40\\u0e21\\u0e37\\u0e2d\\u0e07\\u0e25\\u0e1e\\u0e1a\\u0e38\\u0e23\\u0e35\\\",\\\"province\\\":\\\"\\u0e25\\u0e1e\\u0e1a\\u0e38\\u0e23\\u0e35\\\",\\\"post\\\":\\\"15000\\\"}\",\"target_bank\":\"TRU\",\"transfer_date\":\"2018-05-17\",\"transfer_time\":\"07:16\",\"transfer_amount\":\"250.00\",\"total_price\":250}', 'EMS'),
('0517BCTZNR', 65, 'SENT', '2018-05-17 14:30:36', 'RB537712612TH', 30, 0, NULL, '0517BCTZNR.jpeg', '{\"address\":\"{\\\"name\\\":\\\"\\u0e04\\u0e38\\u0e13\\u0e19\\u0e27\\u0e25\\u0e1e\\u0e23\\u0e23\\u0e13\\\",\\\"tel\\\":\\\"0632469959\\\",\\\"home\\\":\\\"121\\/36\\\",\\\"place\\\":\\\"\\u0e23\\u0e32\\u0e21\\u0e2d\\u0e34\\u0e19\\u0e17\\u0e23\\u0e32\\\",\\\"subdistrict\\\":\\\"\\u0e2d\\u0e19\\u0e38\\u0e2a\\u0e32\\u0e27\\u0e23\\u0e35\\u0e22\\u0e4c\\\",\\\"district\\\":\\\"\\u0e1a\\u0e32\\u0e07\\u0e40\\u0e02\\u0e19\\\",\\\"province\\\":\\\"\\u0e01\\u0e23\\u0e38\\u0e07\\u0e40\\u0e17\\u0e1e\\u0e21\\u0e2b\\u0e32\\u0e19\\u0e04\\u0e23\\\",\\\"post\\\":\\\"10220\\\"}\",\"target_bank\":\"TRU\",\"transfer_date\":\"2018-05-17\",\"transfer_time\":\"14:33\",\"transfer_amount\":\"430.00\",\"total_price\":430}', 'REG'),
('0517EB2XUX', 91, 'SENT', '2018-05-17 19:49:03', 'EV050907739TH', 50, 0, NULL, '0517EB2XUX.jpeg', '{\"address\":\"{\\\"name\\\":\\\"\\u0e19\\u0e1e\\u0e23\\u0e31\\u0e15\\u0e19\\u0e4c \\u0e08\\u0e31\\u0e19\\u0e17\\u0e23\\u0e4c\\u0e42\\u0e2a\\u0e20\\u0e32\\\",\\\"tel\\\":\\\"0839046504\\\",\\\"home\\\":\\\"71\\/291 \\u0e21.3\\\",\\\"place\\\":\\\"\\u0e0b\\u0e2d\\u0e22\\u0e40\\u0e25\\u0e35\\u0e22\\u0e1a\\u0e27\\u0e32\\u0e23\\u0e3525 \\u0e16\\u0e19\\u0e19\\u0e40\\u0e25\\u0e35\\u0e22\\u0e1a\\u0e27\\u0e32\\u0e23\\u0e35\\\",\\\"subdistrict\\\":\\\"\\u0e42\\u0e04\\u0e01\\u0e41\\u0e1d\\u0e14\\\",\\\"district\\\":\\\"\\u0e2b\\u0e19\\u0e2d\\u0e07\\u0e08\\u0e2d\\u0e01\\\",\\\"province\\\":\\\"\\u0e01\\u0e23\\u0e38\\u0e07\\u0e40\\u0e17\\u0e1e\\u0e21\\u0e2b\\u0e32\\u0e19\\u0e04\\u0e23\\\",\\\"post\\\":\\\"10530\\\"}\",\"target_bank\":\"BUA\",\"transfer_date\":\"2018-05-17\",\"transfer_time\":\"19:50\",\"transfer_amount\":\"2220.00\",\"total_price\":2220}', 'EMS'),
('051800EVHW', 277, 'SENT', '2018-05-18 21:50:20', 'EV235987531TH', 50, 0, NULL, '051800EVHW.JPG', '{\"address\":\"{\\\"name\\\":\\\"Surakiat Sukyoo\\\",\\\"tel\\\":\\\"0940891419\\\",\\\"home\\\":\\\"271\\/3 \\\",\\\"place\\\":\\\"\\u0e21.5\\\",\\\"subdistrict\\\":\\\"\\u0e44\\u0e1c\\u0e48\\u0e17\\u0e48\\u0e32\\u0e42\\u0e1e\\\",\\\"district\\\":\\\"\\u0e42\\u0e1e\\u0e18\\u0e34\\u0e4c\\u0e1b\\u0e23\\u0e30\\u0e17\\u0e31\\u0e1a\\u0e0a\\u0e49\\u0e32\\u0e07\\\",\\\"province\\\":\\\"\\u0e1e\\u0e34\\u0e08\\u0e34\\u0e15\\u0e23\\\",\\\"post\\\":\\\"66190\\\"}\",\"target_bank\":\"KBA\",\"transfer_date\":\"2018-05-18\",\"transfer_time\":\"21:55\",\"transfer_amount\":\"340.00\",\"total_price\":340}', 'EMS'),
('0518058HRF', 227, 'SENT', '2018-05-18 22:50:42', 'RB929785494TH', 30, 0, NULL, '0518058HRF.jpg', '{\"address\":\"{\\\"name\\\":\\\"\\u0e19\\u0e20\\u0e1e \\u0e28\\u0e35\\u0e25\\u0e30\\u0e2a\\u0e30\\u0e19\\u0e32\\\",\\\"tel\\\":\\\"0860500243\\\",\\\"home\\\":\\\"29\\/2\\\",\\\"place\\\":\\\"\\u0e16\\u0e19\\u0e19\\u0e1e\\u0e38\\u0e17\\u0e18\\u0e21\\u0e13\\u0e11\\u0e25\\u0e2a\\u0e32\\u0e223\\\",\\\"subdistrict\\\":\\\"\\u0e17\\u0e27\\u0e35\\u0e27\\u0e31\\u0e12\\u0e19\\u0e32\\\",\\\"district\\\":\\\"\\u0e17\\u0e27\\u0e35\\u0e27\\u0e31\\u0e12\\u0e19\\u0e32\\\",\\\"province\\\":\\\"\\u0e01\\u0e23\\u0e38\\u0e07\\u0e40\\u0e17\\u0e1e\\u0e21\\u0e2b\\u0e32\\u0e19\\u0e04\\u0e23\\\",\\\"post\\\":\\\"10170\\\"}\",\"target_bank\":\"KBA\",\"transfer_date\":\"2018-05-18\",\"transfer_time\":\"22:52\",\"transfer_amount\":\"180.00\",\"total_price\":180}', 'REG'),
('0518156OMB', 293, 'FAIL', '2018-05-18 22:50:12', NULL, 30, 0, NULL, NULL, '{\"total_price\":180}', 'REG'),
('05184NXUK4', 48, 'FAIL', '2018-05-18 21:55:05', NULL, 50, 0, NULL, NULL, '{\"total_price\":1700}', 'EMS'),
('05184ZYD5C', 304, 'FAIL', '2018-05-18 22:46:12', NULL, 50, 0, NULL, NULL, '{\"total_price\":150}', 'EMS'),
('05186UQGL5', 206, 'SENT', '2018-05-18 12:25:41', 'EV050907725TH', 50, 0, NULL, '05186UQGL5.jpeg', '{\"address\":\"{\\\"name\\\":\\\"\\u0e01\\u0e31\\u0e0d\\u0e08\\u0e19\\u0e4c \\u0e40\\u0e2a\\u0e37\\u0e2d\\u0e2a\\u0e01\\u0e38\\u0e25\\\",\\\"tel\\\":\\\"0865653808\\\",\\\"home\\\":\\\"588\\\",\\\"place\\\":\\\"\\u0e08\\u0e23\\u0e31\\u0e0d\\u0e2a\\u0e19\\u0e34\\u0e17\\u0e27\\u0e07\\u0e28\\u0e4c69\\\",\\\"subdistrict\\\":\\\"\\u0e1a\\u0e32\\u0e07\\u0e1e\\u0e25\\u0e31\\u0e14\\\",\\\"district\\\":\\\"\\u0e1a\\u0e32\\u0e07\\u0e1e\\u0e25\\u0e31\\u0e14\\\",\\\"province\\\":\\\"\\u0e01\\u0e23\\u0e38\\u0e07\\u0e40\\u0e17\\u0e1e\\u0e21\\u0e2b\\u0e32\\u0e19\\u0e04\\u0e23\\\",\\\"post\\\":\\\"10700\\\"}\",\"target_bank\":\"KBA\",\"transfer_date\":\"2018-05-18\",\"transfer_time\":\"12:27\",\"transfer_amount\":\"250.00\",\"total_price\":250}', 'EMS'),
('05187HSBK7', 179, 'FAIL', '2018-05-18 22:39:49', NULL, 30, 0, NULL, NULL, '{\"total_price\":460}', 'REG'),
('05187QE2UD', 318, 'FAIL', '2018-05-18 22:56:57', NULL, 30, 0, NULL, NULL, '{\"total_price\":180}', 'REG'),
('05187T5SN4', 291, 'SENT', '2018-05-18 22:44:48', 'EV235987576TH', 50, 0, NULL, '05187T5SN4.jpg', '{\"address\":\"{\\\"name\\\":\\\"\\u0e19\\u0e32\\u0e23\\u0e35\\u0e23\\u0e31\\u0e15\\u0e19\\u0e4c \\u0e40\\u0e0a\\u0e32\\u0e27\\u0e19\\u0e4c\\u0e27\\u0e34\\u0e27\\u0e31\\u0e12\\u0e19\\u0e4c\\\",\\\"tel\\\":\\\"0909671231\\\",\\\"home\\\":\\\"52\\/130\\\",\\\"place\\\":\\\"\\u0e2b\\u0e21\\u0e39\\u0e48\\u0e1a\\u0e49\\u0e32\\u0e19\\u0e1b\\u0e23\\u0e35\\u0e0a\\u0e32 \\u0e0b\\u0e2d\\u0e22 4\\/2 \\u0e16\\u0e19\\u0e19\\u0e2b\\u0e19\\u0e32\\u0e21\\u0e41\\u0e14\\u0e07\\\",\\\"subdistrict\\\":\\\"\\u0e1a\\u0e32\\u0e07\\u0e41\\u0e01\\u0e49\\u0e27\\\",\\\"district\\\":\\\"\\u0e1a\\u0e32\\u0e07\\u0e1e\\u0e25\\u0e35\\\",\\\"province\\\":\\\"\\u0e2a\\u0e21\\u0e38\\u0e17\\u0e23\\u0e1b\\u0e23\\u0e32\\u0e01\\u0e32\\u0e23\\\",\\\"post\\\":\\\"10540\\\"}\",\"target_bank\":\"KBA\",\"transfer_date\":\"2018-05-18\",\"transfer_time\":\"22:56\",\"transfer_amount\":\"340.00\",\"total_price\":340}', 'EMS'),
('051888H0TB', 233, 'SENT', '2018-05-18 22:48:50', 'RB929785503TH', 30, 0, NULL, '051888H0TB.jpg', '{\"address\":\"{\\\"name\\\":\\\"Krit Prayunwanich\\\",\\\"tel\\\":\\\"0876887888\\\",\\\"home\\\":\\\"443 \\u0e01\\u0e23\\u0e30\\u0e17\\u0e23\\u0e27\\u0e07\\u0e01\\u0e32\\u0e23\\u0e15\\u0e48\\u0e32\\u0e07\\u0e1b\\u0e23\\u0e30\\u0e40\\u0e17\\u0e28\\\",\\\"place\\\":\\\"\\u0e28\\u0e23\\u0e35\\u0e2d\\u0e22\\u0e38\\u0e18\\u0e22\\u0e32\\\",\\\"subdistrict\\\":\\\"\\u0e17\\u0e38\\u0e48\\u0e07\\u0e1e\\u0e0d\\u0e32\\u0e44\\u0e17\\\",\\\"district\\\":\\\"\\u0e23\\u0e32\\u0e0a\\u0e40\\u0e17\\u0e27\\u0e35\\\",\\\"province\\\":\\\"\\u0e01\\u0e23\\u0e38\\u0e07\\u0e40\\u0e17\\u0e1e\\u0e21\\u0e2b\\u0e32\\u0e19\\u0e04\\u0e23\\\",\\\"post\\\":\\\"10400\\\"}\",\"target_bank\":\"KTB\",\"transfer_date\":\"2018-05-18\",\"transfer_time\":\"22:54\",\"transfer_amount\":\"460.00\",\"total_price\":460}', 'REG'),
('0518892EBD', 303, 'FAIL', '2018-05-18 22:48:09', NULL, 30, 0, NULL, NULL, '{\"total_price\":170}', 'REG'),
('0518ARWV9G', 111, 'SENT', '2018-05-18 22:39:18', 'SIAM000616575', 50, 0, NULL, '0518ARWV9G.jpeg', '{\"address\":\"{\\\"name\\\":\\\"\\u0e01\\u0e24\\u0e15\\u0e20\\u0e32\\u0e2a \\u0e1c\\u0e48\\u0e2d\\u0e07\\u0e43\\u0e2a\\\",\\\"tel\\\":\\\"0910566218\\\",\\\"home\\\":\\\"409 \\u0e21.5\\\",\\\"place\\\":\\\"-\\\",\\\"subdistrict\\\":\\\"\\u0e23\\u0e2d\\u0e1a\\u0e40\\u0e21\\u0e37\\u0e2d\\u0e07\\\",\\\"district\\\":\\\"\\u0e40\\u0e21\\u0e37\\u0e2d\\u0e07\\u0e23\\u0e49\\u0e2d\\u0e22\\u0e40\\u0e2d\\u0e47\\u0e14\\\",\\\"province\\\":\\\"\\u0e23\\u0e49\\u0e2d\\u0e22\\u0e40\\u0e2d\\u0e47\\u0e14\\\",\\\"post\\\":\\\"45000\\\"}\",\"target_bank\":\"TRU\",\"transfer_date\":\"2018-05-18\",\"transfer_time\":\"22:40\",\"transfer_amount\":\"480.00\",\"total_price\":480}', 'EMS'),
('0518BVP9IH', 281, 'SENT', '2018-05-18 22:30:19', 'EV235987559TH', 50, 0, NULL, '0518BVP9IH.jpg', '{\"address\":\"{\\\"name\\\":\\\"\\u0e13\\u0e31\\u0e10\\u0e14\\u0e19\\u0e31\\u0e22 \\u0e01\\u0e32\\u0e07\\u0e01\\u0e23\\u0e13\\u0e4c\\\",\\\"tel\\\":\\\"082 3539553\\\",\\\"home\\\":\\\"308\\\",\\\"place\\\":\\\" 2 \\u0e16.\\u0e23\\u0e32\\u0e21\\u0e40\\u0e14\\u0e42\\u0e0a\\\",\\\"subdistrict\\\":\\\"\\u0e17\\u0e30\\u0e40\\u0e25\\u0e0a\\u0e38\\u0e1a\\u0e28\\u0e23\\\",\\\"district\\\":\\\"\\u0e40\\u0e21\\u0e37\\u0e2d\\u0e07\\u0e25\\u0e1e\\u0e1a\\u0e38\\u0e23\\u0e35\\\",\\\"province\\\":\\\"\\u0e25\\u0e1e\\u0e1a\\u0e38\\u0e23\\u0e35\\\",\\\"post\\\":\\\"15000\\\"}\",\"target_bank\":\"KTB\",\"transfer_date\":\"2018-05-18\",\"transfer_time\":\"23:37\",\"transfer_amount\":\"380.00\",\"total_price\":380}', 'EMS'),
('0518DYMVDB', 278, 'SENT', '2018-05-18 22:05:06', 'RB929785548TH', 30, 0, NULL, '0518DYMVDB.JPG', '{\"address\":\"{\\\"name\\\":\\\"\\u0e1e\\u0e34\\u0e23\\u0e34\\u0e22\\u0e32\\u0e01\\u0e23 \\u0e2d\\u0e19\\u0e31\\u0e19\\u0e15\\u0e4c\\u0e19\\u0e32\\u0e27\\u0e35\\u0e19\\u0e38\\u0e2a\\u0e23\\u0e13\\u0e4c\\\",\\\"tel\\\":\\\"0835869190\\\",\\\"home\\\":\\\"88 \\u0e2b\\u0e21\\u0e39\\u0e48 4\\\",\\\"place\\\":\\\"\\u0e2b\\u0e49\\u0e27\\u0e22\\u0e01\\u0e30\\u0e1b\\u0e3412\\\",\\\"subdistrict\\\":\\\"\\u0e2b\\u0e49\\u0e27\\u0e22\\u0e01\\u0e30\\u0e1b\\u0e34\\\",\\\"district\\\":\\\"\\u0e40\\u0e21\\u0e37\\u0e2d\\u0e07\\u0e0a\\u0e25\\u0e1a\\u0e38\\u0e23\\u0e35\\\",\\\"province\\\":\\\"\\u0e0a\\u0e25\\u0e1a\\u0e38\\u0e23\\u0e35\\\",\\\"post\\\":\\\"20130\\\"}\",\"target_bank\":\"KBA\",\"transfer_date\":\"2018-05-18\",\"transfer_time\":\"22:11\",\"transfer_amount\":\"310.00\",\"total_price\":310}', 'REG'),
('0518EGY0ZD', 291, 'FAIL', '2018-05-18 22:40:59', NULL, 50, 0, NULL, NULL, '{\"total_price\":200}', 'EMS'),
('0518G2LHMA', 319, 'FAIL', '2018-05-18 22:58:20', NULL, 30, 0, NULL, NULL, '{\"total_price\":180}', 'REG'),
('0518HYJ3ZF', 216, 'SENT', '2018-05-18 22:53:33', 'EV235987505TH', 50, 0, NULL, '0518HYJ3ZF.jpg', '{\"address\":\"{\\\"name\\\":\\\"Ball Pongsapak\\\",\\\"tel\\\":\\\"0612867686\\\",\\\"home\\\":\\\"9\\/5 \\u0e2b\\u0e21\\u0e39\\u0e48.3\\\",\\\"place\\\":\\\"\\u0e1b\\u0e48\\u0e32\\u0e41\\u0e14\\u0e14\\\",\\\"subdistrict\\\":\\\"\\u0e1b\\u0e48\\u0e32\\u0e41\\u0e14\\u0e14\\\",\\\"district\\\":\\\"\\u0e40\\u0e21\\u0e37\\u0e2d\\u0e07\\u0e40\\u0e0a\\u0e35\\u0e22\\u0e07\\u0e43\\u0e2b\\u0e21\\u0e48\\\",\\\"province\\\":\\\"\\u0e40\\u0e0a\\u0e35\\u0e22\\u0e07\\u0e43\\u0e2b\\u0e21\\u0e48\\\",\\\"post\\\":\\\"50100\\\"}\",\"target_bank\":\"TRU\",\"transfer_date\":\"2561-05-18\",\"transfer_time\":\"22:55\",\"transfer_amount\":\"480.00\",\"total_price\":480}', 'EMS'),
('0518IDX12F', 48, 'FAIL', '2018-05-18 22:19:27', NULL, 50, 0, NULL, NULL, '{\"total_price\":850}', 'EMS'),
('0518J30JOF', 306, 'SENT', '2018-05-18 22:48:45', 'RB929785477TH', 30, 0, NULL, '0518J30JOF.jpg', '{\"address\":\"{\\\"name\\\":\\\"\\u0e04\\u0e19\\u0e36\\u0e07 \\u0e1c\\u0e32\\u0e23\\u0e34\\u0e19\\u0e17\\u0e23\\u0e4c\\\",\\\"tel\\\":\\\"0856268910\\\",\\\"home\\\":\\\"7\\\",\\\"place\\\":\\\"-\\\",\\\"subdistrict\\\":\\\"\\u0e2b\\u0e19\\u0e2d\\u0e07\\u0e08\\u0e4a\\u0e2d\\u0e21\\\",\\\"district\\\":\\\"\\u0e2a\\u0e31\\u0e19\\u0e17\\u0e23\\u0e32\\u0e22\\\",\\\"province\\\":\\\"\\u0e40\\u0e0a\\u0e35\\u0e22\\u0e07\\u0e43\\u0e2b\\u0e21\\u0e48\\\",\\\"post\\\":\\\"50210\\\"}\",\"target_bank\":\"KBA\",\"transfer_date\":\"2018-05-18\",\"transfer_time\":\"22:54\",\"transfer_amount\":\"170.00\",\"total_price\":170}', 'REG'),
('0518JM9V95', 290, 'SENT', '2018-05-18 22:39:27', 'RB929785534TH', 30, 0, NULL, '0518JM9V95.jpg', '{\"address\":\"{\\\"name\\\":\\\"\\u0e28\\u0e23\\u0e31\\u0e13\\u0e22\\u0e4c\\u0e1e\\u0e23 \\u0e42\\u0e1e\\u0e18\\u0e34\\u0e01\\u0e38\\u0e25\\\",\\\"tel\\\":\\\"0918404208\\\",\\\"home\\\":\\\"394\\/1 \\u0e2b\\u0e21\\u0e39\\u0e485 \\\",\\\"place\\\":\\\"-\\\",\\\"subdistrict\\\":\\\"\\u0e2b\\u0e19\\u0e2d\\u0e07\\u0e44\\u0e1c\\u0e48\\\",\\\"district\\\":\\\"\\u0e2b\\u0e19\\u0e2d\\u0e07\\u0e44\\u0e1c\\u0e48\\\",\\\"province\\\":\\\"\\u0e40\\u0e1e\\u0e0a\\u0e23\\u0e1a\\u0e39\\u0e23\\u0e13\\u0e4c\\\",\\\"post\\\":\\\"67140\\\"}\",\"target_bank\":\"SCB\",\"transfer_date\":\"2018-05-18\",\"transfer_time\":\"22:43\",\"transfer_amount\":\"170.00\",\"total_price\":170}', 'REG'),
('0518LOFOSV', 315, 'SENT', '2018-05-18 22:53:31', 'EV235987580TH', 50, 0, NULL, '0518LOFOSV.png', '{\"address\":\"{\\\"name\\\":\\\"Supawit PuthrasajaTom\\\",\\\"tel\\\":\\\"0631588840\\\",\\\"home\\\":\\\"20\\/2 \\u0e2b\\u0e21\\u0e39\\u0e48 18 \\u0e15.\\u0e1a\\u0e32\\u0e07\\u0e41\\u0e21\\u0e48\\u0e19\\u0e32\\u0e07 \\u0e2d.\\u0e1a\\u0e32\\u0e07\\u0e43\\u0e2b\\u0e0d\\u0e48 \\u0e08.\\u0e19\\u0e19\\u0e17\\u0e1a\\u0e38\\u0e23\\u0e35\\\",\\\"place\\\":\\\"-\\\",\\\"subdistrict\\\":\\\"\\u0e1a\\u0e32\\u0e07\\u0e41\\u0e21\\u0e48\\u0e19\\u0e32\\u0e07\\\",\\\"district\\\":\\\"\\u0e1a\\u0e32\\u0e07\\u0e43\\u0e2b\\u0e0d\\u0e48\\\",\\\"province\\\":\\\"\\u0e19\\u0e19\\u0e17\\u0e1a\\u0e38\\u0e23\\u0e35\\\",\\\"post\\\":\\\"11140\\\"}\",\"target_bank\":\"SCB\",\"transfer_date\":\"2018-05-18\",\"transfer_time\":\"22:56\",\"transfer_amount\":\"200.00\",\"total_price\":200}', 'EMS'),
('0518LUUNVJ', 305, 'SENT', '2018-05-18 22:49:16', 'EV235987514TH', 50, 0, NULL, '0518LUUNVJ.jpg', '{\"address\":\"{\\\"name\\\":\\\"\\u0e18\\u0e34\\u0e15\\u0e34\\u0e1e\\u0e25 \\u0e1e\\u0e38\\u0e17\\u0e18\\u0e0a\\u0e31\\u0e22\\u0e22\\u0e07\\u0e04\\u0e4c\\\",\\\"tel\\\":\\\"0891998113\\\",\\\"home\\\":\\\"331\\\",\\\"place\\\":\\\"\\u0e16\\u0e19\\u0e19\\u0e40\\u0e2d\\u0e01\\u0e0a\\u0e31\\u0e22\\\",\\\"subdistrict\\\":\\\"\\u0e1a\\u0e32\\u0e07\\u0e1a\\u0e2d\\u0e19\\\",\\\"district\\\":\\\"\\u0e1a\\u0e32\\u0e07\\u0e1a\\u0e2d\\u0e19\\\",\\\"province\\\":\\\"\\u0e01\\u0e23\\u0e38\\u0e07\\u0e40\\u0e17\\u0e1e\\u0e2f\\\",\\\"post\\\":\\\"10150\\\"}\",\"target_bank\":\"KBA\",\"transfer_date\":\"2018-05-18\",\"transfer_time\":\"22:54\",\"transfer_amount\":\"1350.00\",\"total_price\":1350}', 'EMS'),
('0518MEEEND', 310, 'FAIL', '2018-05-18 22:50:07', NULL, 30, 0, NULL, NULL, '{\"total_price\":180}', 'REG'),
('0518MQZ0XK', 295, 'SENT', '2018-05-18 22:42:37', 'EV235987593TH', 50, 0, NULL, '0518MQZ0XK.jpg', '{\"address\":\"{\\\"name\\\":\\\"\\u0e10\\u0e34\\u0e15\\u0e34\\u0e27\\u0e31\\u0e12\\u0e19\\u0e4c \\u0e19\\u0e34\\u0e15\\u0e34\\u0e28\\u0e34\\u0e23\\u0e34\\\",\\\"tel\\\":\\\"0879506200\\\",\\\"home\\\":\\\"117 \\u0e2b\\u0e21\\u0e39\\u0e488\\\",\\\"place\\\":\\\"-\\\",\\\"subdistrict\\\":\\\"\\u0e40\\u0e0a\\u0e35\\u0e22\\u0e07\\u0e22\\u0e37\\u0e19\\\",\\\"district\\\":\\\"\\u0e40\\u0e21\\u0e37\\u0e2d\\u0e07\\u0e2d\\u0e38\\u0e14\\u0e23\\u0e18\\u0e32\\u0e19\\u0e35\\\",\\\"province\\\":\\\"\\u0e2d\\u0e38\\u0e14\\u0e23\\u0e18\\u0e32\\u0e19\\u0e35\\\",\\\"post\\\":\\\"41000\\\"}\",\"target_bank\":\"SCB\",\"transfer_date\":\"2018-05-18\",\"transfer_time\":\"22:45\",\"transfer_amount\":\"200.00\",\"total_price\":200}', 'EMS'),
('0518NN3RZH', 48, 'FAIL', '2018-05-18 22:20:18', NULL, 50, 0, NULL, NULL, '{\"total_price\":1350}', 'EMS'),
('0518O3S995', 210, 'SENT', '2018-05-18 22:17:26', 'EV235987545TH', 50, 0, NULL, '0518O3S995.png', '{\"address\":\"{\\\"name\\\":\\\"Settawut Timinkul\\\",\\\"tel\\\":\\\"0979385661\\\",\\\"home\\\":\\\"389\\/125\\\",\\\"place\\\":\\\"5\\\",\\\"subdistrict\\\":\\\"\\u0e41\\u0e21\\u0e48\\u0e40\\u0e2b\\u0e35\\u0e22\\u0e30\\\",\\\"district\\\":\\\"\\u0e40\\u0e21\\u0e37\\u0e2d\\u0e07\\u0e40\\u0e0a\\u0e35\\u0e22\\u0e07\\u0e43\\u0e2b\\u0e21\\u0e48\\\",\\\"province\\\":\\\"\\u0e40\\u0e0a\\u0e35\\u0e22\\u0e07\\u0e43\\u0e2b\\u0e21\\u0e48\\\",\\\"post\\\":\\\"50100\\\"}\",\"target_bank\":\"BUA\",\"transfer_date\":\"2561-05-18\",\"transfer_time\":\"22:19\",\"transfer_amount\":\"480.00\",\"total_price\":480}', 'EMS'),
('0518S9PCPW', 65, 'FAIL', '2018-05-18 22:53:04', NULL, 30, 0, NULL, NULL, '{\"total_price\":850}', 'REG'),
('0518U7JJSI', 297, 'SENT', '2018-05-18 22:44:23', 'EV235987647TH', 50, 0, NULL, '0518U7JJSI.JPG', '{\"address\":\"{\\\"name\\\":\\\"\\u0e08\\u0e15\\u0e38\\u0e23\\u0e1e\\u0e23 \\u0e0a\\u0e48\\u0e2d\\u0e1a\\u0e38\\u0e0d\\u0e19\\u0e32\\u0e04\\\",\\\"tel\\\":\\\"0932509977\\\",\\\"home\\\":\\\"11\\\",\\\"place\\\":\\\"\\u0e0b.\\u0e2d\\u0e21\\u0e23\\u0e40\\u0e14\\u0e0a 6 \\u0e16.\\u0e2d\\u0e21\\u0e23\\u0e40\\u0e14\\u0e0a \\\",\\\"subdistrict\\\":\\\"\\u0e1b\\u0e32\\u0e01\\u0e19\\u0e49\\u0e33\\\",\\\"district\\\":\\\"\\u0e40\\u0e21\\u0e37\\u0e2d\\u0e07\\u0e2a\\u0e21\\u0e38\\u0e17\\u0e23\\u0e1b\\u0e23\\u0e32\\u0e01\\u0e32\\u0e23\\\",\\\"province\\\":\\\"\\u0e2a\\u0e21\\u0e38\\u0e17\\u0e23\\u0e1b\\u0e23\\u0e32\\u0e01\\u0e32\\u0e23\\\",\\\"post\\\":\\\"10270\\\"}\",\"target_bank\":\"SCB\",\"transfer_date\":\"2561-05-18\",\"transfer_time\":\"22:45\",\"transfer_amount\":\"190.00\",\"total_price\":190}', 'EMS'),
('0518UXR9CH', 324, 'FAIL', '2018-05-18 23:22:07', NULL, 50, 0, NULL, NULL, '{\"total_price\":300}', 'EMS'),
('0518VI3L8X', 270, 'SENT', '2018-05-18 22:48:52', 'EV235987528TH', 50, 0, NULL, '0518VI3L8X.png', '{\"address\":\"{\\\"name\\\":\\\"\\u0e18\\u0e19\\u0e34\\u0e29\\u0e10\\u0e32 \\u0e40\\u0e15\\u0e0a\\u0e30\\u0e19\\u0e34\\u0e22\\u0e21\\\",\\\"tel\\\":\\\"083-632-6444\\\",\\\"home\\\":\\\"4\\\",\\\"place\\\":\\\"\\u0e16.\\u0e19\\u0e34\\u0e21\\u0e34\\u0e15\\u0e23 \\u0e0b.1\\\",\\\"subdistrict\\\":\\\"\\u0e15\\u0e25\\u0e32\\u0e14\\u0e43\\u0e2b\\u0e0d\\u0e48\\\",\\\"district\\\":\\\"\\u0e40\\u0e21\\u0e37\\u0e2d\\u0e07\\u0e20\\u0e39\\u0e40\\u0e01\\u0e47\\u0e15\\\",\\\"province\\\":\\\"\\u0e20\\u0e39\\u0e40\\u0e01\\u0e47\\u0e15\\\",\\\"post\\\":\\\"83000\\\"}\",\"target_bank\":\"SCB\",\"transfer_date\":\"2018-05-18\",\"transfer_time\":\"22:50\",\"transfer_amount\":\"480.00\",\"total_price\":480}', 'EMS'),
('0518ZEQ1BU', 307, 'FAIL', '2018-05-18 22:48:23', NULL, 30, 0, NULL, NULL, '{\"total_price\":170}', 'REG'),
('051910J04D', 327, 'SENT', '2018-05-19 21:40:02', 'EV235993041TH', 50, 0, NULL, '051910J04D.jpg', '{\"address\":\"{\\\"name\\\":\\\"IceBear Coke\\\",\\\"tel\\\":\\\"085-3867814\\\",\\\"home\\\":\\\"17\\/4 \\u0e21.3\\\",\\\"place\\\":\\\"-\\\",\\\"subdistrict\\\":\\\"\\u0e04\\u0e25\\u0e2d\\u0e07\\u0e43\\u0e2b\\u0e0d\\u0e48\\\",\\\"district\\\":\\\"\\u0e04\\u0e25\\u0e2d\\u0e07\\u0e43\\u0e2b\\u0e0d\\u0e48\\\",\\\"province\\\":\\\"\\u0e15\\u0e23\\u0e32\\u0e14\\\",\\\"post\\\":\\\"23110\\\"}\",\"target_bank\":\"KBA\",\"transfer_date\":\"2561-05-19\",\"transfer_time\":\"21:58\",\"transfer_amount\":\"950.00\",\"total_price\":950}', 'EMS'),
('051914D6L8', 210, 'SENT', '2018-05-19 13:22:01', 'EV235987602TH', 50, 0, NULL, '051914D6L8.png', '{\"address\":\"{\\\"name\\\":\\\"Settawut Timinkul\\\",\\\"tel\\\":\\\"0979385661\\\",\\\"home\\\":\\\"389\\/125\\\",\\\"place\\\":\\\"5\\\",\\\"subdistrict\\\":\\\"\\u0e41\\u0e21\\u0e48\\u0e40\\u0e2b\\u0e35\\u0e22\\u0e30\\\",\\\"district\\\":\\\"\\u0e40\\u0e21\\u0e37\\u0e2d\\u0e07\\u0e40\\u0e0a\\u0e35\\u0e22\\u0e07\\u0e43\\u0e2b\\u0e21\\u0e48\\\",\\\"province\\\":\\\"\\u0e40\\u0e0a\\u0e35\\u0e22\\u0e07\\u0e43\\u0e2b\\u0e21\\u0e48\\\",\\\"post\\\":\\\"50100\\\"}\",\"target_bank\":\"BUA\",\"transfer_date\":\"2018-05-19\",\"transfer_time\":\"13:24\",\"transfer_amount\":\"300.00\",\"total_price\":300}', 'EMS'),
('051934GNWI', 287, 'SENT', '2018-05-19 22:45:18', 'EV235993007TH', 50, 0, NULL, '051934GNWI.jpeg', '{\"address\":\"{\\\"name\\\":\\\"\\u0e2d\\u0e23\\u0e23\\u0e16\\u0e1e\\u0e25 \\u0e1b\\u0e38\\u0e13\\u0e11\\u0e23\\u0e34\\u0e01\\u0e1e\\u0e31\\u0e19\\u0e18\\u0e4c\\\",\\\"tel\\\":\\\"0814210366\\\",\\\"home\\\":\\\"56\\\",\\\"place\\\":\\\"\\u0e16.\\u0e40\\u0e09\\u0e25\\u0e34\\u0e21\\u0e1e\\u0e23\\u0e30\\u0e40\\u0e01\\u0e35\\u0e22\\u0e23\\u0e15\\u0e34 \\u0e23.9 \\u0e0b.9 \\u0e41\\u0e22\\u0e011\\\",\\\"subdistrict\\\":\\\"\\u0e2b\\u0e19\\u0e2d\\u0e07\\u0e1a\\u0e2d\\u0e19\\\",\\\"district\\\":\\\"\\u0e1b\\u0e23\\u0e30\\u0e40\\u0e27\\u0e28\\\",\\\"province\\\":\\\"\\u0e01\\u0e23\\u0e38\\u0e07\\u0e40\\u0e17\\u0e1e\\\",\\\"post\\\":\\\"10250\\\"}\",\"target_bank\":\"KBA\",\"transfer_date\":\"2018-05-19\",\"transfer_time\":\"22:54\",\"transfer_amount\":\"420.00\",\"total_price\":420}', 'EMS'),
('05195MMVGW', 338, 'SENT', '2018-05-19 02:48:30', 'EV235987620TH', 50, 0, NULL, '05195MMVGW.jpeg', '{\"address\":\"{\\\"name\\\":\\\"Chanwit Yamsang\\\",\\\"tel\\\":\\\"0970021288\\\",\\\"home\\\":\\\"7\\/1\\\",\\\"place\\\":\\\"\\u0e16\\u0e19\\u0e19\\u0e40\\u0e22\\u0e47\\u0e19\\u0e2d\\u0e32\\u0e01\\u0e32\\u0e28\\\",\\\"subdistrict\\\":\\\"\\u0e0a\\u0e48\\u0e2d\\u0e07\\u0e19\\u0e19\\u0e17\\u0e23\\u0e35\\\",\\\"district\\\":\\\"\\u0e22\\u0e32\\u0e19\\u0e19\\u0e32\\u0e27\\u0e32\\\",\\\"province\\\":\\\"\\u0e01\\u0e23\\u0e38\\u0e07\\u0e40\\u0e17\\u0e1e\\u0e21\\u0e2b\\u0e32\\u0e19\\u0e04\\u0e23\\\",\\\"post\\\":\\\"10120\\\"}\",\"target_bank\":\"KBA\",\"transfer_date\":\"2018-05-19\",\"transfer_time\":\"02:50\",\"transfer_amount\":\"340.00\",\"total_price\":340}', 'EMS'),
('051964V2OX', 346, 'FAIL', '2018-05-19 06:43:21', NULL, 30, 0, NULL, NULL, '{\"total_price\":320}', 'REG'),
('05196CVPL1', 376, 'FAIL', '2018-05-19 22:44:57', NULL, 50, 0, NULL, NULL, '{\"total_price\":420}', 'EMS'),
('05196KMWC4', 355, 'FAIL', '2018-05-19 08:51:56', NULL, 50, 0, NULL, NULL, '{\"total_price\":200}', 'EMS'),
('05198KQ6Q1', 346, 'SENT', '2018-05-19 06:48:31', 'RB929785525TH', 30, 0, NULL, '05198KQ6Q1.jpeg', '{\"address\":\"{\\\"name\\\":\\\"\\u0e28\\u0e23\\u0e31\\u0e13\\u0e22\\u0e4c\\u0e0d\\u0e32 \\u0e09\\u0e32\\u0e22\\u0e28\\u0e34\\u0e23\\u0e34\\\",\\\"tel\\\":\\\"0828599339\\\",\\\"home\\\":\\\"189 \\u0e21.2\\\",\\\"place\\\":\\\"-\\\",\\\"subdistrict\\\":\\\"\\u0e1a\\u0e49\\u0e32\\u0e19\\u0e40\\u0e2a\\u0e14\\u0e47\\u0e08\\\",\\\"district\\\":\\\"\\u0e40\\u0e21\\u0e37\\u0e2d\\u0e07\\u0e25\\u0e33\\u0e1b\\u0e32\\u0e07\\\",\\\"province\\\":\\\"\\u0e25\\u0e33\\u0e1b\\u0e32\\u0e07\\\",\\\"post\\\":\\\"52000\\\"}\",\"target_bank\":\"KTB\",\"transfer_date\":\"2018-05-19\",\"transfer_time\":\"06:50\",\"transfer_amount\":\"460.00\",\"total_price\":460}', 'REG'),
('05198M1231', 399, 'FAIL', '2018-05-19 23:56:20', NULL, 50, 0, NULL, NULL, '{\"total_price\":420}', 'EMS'),
('05199S33XW', 124, 'FAIL', '2018-05-19 15:13:21', NULL, 50, 0, NULL, NULL, '{\"total_price\":300}', 'EMS'),
('0519AFNGI7', 380, 'SENT', '2018-05-19 23:02:52', 'EV235993015TH', 50, 0, NULL, '0519AFNGI7.png', '{\"address\":\"{\\\"name\\\":\\\"Tarathan Kamthonvorarin\\\",\\\"tel\\\":\\\"085-8258044\\\",\\\"home\\\":\\\"90\\/20-21 \\\",\\\"place\\\":\\\"\\u0e21.2 \\u0e16.\\u0e23\\u0e31\\u0e01\\u0e28\\u0e31\\u0e01\\u0e14\\u0e34\\u0e4c\\u0e0a\\u0e21\\u0e39\\u0e25\\\",\\\"subdistrict\\\":\\\"\\u0e17\\u0e48\\u0e32\\u0e0a\\u0e49\\u0e32\\u0e07\\\",\\\"district\\\":\\\"\\u0e40\\u0e21\\u0e37\\u0e2d\\u0e07\\u0e08\\u0e31\\u0e19\\u0e17\\u0e1a\\u0e38\\u0e23\\u0e35\\\",\\\"province\\\":\\\"\\u0e08\\u0e31\\u0e19\\u0e17\\u0e1a\\u0e38\\u0e23\\u0e35\\\",\\\"post\\\":\\\"22000\\\"}\",\"target_bank\":\"KBA\",\"transfer_date\":\"2018-05-19\",\"transfer_time\":\"23:08\",\"transfer_amount\":\"420.00\",\"total_price\":420}', 'EMS'),
('0519B03EW5', 335, 'FAIL', '2018-05-19 01:48:23', NULL, 50, 0, NULL, NULL, '{\"total_price\":190}', 'EMS'),
('0519BQ7NGG', 378, 'SENT', '2018-05-19 23:08:23', 'EV235992956TH', 50, 0, NULL, '0519BQ7NGG.jpeg', '{\"address\":\"{\\\"name\\\":\\\"\\u0e28\\u0e35\\u0e25\\u0e27\\u0e31\\u0e15 \\u0e27\\u0e07\\u0e28\\u0e4c\\u0e23\\u0e32\\u0e0a\\u0e32\\\",\\\"tel\\\":\\\"0624061043\\\",\\\"home\\\":\\\"\\u0e1a\\u0e49\\u0e32\\u0e19\\u0e40\\u0e25\\u0e02\\u0e17\\u0e35\\u0e48 36 \\\",\\\"place\\\":\\\"\\u0e2b\\u0e21\\u0e39\\u0e48 8 \\u0e1a\\u0e49\\u0e32\\u0e19\\u0e1a\\u0e48\\u0e2d\\u0e14\\u0e2d\\u0e01\\u0e0b\\u0e49\\u0e2d\\u0e19\\\",\\\"subdistrict\\\":\\\"\\u0e1e\\u0e23\\u0e30\\u0e0b\\u0e2d\\u0e07\\\",\\\"district\\\":\\\"\\u0e19\\u0e32\\u0e41\\u0e01\\\",\\\"province\\\":\\\"\\u0e19\\u0e04\\u0e23\\u0e1e\\u0e19\\u0e21\\\",\\\"post\\\":\\\"48130\\\"}\",\"target_bank\":\"KTB\",\"transfer_date\":\"2018-05-19\",\"transfer_time\":\"23:12\",\"transfer_amount\":\"420.00\",\"total_price\":420}', 'EMS'),
('0519C4ACR3', 339, 'SENT', '2018-05-19 03:06:41', 'EV235987562TH', 50, 0, NULL, '0519C4ACR3.jpeg', '{\"address\":\"{\\\"name\\\":\\\"\\u0e19\\u0e32\\u0e22 \\u0e18\\u0e19\\u0e1e\\u0e31\\u0e0a\\u0e23\\u0e4c \\u0e42\\u0e2a\\u0e20\\u0e32\\u0e1e\\u0e31\\u0e17\\u0e18\\u0e4c\\u0e2a\\u0e01\\u0e38\\u0e25\\\",\\\"tel\\\":\\\"0633134337\\\",\\\"home\\\":\\\"389\\/5\\\",\\\"place\\\":\\\"\\u0e40\\u0e13\\u0e23\\u0e41\\u0e01\\u0e49\\u0e27 \\u0e0b\\u0e2d\\u0e2212\\\",\\\"subdistrict\\\":\\\"\\u0e17\\u0e48\\u0e32\\u0e23\\u0e30\\u0e2b\\u0e31\\u0e14\\\",\\\"district\\\":\\\"\\u0e40\\u0e21\\u0e37\\u0e2d\\u0e07\\u0e2a\\u0e38\\u0e1e\\u0e23\\u0e23\\u0e13\\u0e1a\\u0e38\\u0e23\\u0e35\\\",\\\"province\\\":\\\"\\u0e2a\\u0e38\\u0e1e\\u0e23\\u0e23\\u0e13\\u0e1a\\u0e38\\u0e23\\u0e35\\\",\\\"post\\\":\\\"72000\\\"}\",\"target_bank\":\"SCB\",\"transfer_date\":\"2018-05-19\",\"transfer_time\":\"03:12\",\"transfer_amount\":\"340.00\",\"total_price\":340}', 'EMS'),
('0519C6VTQ8', 359, 'SENT', '2018-05-19 09:59:54', 'RB929785565TH', 30, 0, NULL, '0519C6VTQ8.jpeg', '{\"address\":\"{\\\"name\\\":\\\"Phatcharaporn Thisarak (\\u0e1b\\u0e38\\u0e22)\\\",\\\"tel\\\":\\\"0965767664\\\",\\\"home\\\":\\\"19 \\u0e2b\\u0e21\\u0e39\\u0e48 11 \\u0e1a.\\u0e43\\u0e2b\\u0e21\\u0e48\\u0e08\\u0e2d\\u0e21\\u0e41\\u0e15\\u0e07\\\",\\\"place\\\":\\\"-\\\",\\\"subdistrict\\\":\\\"\\u0e2a\\u0e31\\u0e19\\u0e42\\u0e1b\\u0e48\\u0e07\\\",\\\"district\\\":\\\"\\u0e41\\u0e21\\u0e48\\u0e23\\u0e34\\u0e21\\\",\\\"province\\\":\\\"\\u0e40\\u0e0a\\u0e35\\u0e22\\u0e07\\u0e43\\u0e2b\\u0e21\\u0e48\\\",\\\"post\\\":\\\"50180\\\"}\",\"target_bank\":\"SCB\",\"transfer_date\":\"2018-05-19\",\"transfer_time\":\"10:02\",\"transfer_amount\":\"170.00\",\"total_price\":170}', 'REG'),
('0519CSNCA0', 353, 'SENT', '2018-05-19 08:12:29', 'RB929785485TH', 30, 0, NULL, '0519CSNCA0.jpg', '{\"address\":\"{\\\"name\\\":\\\"Newton StJan\\\",\\\"tel\\\":\\\"0618029282\\\",\\\"home\\\":\\\"28\\/4\\\",\\\"place\\\":\\\"-\\\",\\\"subdistrict\\\":\\\"\\u0e27\\u0e31\\u0e07\\u0e2b\\u0e21\\u0e31\\u0e19\\\",\\\"district\\\":\\\"\\u0e2a\\u0e32\\u0e21\\u0e40\\u0e07\\u0e32\\\",\\\"province\\\":\\\"\\u0e15\\u0e32\\u0e01\\\",\\\"post\\\":\\\"63130\\\"}\",\"target_bank\":\"TRU\",\"transfer_date\":\"2018-05-19\",\"transfer_time\":\"08:15\",\"transfer_amount\":\"320.00\",\"total_price\":320}', 'REG'),
('0519EOBQ25', 332, 'FAIL', '2018-05-19 01:05:19', NULL, 30, 0, NULL, NULL, '{\"total_price\":170}', 'REG'),
('0519EWYIES', 356, 'FAIL', '2018-05-19 09:41:57', NULL, 50, 0, NULL, NULL, '{\"total_price\":190}', 'EMS'),
('0519FADYJ5', 364, 'SENT', '2018-05-19 13:54:24', 'EV235987633TH', 50, 0, NULL, '0519FADYJ5.jpg', '{\"address\":\"{\\\"name\\\":\\\"Sorawitt Chaisitamanee\\\",\\\"tel\\\":\\\"0937287820\\\",\\\"home\\\":\\\"5\\\",\\\"place\\\":\\\"\\u0e16.\\u0e2a\\u0e32\\u0e04\\u0e23\\u0e21\\u0e07\\u0e04\\u0e25 2 \\u0e0b.7\\\",\\\"subdistrict\\\":\\\"\\u0e2b\\u0e32\\u0e14\\u0e43\\u0e2b\\u0e0d\\u0e48\\\",\\\"district\\\":\\\"\\u0e2b\\u0e32\\u0e14\\u0e43\\u0e2b\\u0e0d\\u0e48\\\",\\\"province\\\":\\\"\\u0e2a\\u0e07\\u0e02\\u0e25\\u0e32\\\",\\\"post\\\":\\\"90110\\\"}\",\"target_bank\":\"TRU\",\"transfer_date\":\"2018-05-19\",\"transfer_time\":\"13:56\",\"transfer_amount\":\"190.00\",\"total_price\":190}', 'EMS'),
('0519HMCYVJ', 381, 'FAIL', '2018-05-19 22:51:29', NULL, 50, 0, NULL, NULL, '{\"total_price\":420}', 'EMS'),
('0519JCFZFD', 377, 'FAIL', '2018-05-19 22:47:47', NULL, 50, 0, NULL, NULL, '{\"total_price\":420}', 'EMS'),
('0519JRL5AY', 361, 'FAIL', '2018-05-19 11:05:06', NULL, 50, 0, NULL, NULL, '{\"total_price\":200}', 'EMS'),
('0519K2L93G', 47, 'SENT', '2018-05-19 14:24:19', '', 50, 0, NULL, '0519K2L93G.jpeg', '{\"address\":\"{\\\"name\\\":\\\"Ratchapon Masphol\\\",\\\"tel\\\":\\\"0830245500\\\",\\\"home\\\":\\\"660\\/45\\\",\\\"place\\\":\\\"\\u0e1e\\u0e23\\u0e30\\u0e30\\u0e23\\u0e32\\u0e21\\u0e2a\\u0e35\\u0e48\\\",\\\"subdistrict\\\":\\\"\\u0e1a\\u0e32\\u0e07\\u0e23\\u0e31\\u0e01\\\",\\\"district\\\":\\\"\\u0e1a\\u0e32\\u0e07\\u0e23\\u0e31\\u0e01\\\",\\\"province\\\":\\\"\\u0e01\\u0e23\\u0e38\\u0e07\\u0e40\\u0e17\\u0e1e\\u0e21\\u0e2b\\u0e32\\u0e19\\u0e04\\u0e23\\\",\\\"post\\\":\\\"10500\\\"}\",\"target_bank\":\"SCB\",\"transfer_date\":\"2018-05-19\",\"transfer_time\":\"14:24\",\"transfer_amount\":\"400.00\",\"total_price\":400}', 'EMS'),
('0519MGGYVV', 335, 'FAIL', '2018-05-19 01:47:19', NULL, 50, 0, NULL, NULL, '{\"total_price\":200}', 'EMS'),
('0519NQC8EY', 370, 'FAIL', '2018-05-19 21:19:20', NULL, 50, 0, NULL, NULL, '{\"total_price\":130}', 'EMS'),
('0519OI1QQT', 327, 'SENT', '2018-05-19 00:01:38', 'EV235987616TH', 50, 0, NULL, '0519OI1QQT.jpg', '{\"address\":\"{\\\"name\\\":\\\"IceBear Coke\\\",\\\"tel\\\":\\\"085-3867814\\\",\\\"home\\\":\\\"17\\/4 \\u0e21.3\\\",\\\"place\\\":\\\"-\\\",\\\"subdistrict\\\":\\\"\\u0e04\\u0e25\\u0e2d\\u0e07\\u0e43\\u0e2b\\u0e0d\\u0e48\\\",\\\"district\\\":\\\"\\u0e04\\u0e25\\u0e2d\\u0e07\\u0e43\\u0e2b\\u0e0d\\u0e48\\\",\\\"province\\\":\\\"\\u0e15\\u0e23\\u0e32\\u0e14\\\",\\\"post\\\":\\\"23110\\\"}\",\"target_bank\":\"KBA\",\"transfer_date\":\"2561-05-19\",\"transfer_time\":\"00:12\",\"transfer_amount\":\"1500.00\",\"total_price\":1500}', 'EMS'),
('0519P5RJ0J', 48, 'SENT', '2018-05-19 13:31:31', '', 50, 0, NULL, '0519P5RJ0J.png', '{\"address\":\"{\\\"name\\\":\\\"\\u0e04\\u0e38\\u0e13\\u0e19\\u0e27\\u0e25\\u0e1e\\u0e23\\u0e23\\u0e13\\\",\\\"tel\\\":\\\"0632469959\\\",\\\"home\\\":\\\"121\\/36\\\",\\\"place\\\":\\\"\\u0e23\\u0e32\\u0e21\\u0e2d\\u0e34\\u0e19\\u0e17\\u0e23\\u0e32\\\",\\\"subdistrict\\\":\\\"\\u0e2d\\u0e19\\u0e38\\u0e2a\\u0e32\\u0e27\\u0e23\\u0e35\\u0e22\\u0e4c\\\",\\\"district\\\":\\\"\\u0e1a\\u0e32\\u0e07\\u0e40\\u0e02\\u0e19\\\",\\\"province\\\":\\\"\\u0e01\\u0e23\\u0e38\\u0e07\\u0e40\\u0e17\\u0e1e\\u0e21\\u0e2b\\u0e32\\u0e19\\u0e04\\u0e23\\\",\\\"post\\\":\\\"10220\\\"}\",\"target_bank\":\"SCB\",\"transfer_date\":\"2018-01-01\",\"transfer_time\":\"01:00\",\"transfer_amount\":\"5550.00\",\"total_price\":5550}', 'EMS'),
('0519PTR970', 314, 'SENT', '2018-05-19 00:54:23', 'RB929785579TH', 30, 0, NULL, '0519PTR970.jpg', '{\"address\":\"{\\\"name\\\":\\\"\\u0e18\\u0e27\\u0e31\\u0e0a\\u0e0a\\u0e31\\u0e22 \\u0e04\\u0e33\\u0e19\\u0e32\\u0e23\\u0e31\\u0e01\\u0e29\\u0e4c\\\",\\\"tel\\\":\\\"0859050121\\\",\\\"home\\\":\\\"22\\/1\\\",\\\"place\\\":\\\":\\u0e0b\\u0e2d\\u0e22 \\u0e23\\u0e48\\u0e27\\u0e21\\u0e43\\u0e08 \\u0e16\\u0e19\\u0e19 \\u0e2d\\u0e34\\u0e19\\u0e17\\u0e23\\u0e04\\u0e35\\u0e23\\u0e35\\\",\\\"subdistrict\\\":\\\"\\u0e41\\u0e21\\u0e48\\u0e2a\\u0e2d\\u0e14\\\",\\\"district\\\":\\\"\\u0e41\\u0e21\\u0e48\\u0e2a\\u0e2d\\u0e14\\\",\\\"province\\\":\\\"\\u0e15\\u0e32\\u0e01\\\",\\\"post\\\":\\\"63110\\\"}\",\"target_bank\":\"KTB\",\"transfer_date\":\"2018-05-19\",\"transfer_time\":\"01:05\",\"transfer_amount\":\"180.00\",\"total_price\":180}', 'REG'),
('0519QP9SR9', 329, 'FAIL', '2018-05-19 00:28:16', NULL, 50, 0, NULL, NULL, '{\"total_price\":100}', 'EMS'),
('0519SGR2PD', 390, 'FAIL', '2018-05-19 23:14:32', NULL, 50, 0, NULL, NULL, '{\"total_price\":420}', 'EMS'),
('0519VIKZ93', 360, 'SENT', '2018-05-19 11:18:04', 'RB929785551TH', 30, 0, NULL, '0519VIKZ93.jpg', '{\"address\":\"{\\\"name\\\":\\\"Phukk Mongkolworakitchai\\\",\\\"tel\\\":\\\"0972491284\\\",\\\"home\\\":\\\"78\\/47 \\u0e15\\u0e36\\u0e01\\u0e41\\u0e16\\u0e27\\u0e19\\u0e25\\u0e34\\u0e19\\u0e0b\\u0e34\\u0e15\\u0e35\\u0e49\\\",\\\"place\\\":\\\"\\u0e16\\u0e19\\u0e19\\u0e40\\u0e04\\u0e2b\\u0e30\\u0e23\\u0e48\\u0e21\\u0e40\\u0e01\\u0e25\\u0e49\\u0e32\\\",\\\"subdistrict\\\":\\\"\\u0e04\\u0e25\\u0e2d\\u0e07\\u0e2a\\u0e2d\\u0e07\\u0e15\\u0e49\\u0e19\\u0e19\\u0e38\\u0e48\\u0e19\\\",\\\"district\\\":\\\"\\u0e25\\u0e32\\u0e14\\u0e01\\u0e23\\u0e30\\u0e1a\\u0e31\\u0e07\\\",\\\"province\\\":\\\"\\u0e01\\u0e23\\u0e38\\u0e07\\u0e40\\u0e17\\u0e1e\\u0e21\\u0e2b\\u0e32\\u0e19\\u0e04\\u0e23\\\",\\\"post\\\":\\\"10520\\\"}\",\"target_bank\":\"KBA\",\"transfer_date\":\"2018-05-19\",\"transfer_time\":\"11:20\",\"transfer_amount\":\"960.00\",\"total_price\":960}', 'REG'),
('0519VR71AE', 293, 'SENT', '2018-05-19 13:28:47', 'RB929785517TH', 30, 0, NULL, '0519VR71AE.jpg', '{\"address\":\"{\\\"name\\\":\\\"\\u0e01\\u0e24\\u0e29\\u0e13\\u0e1e\\u0e07\\u0e28\\u0e4c \\u0e21\\u0e38\\u0e19\\u0e34\\u0e19\\u0e17\\u0e23\\u0e4c\\u0e19\\u0e1e\\u0e21\\u0e32\\u0e28\\\",\\\"tel\\\":\\\"0950271159\\\",\\\"home\\\":\\\"89 \\\",\\\"place\\\":\\\"\\u0e40\\u0e09\\u0e25\\u0e34\\u0e21\\u0e0a\\u0e31\\u0e22\\\",\\\"subdistrict\\\":\\\"\\u0e2a\\u0e30\\u0e40\\u0e15\\u0e07\\\",\\\"district\\\":\\\"\\u0e40\\u0e21\\u0e37\\u0e2d\\u0e07\\u0e22\\u0e30\\u0e25\\u0e32\\\",\\\"province\\\":\\\"\\u0e22\\u0e30\\u0e25\\u0e32\\\",\\\"post\\\":\\\"95000\\\"}\",\"target_bank\":\"BUA\",\"transfer_date\":\"2018-05-19\",\"transfer_time\":\"14:35\",\"transfer_amount\":\"180.00\",\"total_price\":180}', 'REG'),
('0519XY0YD2', 397, 'FAIL', '2018-05-19 23:40:21', NULL, 30, 0, NULL, NULL, '{\"total_price\":400}', 'REG'),
('0519YEFHY5', 393, 'FAIL', '2018-05-19 23:24:42', NULL, 50, 0, NULL, NULL, '{\"total_price\":420}', 'EMS'),
('0519YW7WJK', 388, 'SENT', '2018-05-19 23:09:22', 'EV235992973TH', 50, 0, NULL, '0519YW7WJK.jpg', '{\"address\":\"{\\\"name\\\":\\\"\\u0e08\\u0e31\\u0e01\\u0e23\\u0e4c\\u0e1e\\u0e31\\u0e19\\u0e18\\u0e38\\u0e4c \\u0e09\\u0e31\\u0e15\\u0e23\\u0e1a\\u0e39\\u0e23\\u0e13\\u0e23\\u0e31\\u0e01\\u0e29\\u0e4c\\\",\\\"tel\\\":\\\"0616497978\\\",\\\"home\\\":\\\"249\\/81 \\u0e2d\\u0e32\\u0e04\\u0e32\\u0e23\\u0e1e\\u0e32\\u0e19\\u0e34\\u0e0a\\u0e22\\u0e4c Tulip Square\\\",\\\"place\\\":\\\"\\u0e2b\\u0e21\\u0e39\\u0e4812\\\",\\\"subdistrict\\\":\\\"\\u0e2d\\u0e49\\u0e2d\\u0e21\\u0e19\\u0e49\\u0e2d\\u0e22\\\",\\\"district\\\":\\\"\\u0e01\\u0e23\\u0e30\\u0e17\\u0e38\\u0e48\\u0e21\\u0e41\\u0e1a\\u0e19\\\",\\\"province\\\":\\\"\\u0e2a\\u0e21\\u0e38\\u0e17\\u0e23\\u0e2a\\u0e32\\u0e04\\u0e23\\\",\\\"post\\\":\\\"74130\\\"}\",\"target_bank\":\"KBA\",\"transfer_date\":\"2018-05-19\",\"transfer_time\":\"23:13\",\"transfer_amount\":\"420.11\",\"total_price\":420}', 'EMS'),
('0519Z3357W', 392, 'SENT', '2018-05-19 23:31:12', 'EV235992987TH', 50, 0, NULL, '0519Z3357W.jpg', '{\"address\":\"{\\\"name\\\":\\\"Kanassanan Kamchuen\\\",\\\"tel\\\":\\\"0863114199\\\",\\\"home\\\":\\\"437\\/712\\\",\\\"place\\\":\\\"\\u0e08\\u0e23\\u0e31\\u0e0d\\u0e2a\\u0e19\\u0e34\\u0e17\\u0e27\\u0e07\\u0e28\\u0e4c 35 \\u0e41\\u0e22\\u0e01 16 \\\",\\\"subdistrict\\\":\\\"\\u0e1a\\u0e32\\u0e07\\u0e02\\u0e38\\u0e19\\u0e28\\u0e23\\u0e35\\\",\\\"district\\\":\\\"\\u0e1a\\u0e32\\u0e07\\u0e01\\u0e2d\\u0e01\\u0e19\\u0e49\\u0e2d\\u0e22\\\",\\\"province\\\":\\\"\\u0e01\\u0e23\\u0e38\\u0e07\\u0e40\\u0e17\\u0e1e\\u0e21\\u0e2b\\u0e32\\u0e19\\u0e04\\u0e23\\\",\\\"post\\\":\\\"10700\\\"}\",\"target_bank\":\"SCB\",\"transfer_date\":\"2561-05-19\",\"transfer_time\":\"23:33\",\"transfer_amount\":\"420.00\",\"total_price\":420}', 'EMS'),
('0519Z6A3NA', 348, 'FAIL', '2018-05-19 07:21:50', NULL, 50, 0, NULL, NULL, '{\"total_price\":300}', 'EMS'),
('0520762GJ1', 21, 'SENT', '2018-05-20 11:07:58', 'EV235993024TH', 50, 0, NULL, '0520762GJ1.png', '{\"address\":\"{\\\"name\\\":\\\"\\u0e2d\\u0e31\\u0e04\\u0e40\\u0e14\\u0e0a \\u0e2b\\u0e35\\u0e1a\\u0e41\\u0e01\\u0e49\\u0e27\\\",\\\"tel\\\":\\\"0639656593\\\",\\\"home\\\":\\\"\\u0e40\\u0e25\\u0e02\\u0e17\\u0e35\\u0e48 82\\\",\\\"place\\\":\\\"\\u0e16. \\u0e21\\u0e2b\\u0e32\\u0e0a\\u0e31\\u0e22\\u0e14\\u0e33\\u0e23\\u0e34\\u0e2b\\u0e4c\\\",\\\"subdistrict\\\":\\\"\\u0e15\\u0e25\\u0e32\\u0e14\\\",\\\"district\\\":\\\"\\u0e40\\u0e21\\u0e37\\u0e2d\\u0e07\\u0e21\\u0e2b\\u0e32\\u0e2a\\u0e32\\u0e23\\u0e04\\u0e32\\u0e21\\\",\\\"province\\\":\\\"\\u0e21\\u0e2b\\u0e32\\u0e2a\\u0e32\\u0e23\\u0e04\\u0e32\\u0e21\\\",\\\"post\\\":\\\"44000\\\"}\",\"target_bank\":\"TRU\",\"transfer_date\":\"2018-05-20\",\"transfer_time\":\"11:12\",\"transfer_amount\":\"420.00\",\"total_price\":420}', 'EMS'),
('05208DET60', 416, 'SENT', '2018-05-20 18:01:14', 'EU473608570TH', 50, 0, NULL, '05208DET60.jpeg', '{\"address\":\"{\\\"name\\\":\\\"\\u0e27\\u0e23\\u0e1e\\u0e34\\u0e0a\\u0e0a\\u0e32 \\u0e08\\u0e31\\u0e19\\u0e17\\u0e23\\u0e4c\\u0e40\\u0e08\\u0e23\\u0e34\\u0e0d\\u0e01\\u0e34\\u0e08\\\",\\\"tel\\\":\\\"0841045952\\\",\\\"home\\\":\\\"\\u0e2b\\u0e49\\u0e2d\\u0e071219 \\u0e2b\\u0e2d\\u0e1e\\u0e31\\u0e01\\u0e19\\u0e32\\u0e19\\u0e32\\u0e0a\\u0e32\\u0e15\\u0e34 \\u0e21\\u0e2b\\u0e32\\u0e27\\u0e34\\u0e17\\u0e22\\u0e32\\u0e25\\u0e31\\u0e22\\u0e40\\u0e01\\u0e29\\u0e15\\u0e23\\u0e28\\u0e32\\u0e2a\\u0e15\\u0e23\\u0e4c \\u0e01\\u0e33\\u0e41\\u0e1e\\u0e07\\u0e41\\u0e2a\\u0e19 \\u0e40\\u0e25\\u0e02\\u0e17\\u0e35\\u0e48 1\\\",\\\"place\\\":\\\"\\u0e2b\\u0e21\\u0e39\\u0e48 6\\\",\\\"subdistrict\\\":\\\"\\u0e01\\u0e33\\u0e41\\u0e1e\\u0e07\\u0e41\\u0e2a\\u0e19\\\",\\\"district\\\":\\\"\\u0e01\\u0e33\\u0e41\\u0e1e\\u0e07\\u0e41\\u0e2a\\u0e19\\\",\\\"province\\\":\\\"\\u0e19\\u0e04\\u0e23\\u0e1b\\u0e10\\u0e21\\\",\\\"post\\\":\\\"73140\\\"}\",\"target_bank\":\"SCB\",\"transfer_date\":\"2018-05-20\",\"transfer_time\":\"18:08\",\"transfer_amount\":\"1150.00\",\"total_price\":1150}', 'EMS'),
('052095QL4K', 424, 'FAIL', '2018-05-20 22:32:45', NULL, 50, 0, NULL, NULL, '{\"total_price\":300}', 'EMS'),
('0520AJMW8C', 338, 'FAIL', '2018-05-20 22:09:53', NULL, 50, 0, NULL, NULL, '{\"total_price\":560}', 'EMS'),
('0520CE0Z1H', 413, 'SENT', '2018-05-20 13:09:56', 'RL719914786TH', 30, 0, NULL, '0520CE0Z1H.jpg', '{\"address\":\"{\\\"name\\\":\\\"Ploy Arayarangsri\\\",\\\"tel\\\":\\\"0922526891\\\",\\\"home\\\":\\\"496\\/99 \\\",\\\"place\\\":\\\"\\u0e2b\\u0e21\\u0e39\\u0e485 \\u0e16.\\u0e2a\\u0e37\\u0e1a\\u0e28\\u0e34\\u0e23\\u0e34\\\",\\\"subdistrict\\\":\\\"\\u0e2b\\u0e19\\u0e2d\\u0e07\\u0e08\\u0e30\\u0e1a\\u0e01\\\",\\\"district\\\":\\\"\\u0e40\\u0e21\\u0e37\\u0e2d\\u0e07\\u0e19\\u0e04\\u0e23\\u0e23\\u0e32\\u0e0a\\u0e2a\\u0e35\\u0e21\\u0e32\\\",\\\"province\\\":\\\"\\u0e19\\u0e04\\u0e23\\u0e23\\u0e32\\u0e0a\\u0e2a\\u0e35\\u0e21\\u0e32\\\",\\\"post\\\":\\\"30000\\\"}\",\"target_bank\":\"SCB\",\"transfer_date\":\"2018-05-20\",\"transfer_time\":\"13:26\",\"transfer_amount\":\"400.00\",\"total_price\":400}', 'REG'),
('0520LX5QQG', 424, 'FAIL', '2018-05-20 23:07:38', NULL, 50, 0, NULL, NULL, '{\"total_price\":940}', 'EMS'),
('0520ONWUTP', 411, 'FAIL', '2018-05-20 11:55:05', NULL, 50, 0, NULL, NULL, '{\"total_price\":420}', 'EMS'),
('0520REV5AB', 405, 'FAIL', '2018-05-20 00:53:42', NULL, 50, 0, NULL, NULL, '{\"total_price\":420}', 'EMS'),
('0520RFIKJN', 48, 'SENT', '2018-05-20 19:57:57', 'EV484848488TH', 50, 0, NULL, '0520RFIKJN.JPG', '{\"address\":\"{\\\"name\\\":\\\"\\u0e04\\u0e38\\u0e13\\u0e19\\u0e27\\u0e25\\u0e1e\\u0e23\\u0e23\\u0e13\\\",\\\"tel\\\":\\\"0632469959\\\",\\\"home\\\":\\\"121\\/36\\\",\\\"place\\\":\\\"\\u0e23\\u0e32\\u0e21\\u0e2d\\u0e34\\u0e19\\u0e17\\u0e23\\u0e32\\\",\\\"subdistrict\\\":\\\"\\u0e2d\\u0e19\\u0e38\\u0e2a\\u0e32\\u0e27\\u0e23\\u0e35\\u0e22\\u0e4c\\\",\\\"district\\\":\\\"\\u0e1a\\u0e32\\u0e07\\u0e40\\u0e02\\u0e19\\\",\\\"province\\\":\\\"\\u0e01\\u0e23\\u0e38\\u0e07\\u0e40\\u0e17\\u0e1e\\u0e21\\u0e2b\\u0e32\\u0e19\\u0e04\\u0e23\\\",\\\"post\\\":\\\"10220\\\"}\",\"target_bank\":\"SCB\",\"transfer_date\":\"2018-05-20\",\"transfer_time\":\"08:48\",\"transfer_amount\":\"130.00\",\"total_price\":130}', 'EMS'),
('0520SC1SUF', 407, 'SENT', '2018-05-20 02:44:32', 'EV235992995TH', 50, 0, NULL, '0520SC1SUF.jpeg', '{\"address\":\"{\\\"name\\\":\\\"\\u0e40\\u0e21\\u0e18\\u0e1e\\u0e19\\u0e18\\u0e4c\\\",\\\"tel\\\":\\\"0945417939\\\",\\\"home\\\":\\\" 84\\/28\\\",\\\"place\\\":\\\"\\u0e27\\u0e34\\u0e2a\\u0e38\\u0e17\\u0e18\\u0e34\\u0e40\\u0e17\\u0e1e\\\",\\\"subdistrict\\\":\\\"\\u0e01\\u0e38\\u0e14\\u0e1b\\u0e48\\u0e2d\\u0e07\\\",\\\"district\\\":\\\"\\u0e40\\u0e21\\u0e37\\u0e2d\\u0e07\\u0e40\\u0e25\\u0e22\\\",\\\"province\\\":\\\"\\u0e40\\u0e25\\u0e22\\\",\\\"post\\\":\\\"42000\\\"}\",\"target_bank\":\"KBA\",\"transfer_date\":\"2018-05-20\",\"transfer_time\":\"02:45\",\"transfer_amount\":\"420.00\",\"total_price\":420}', 'EMS'),
('0520TSZRSR', 412, 'SENT', '2018-05-20 22:33:12', 'EU473608552TH', 50, 0, NULL, '0520TSZRSR.jpeg', '{\"address\":\"{\\\"name\\\":\\\"\\u0e1b\\u0e27\\u0e31\\u0e19\\u0e23\\u0e31\\u0e15\\u0e19\\u0e4c \\u0e17\\u0e31\\u0e28\\u0e19\\u0e40\\u0e28\\u0e23\\u0e29\\u0e10\\\",\\\"tel\\\":\\\"0832438726\\\",\\\"home\\\":\\\"10\\/7\\\",\\\"place\\\":\\\"\\u0e23\\u0e31\\u0e0a\\u0e14\\u0e32\\u0e20\\u0e34\\u0e40\\u0e29\\u0e0148\\\",\\\"subdistrict\\\":\\\"\\u0e25\\u0e32\\u0e14\\u0e22\\u0e32\\u0e27\\\",\\\"district\\\":\\\"\\u0e08\\u0e15\\u0e38\\u0e08\\u0e31\\u0e01\\u0e23\\\",\\\"province\\\":\\\"\\u0e01\\u0e23\\u0e38\\u0e07\\u0e40\\u0e17\\u0e1e\\u0e21\\u0e2b\\u0e32\\u0e19\\u0e04\\u0e23\\\",\\\"post\\\":\\\"10900\\\"}\",\"target_bank\":\"SCB\",\"transfer_date\":\"2018-05-20\",\"transfer_time\":\"22:39\",\"transfer_amount\":\"670.00\",\"total_price\":670}', 'EMS'),
('0520WCX3T1', 404, 'SENT', '2018-05-20 15:05:09', 'EU473608583TH', 50, 0, NULL, '0520WCX3T1.jpg', '{\"address\":\"{\\\"name\\\":\\\"\\u0e1b\\u0e0f\\u0e34\\u0e1e\\u0e25 \\u0e2a\\u0e32\\u0e23\\u0e1a\\u0e39\\u0e23\\u0e13\\u0e4c\\\",\\\"tel\\\":\\\"0891417657\\\",\\\"home\\\":\\\"2080\\/327\\\",\\\"place\\\":\\\"\\u0e21.1 \\u0e0b.\\u0e41\\u0e1a\\u0e23\\u0e34\\u0e48\\u0e07 48 \\u0e16.\\u0e2a\\u0e38\\u0e02\\u0e38\\u0e21\\u0e27\\u0e34\\u0e17107\\\",\\\"subdistrict\\\":\\\"\\u0e2a\\u0e33\\u0e42\\u0e23\\u0e07\\u0e40\\u0e2b\\u0e19\\u0e37\\u0e2d\\\",\\\"district\\\":\\\"\\u0e40\\u0e21\\u0e37\\u0e2d\\u0e07\\u0e2a\\u0e21\\u0e38\\u0e17\\u0e23\\u0e1b\\u0e23\\u0e32\\u0e01\\u0e32\\u0e23\\\",\\\"province\\\":\\\"\\u0e2a\\u0e21\\u0e38\\u0e17\\u0e23\\u0e1b\\u0e23\\u0e32\\u0e01\\u0e32\\u0e23\\\",\\\"post\\\":\\\"10270\\\"}\",\"target_bank\":\"SCB\",\"transfer_date\":\"2018-05-20\",\"transfer_time\":\"15:06\",\"transfer_amount\":\"150.00\",\"total_price\":150}', 'EMS'),
('0520X5BUIU', 424, 'FAIL', '2018-05-20 23:10:36', NULL, 50, 0, NULL, NULL, '{\"total_price\":810}', 'EMS'),
('0520YDYCD9', 402, 'FAIL', '2018-05-20 00:20:32', NULL, 50, 0, NULL, NULL, '{\"total_price\":420}', 'EMS'),
('0520ZM78LP', 384, 'FAIL', '2018-05-20 00:30:39', NULL, 50, 0, NULL, NULL, '{\"total_price\":420}', 'EMS'),
('05211CHZBD', 452, 'FAIL', '2018-05-21 18:43:13', NULL, 30, 0, NULL, NULL, '{\"total_price\":680}', 'REG'),
('052124D0C4', 435, 'FAIL', '2018-05-21 05:51:41', NULL, 50, 0, NULL, NULL, '{\"total_price\":420}', 'EMS'),
('05213YRPRT', 449, 'SENT', '2018-05-21 18:34:03', 'EU473614460TH', 50, 0, NULL, '05213YRPRT.png', '{\"address\":\"{\\\"name\\\":\\\"Pep Mungthong\\\",\\\"tel\\\":\\\"0979906381\\\",\\\"home\\\":\\\"22\\/149\\\",\\\"place\\\":\\\"\\u0e2b\\u0e21\\u0e39\\u0e48\\u0e1a\\u0e49\\u0e32\\u0e19\\u0e18\\u0e19\\u0e34\\u0e19\\u0e18\\u0e23 \\u0e0b\\u0e2d\\u0e22\\u0e27\\u0e34\\u0e16\\u0e32\\u0e27\\u0e14\\u0e35\\u0e23\\u0e31\\u0e07\\u0e2a\\u0e34\\u0e1535 \\u0e16\\u0e19\\u0e19\\u0e27\\u0e34\\u0e20\\u0e32\\u0e27\\u0e14\\u0e35\\u0e23\\u0e31\\u0e07\\u0e2a\\u0e34\\u0e15\\\",\\\"subdistrict\\\":\\\"\\u0e2a\\u0e19\\u0e32\\u0e21\\u0e1a\\u0e34\\u0e19\\\",\\\"district\\\":\\\"\\u0e14\\u0e2d\\u0e19\\u0e40\\u0e21\\u0e37\\u0e2d\\u0e07\\\",\\\"province\\\":\\\"\\u0e01\\u0e23\\u0e38\\u0e07\\u0e40\\u0e17\\u0e1e\\u0e21\\u0e2b\\u0e32\\u0e19\\u0e04\\u0e23\\\",\\\"post\\\":\\\"10210\\\"}\",\"target_bank\":\"TRU\",\"transfer_date\":\"2561-05-21\",\"transfer_time\":\"18:37\",\"transfer_amount\":\"500.00\",\"total_price\":500}', 'EMS'),
('05214H36T7', 473, 'FAIL', '2018-05-21 22:41:37', NULL, 50, 0, NULL, NULL, '{\"total_price\":400}', 'EMS'),
('05215INRKA', 429, 'SENT', '2018-05-21 10:34:54', 'EU473608566TH', 50, 0, NULL, '05215INRKA.jpg', '{\"address\":\"{\\\"name\\\":\\\"\\u0e18\\u0e19\\u0e1e\\u0e19\\u0e18\\u0e4c \\u0e41\\u0e2a\\u0e07\\u0e21\\u0e19\\u0e31\\u0e2a\\u0e01\\u0e34\\u0e15\\u0e15\\u0e34\\\",\\\"tel\\\":\\\"0847527498\\\",\\\"home\\\":\\\"119\\/495\\\",\\\"place\\\":\\\"\\u0e0b\\u0e2d\\u0e22 \\u0e2a\\u0e32\\u0e22\\u0e44\\u0e2b\\u0e2115 \\u0e16\\u0e19\\u0e19 \\u0e2a\\u0e32\\u0e22\\u0e44\\u0e2b\\u0e21\\\",\\\"subdistrict\\\":\\\"\\u0e2a\\u0e32\\u0e22\\u0e44\\u0e2b\\u0e21\\\",\\\"district\\\":\\\"\\u0e2a\\u0e32\\u0e22\\u0e44\\u0e2b\\u0e21\\\",\\\"province\\\":\\\"\\u0e01\\u0e23\\u0e38\\u0e07\\u0e40\\u0e17\\u0e1e\\u0e21\\u0e2b\\u0e32\\u0e19\\u0e04\\u0e23\\\",\\\"post\\\":\\\"10220\\\"}\",\"target_bank\":\"SCB\",\"transfer_date\":\"2018-05-21\",\"transfer_time\":\"10:35\",\"transfer_amount\":\"300.00\",\"total_price\":300}', 'EMS'),
('05215IQZ6E', 463, 'FAIL', '2018-05-21 19:58:24', NULL, 50, 0, NULL, NULL, '{\"total_price\":250}', 'EMS'),
('05215LFJGU', 451, 'SENT', '2018-05-21 19:55:34', 'EU473614527TH', 50, 0, NULL, '05215LFJGU.jpeg', '{\"address\":\"{\\\"name\\\":\\\"\\u0e28\\u0e34\\u0e23\\u0e0a\\u0e32\\u0e42\\u0e0a\\u0e15\\u0e19\\u0e4c \\u0e23\\u0e31\\u0e01\\u0e13\\u0e23\\u0e07\\u0e04\\u0e4c\\\",\\\"tel\\\":\\\"0625927410\\\",\\\"home\\\":\\\"211\\/3\\\",\\\"place\\\":\\\"\\u0e17\\u0e48\\u0e32\\u0e40\\u0e23\\u0e37\\u0e2d-\\u0e17\\u0e48\\u0e32\\u0e25\\u0e32\\u0e1910\\\",\\\"subdistrict\\\":\\\"\\u0e08\\u0e33\\u0e1b\\u0e32\\\",\\\"district\\\":\\\"\\u0e17\\u0e48\\u0e32\\u0e40\\u0e23\\u0e37\\u0e2d\\\",\\\"province\\\":\\\"\\u0e1e\\u0e23\\u0e30\\u0e19\\u0e04\\u0e23\\u0e28\\u0e23\\u0e35\\u0e2d\\u0e22\\u0e38\\u0e18\\u0e22\\u0e32\\\",\\\"post\\\":\\\"13130\\\"}\",\"target_bank\":\"SCB\",\"transfer_date\":\"2018-05-21\",\"transfer_time\":\"19:58\",\"transfer_amount\":\"400.00\",\"total_price\":400}', 'EMS'),
('05216BUX8I', 458, 'FAIL', '2018-05-21 19:30:11', NULL, 50, 0, NULL, NULL, '{\"total_price\":300}', 'EMS'),
('05216ZNUM9', 449, 'FAIL', '2018-05-21 18:14:53', NULL, 50, 0, NULL, NULL, '{\"total_price\":500}', 'EMS'),
('05217JQYL4', 466, 'FAIL', '2018-05-21 20:25:03', NULL, 50, 0, NULL, NULL, '{\"total_price\":450}', 'EMS'),
('05217L32SY', 417, 'FAIL', '2018-05-21 23:16:29', NULL, 50, 0, NULL, NULL, '{\"total_price\":550}', 'EMS'),
('05219DL8T3', 461, 'FAIL', '2018-05-21 20:04:09', NULL, 50, 0, NULL, NULL, '{\"total_price\":200}', 'EMS'),
('0521GBJU1H', 461, 'SENT', '2018-05-21 20:16:16', 'EU473614442TH', 50, 0, NULL, '0521GBJU1H.png', '{\"address\":\"{\\\"name\\\":\\\"J\'Jef Mer\'r\\\",\\\"tel\\\":\\\"0856062382\\\",\\\"home\\\":\\\"87\\\",\\\"place\\\":\\\"\\u0e2b\\u0e21\\u0e39\\u0e482\\\",\\\"subdistrict\\\":\\\"\\u0e17\\u0e48\\u0e32\\u0e21\\u0e30\\u0e40\\u0e02\\u0e37\\u0e2d\\\",\\\"district\\\":\\\"\\u0e04\\u0e25\\u0e2d\\u0e07\\u0e02\\u0e25\\u0e38\\u0e07\\\",\\\"province\\\":\\\"\\u0e01\\u0e33\\u0e41\\u0e1e\\u0e07\\u0e40\\u0e1e\\u0e0a\\u0e23\\\",\\\"post\\\":\\\"62120\\\"}\",\"target_bank\":\"TRU\",\"transfer_date\":\"2018-05-21\",\"transfer_time\":\"20:17\",\"transfer_amount\":\"200.00\",\"total_price\":200}', 'EMS'),
('0521JYF1Z7', 65, 'SENT', '2018-05-21 14:18:07', 'RM435613910TH', 30, 0, NULL, '0521JYF1Z7.jpeg', '{\"address\":\"{\\\"name\\\":\\\"pleng\\\",\\\"tel\\\":\\\"0831000555\\\",\\\"home\\\":\\\"48\\/184 life sathorn10\\\",\\\"place\\\":\\\"\\u0e28\\u0e36\\u0e01\\u0e29\\u0e32\\u0e27\\u0e34\\u0e17\\u0e22\\u0e32\\\",\\\"subdistrict\\\":\\\"\\u0e2a\\u0e35\\u0e25\\u0e21\\\",\\\"district\\\":\\\"\\u0e1a\\u0e32\\u0e07\\u0e23\\u0e31\\u0e01\\\",\\\"province\\\":\\\"\\u0e01\\u0e23\\u0e38\\u0e07\\u0e40\\u0e17\\u0e1e\\u0e21\\u0e2b\\u0e32\\u0e19\\u0e04\\u0e23\\\",\\\"post\\\":\\\"10500\\\"}\",\"target_bank\":\"TRU\",\"transfer_date\":\"2018-05-21\",\"transfer_time\":\"14:20\",\"transfer_amount\":\"540.00\",\"total_price\":540}', 'REG'),
('0521L976XY', 453, 'FAIL', '2018-05-21 18:28:19', NULL, 50, 0, NULL, NULL, '{\"total_price\":450}', 'EMS');
INSERT INTO `order` (`order_code`, `customer_id`, `status`, `order_time`, `tracking_no`, `delivery_fee`, `discount`, `expire_time`, `payment_file`, `payment_detail`, `delivery_type`) VALUES
('0521LZSEME', 471, 'SENT', '2018-05-21 22:18:12', 'EU473614487TH', 50, 0, NULL, '0521LZSEME.jpg', '{\"address\":\"{\\\"name\\\":\\\"Phongsakorn Cheunban\\\",\\\"tel\\\":\\\"0882667937\\\",\\\"home\\\":\\\"74\\\",\\\"place\\\":\\\"\\u0e2b\\u0e21\\u0e39\\u0e48 18\\\",\\\"subdistrict\\\":\\\"\\u0e40\\u0e27\\u0e35\\u0e22\\u0e07\\u0e0a\\u0e31\\u0e22\\\",\\\"district\\\":\\\"\\u0e40\\u0e27\\u0e35\\u0e22\\u0e07\\u0e0a\\u0e31\\u0e22\\\",\\\"province\\\":\\\"\\u0e40\\u0e0a\\u0e35\\u0e22\\u0e07\\u0e23\\u0e32\\u0e22\\\",\\\"post\\\":\\\"57210\\\"}\",\"target_bank\":\"BUA\",\"transfer_date\":\"2018-05-21\",\"transfer_time\":\"22:24\",\"transfer_amount\":\"200.00\",\"total_price\":200}', 'EMS'),
('0521M6BI92', 455, 'FAIL', '2018-05-21 18:53:42', NULL, 50, 0, NULL, NULL, '{\"total_price\":200}', 'EMS'),
('0521N4MEY5', 437, 'FAIL', '2018-05-21 11:03:17', NULL, 50, 0, NULL, NULL, '{\"total_price\":300}', 'EMS'),
('0521NUFFCS', 445, 'SENT', '2018-05-21 18:05:17', 'EU473614413TH', 50, 0, NULL, '0521NUFFCS.jpeg', '{\"address\":\"{\\\"name\\\":\\\"Nattawat Imsamranrat\\\",\\\"tel\\\":\\\"0898137433\\\",\\\"home\\\":\\\"11-11\\/1\\\",\\\"place\\\":\\\"\\u0e25\\u0e32\\u0e14\\u0e1e\\u0e23\\u0e49\\u0e32\\u0e2734\\\",\\\"subdistrict\\\":\\\"\\u0e2a\\u0e32\\u0e21\\u0e40\\u0e2a\\u0e19\\u0e19\\u0e2d\\u0e01\\\",\\\"district\\\":\\\"\\u0e2b\\u0e49\\u0e27\\u0e22\\u0e02\\u0e27\\u0e32\\u0e07\\\",\\\"province\\\":\\\"\\u0e01\\u0e23\\u0e38\\u0e07\\u0e40\\u0e17\\u0e1e\\u0e21\\u0e2b\\u0e32\\u0e19\\u0e04\\u0e23\\\",\\\"post\\\":\\\"10310\\\"}\",\"target_bank\":\"BUA\",\"transfer_date\":\"2018-05-21\",\"transfer_time\":\"18:09\",\"transfer_amount\":\"510.00\",\"total_price\":510}', 'EMS'),
('0521O250ES', 380, 'SENT', '2018-05-21 18:56:48', 'EU473614535TH', 50, 0, NULL, '0521O250ES.png', '{\"address\":\"{\\\"name\\\":\\\"Tarathan Kamthonvorarin\\\",\\\"tel\\\":\\\"085-8258044\\\",\\\"home\\\":\\\"90\\/20-21 \\\",\\\"place\\\":\\\"\\u0e21.2 \\u0e16.\\u0e23\\u0e31\\u0e01\\u0e28\\u0e31\\u0e01\\u0e14\\u0e34\\u0e4c\\u0e0a\\u0e21\\u0e39\\u0e25\\\",\\\"subdistrict\\\":\\\"\\u0e17\\u0e48\\u0e32\\u0e0a\\u0e49\\u0e32\\u0e07\\\",\\\"district\\\":\\\"\\u0e40\\u0e21\\u0e37\\u0e2d\\u0e07\\u0e08\\u0e31\\u0e19\\u0e17\\u0e1a\\u0e38\\u0e23\\u0e35\\\",\\\"province\\\":\\\"\\u0e08\\u0e31\\u0e19\\u0e17\\u0e1a\\u0e38\\u0e23\\u0e35\\\",\\\"post\\\":\\\"22000\\\"}\",\"target_bank\":\"SCB\",\"transfer_date\":\"2018-05-21\",\"transfer_time\":\"19:00\",\"transfer_amount\":\"700.00\",\"total_price\":700}', 'EMS'),
('0521PAXVUH', 450, 'SENT', '2018-05-21 18:20:28', 'EU473614473TH', 30, 0, NULL, '0521PAXVUH.jpg', '{\"address\":\"{\\\"name\\\":\\\"Piyada Chokprasertthaworn\\\",\\\"tel\\\":\\\"0906949464\\\",\\\"home\\\":\\\"443,443\\/1 \\u0e2d\\u0e31\\u0e08\\u0e09\\u0e27\\u0e31\\u0e12\\u0e19\\u0e4c\\u0e41\\u0e21\\u0e19\\u0e0a\\u0e31\\u0e48\\u0e19 2\\\",\\\"place\\\":\\\"\\u0e25\\u0e32\\u0e14\\u0e1e\\u0e23\\u0e49\\u0e32\\u0e27 122\\\",\\\"subdistrict\\\":\\\"\\u0e27\\u0e31\\u0e07\\u0e17\\u0e2d\\u0e07\\u0e2b\\u0e25\\u0e32\\u0e07\\\",\\\"district\\\":\\\"\\u0e27\\u0e31\\u0e07\\u0e17\\u0e2d\\u0e07\\u0e2b\\u0e25\\u0e32\\u0e07\\\",\\\"province\\\":\\\"\\u0e01\\u0e23\\u0e38\\u0e07\\u0e40\\u0e17\\u0e1e\\u0e21\\u0e2b\\u0e32\\u0e19\\u0e04\\u0e23\\\",\\\"post\\\":\\\"10310\\\"}\",\"target_bank\":\"SCB\",\"transfer_date\":\"2018-05-21\",\"transfer_time\":\"18:23\",\"transfer_amount\":\"380.00\",\"total_price\":380}', 'REG'),
('0521QC6URQ', 26, 'SENT', '2018-05-21 23:14:31', 'EU473614439TH', 50, 0, NULL, '0521QC6URQ.jpeg', '{\"address\":\"{\\\"name\\\":\\\"\\u0e18\\u0e19\\u0e32\\u0e01\\u0e23 \\u0e2d\\u0e22\\u0e39\\u0e48\\u0e44\\u0e17\\u0e22\\\",\\\"tel\\\":\\\"0831895216\\\",\\\"home\\\":\\\"10\\/1 \\u0e2b\\u0e21\\u0e39\\u0e48 14\\\",\\\"place\\\":\\\"\\u0e0b.\\u0e2a\\u0e38\\u0e02\\u0e2a\\u0e27\\u0e31\\u0e2a\\u0e14\\u0e34\\u0e4c70\\\",\\\"subdistrict\\\":\\\"\\u0e1a\\u0e32\\u0e07\\u0e04\\u0e23\\u0e38\\\",\\\"district\\\":\\\"\\u0e1e\\u0e23\\u0e30\\u0e1b\\u0e23\\u0e30\\u0e41\\u0e14\\u0e07\\\",\\\"province\\\":\\\"\\u0e2a\\u0e21\\u0e38\\u0e17\\u0e23\\u0e1b\\u0e23\\u0e32\\u0e01\\u0e32\\u0e23\\\",\\\"post\\\":\\\"10130\\\"}\",\"target_bank\":\"KBA\",\"transfer_date\":\"2018-05-21\",\"transfer_time\":\"23:18\",\"transfer_amount\":\"720.00\",\"total_price\":720}', 'EMS'),
('0521RIHNSE', 224, 'FAIL', '2018-05-21 01:53:32', NULL, 50, 0, NULL, NULL, '{\"total_price\":300}', 'EMS'),
('0521RPTWXW', 472, 'SENT', '2018-05-21 22:17:16', 'RM435615779TH', 30, 0, NULL, '0521RPTWXW.jpeg', '{\"address\":\"{\\\"name\\\":\\\"Patcharanan Saksirikul\\\",\\\"tel\\\":\\\"0823504718\\\",\\\"home\\\":\\\"\\u0e2b\\u0e49\\u0e2d\\u0e07 801 65-65\\/1\\\",\\\"place\\\":\\\"\\u0e0b\\u0e2d\\u0e22\\u0e27\\u0e31\\u0e12\\u0e19\\u0e42\\u0e22\\u0e18\\u0e34\\u0e19 \\u0e16\\u0e19\\u0e19\\u0e23\\u0e32\\u0e07\\u0e19\\u0e49\\u0e33\\\",\\\"subdistrict\\\":\\\"\\u0e16\\u0e19\\u0e19\\u0e1e\\u0e0d\\u0e32\\u0e44\\u0e17\\\",\\\"district\\\":\\\"\\u0e23\\u0e32\\u0e0a\\u0e40\\u0e17\\u0e27\\u0e35\\\",\\\"province\\\":\\\"\\u0e01\\u0e23\\u0e38\\u0e07\\u0e40\\u0e17\\u0e1e\\u0e21\\u0e2b\\u0e32\\u0e19\\u0e04\\u0e23\\\",\\\"post\\\":\\\"10400\\\"}\",\"target_bank\":\"KBA\",\"transfer_date\":\"2018-05-21\",\"transfer_time\":\"22:21\",\"transfer_amount\":\"80.00\",\"total_price\":80}', 'REG'),
('0521U05ZQ3', 369, 'FAIL', '2018-05-21 11:01:51', NULL, 50, 0, NULL, NULL, '{\"total_price\":300}', 'EMS'),
('0521U670T1', 464, 'SENT', '2018-05-21 20:04:00', 'EU473614456TH', 50, 0, NULL, '0521U670T1.jpg', '{\"address\":\"{\\\"name\\\":\\\"\\u0e27\\u0e23\\u0e40\\u0e21\\u0e18 \\u0e08\\u0e31\\u0e19\\u0e15\\u0e1a\\u0e38\\u0e15\\u0e23\\\",\\\"tel\\\":\\\"0922758743\\\",\\\"home\\\":\\\"8\\/118 \\u0e2b\\u0e49\\u0e2d\\u0e07\\u0e40\\u0e25\\u0e02\\u0e17\\u0e35\\u0e481-212 \\u0e2b\\u0e2d\\u0e1e\\u0e31\\u0e01 The Prize\\\",\\\"place\\\":\\\"\\u0e0b\\u0e2d\\u0e22 \\u0e07\\u0e32\\u0e21\\u0e27\\u0e07\\u0e28\\u0e4c\\u0e27\\u0e32\\u0e19 54 \\u0e41\\u0e22\\u0e01 5\\\",\\\"subdistrict\\\":\\\"\\u0e25\\u0e32\\u0e14\\u0e22\\u0e32\\u0e27\\\",\\\"district\\\":\\\"\\u0e08\\u0e15\\u0e38\\u0e08\\u0e31\\u0e01\\u0e23\\\",\\\"province\\\":\\\"\\u0e01\\u0e23\\u0e38\\u0e07\\u0e40\\u0e17\\u0e1e\\u0e21\\u0e2b\\u0e32\\u0e19\\u0e04\\u0e23\\\",\\\"post\\\":\\\"10900\\\"}\",\"target_bank\":\"SCB\",\"transfer_date\":\"2018-05-21\",\"transfer_time\":\"20:07\",\"transfer_amount\":\"250.00\",\"total_price\":250}', 'EMS'),
('0521UN1G9F', 435, 'FAIL', '2018-05-21 05:50:26', NULL, 50, 0, NULL, NULL, '{\"total_price\":560}', 'EMS'),
('0521USF3RQ', 462, 'SENT', '2018-05-21 19:55:01', 'EU473614495TH', 50, 0, NULL, '0521USF3RQ.jpg', '{\"address\":\"{\\\"name\\\":\\\"Bew Uncha\\\",\\\"tel\\\":\\\"0843289315\\\",\\\"home\\\":\\\"47125\\\",\\\"place\\\":\\\"Bangkok Horizon condo \\u0e16\\u0e19\\u0e19\\u0e40\\u0e1e\\u0e0a\\u0e23\\u0e40\\u0e01\\u0e29\\u0e21\\\",\\\"subdistrict\\\":\\\"\\u0e1a\\u0e32\\u0e07\\u0e2b\\u0e27\\u0e49\\u0e32\\\",\\\"district\\\":\\\"\\u0e20\\u0e32\\u0e29\\u0e35\\u0e40\\u0e08\\u0e23\\u0e34\\u0e0d\\\",\\\"province\\\":\\\"\\u0e01\\u0e23\\u0e38\\u0e07\\u0e40\\u0e17\\u0e1e\\u0e21\\u0e2b\\u0e32\\u0e19\\u0e04\\u0e23\\\",\\\"post\\\":\\\"10160\\\"}\",\"target_bank\":\"SCB\",\"transfer_date\":\"2018-05-21\",\"transfer_time\":\"13:56\",\"transfer_amount\":\"150.00\",\"total_price\":150}', 'EMS'),
('0521XVBVZK', 459, 'SENT', '2018-05-21 19:37:48', 'EU473614500TH', 50, 0, NULL, '0521XVBVZK.jpg', '{\"address\":\"{\\\"name\\\":\\\"CharnChon Seenieng\\\",\\\"tel\\\":\\\"0972623900\\\",\\\"home\\\":\\\"48\\/728\\\",\\\"place\\\":\\\"\\u0e40\\u0e2a\\u0e23\\u0e35\\u0e44\\u0e17\\u0e2241\\\",\\\"subdistrict\\\":\\\"\\u0e04\\u0e25\\u0e2d\\u0e07\\u0e01\\u0e38\\u0e48\\u0e21\\\",\\\"district\\\":\\\"\\u0e1a\\u0e36\\u0e07\\u0e01\\u0e38\\u0e48\\u0e21\\\",\\\"province\\\":\\\"\\u0e01\\u0e23\\u0e38\\u0e07\\u0e40\\u0e17\\u0e1e\\u0e21\\u0e2b\\u0e32\\u0e19\\u0e04\\u0e23\\\",\\\"post\\\":\\\"10240\\\"}\",\"target_bank\":\"SCB\",\"transfer_date\":\"2018-05-21\",\"transfer_time\":\"19:40\",\"transfer_amount\":\"700.00\",\"total_price\":700}', 'EMS'),
('0522F89F61', 478, 'FAIL', '2018-05-22 16:57:42', NULL, 50, 0, NULL, NULL, '{\"total_price\":250}', 'EMS'),
('0522HIJK23', 338, 'FAIL', '2018-05-22 22:10:33', NULL, 50, 0, NULL, NULL, '{\"total_price\":560}', 'EMS'),
('0522HIZBTO', 482, 'SENT', '2018-05-22 22:52:54', 'EU473613212TH', 50, 0, NULL, '0522HIZBTO.jpeg', '{\"address\":\"{\\\"name\\\":\\\"\\u0e1b\\u0e20\\u0e32\\u0e27\\u0e14\\u0e35 \\u0e0a\\u0e49\\u0e32\\u0e07\\u0e40\\u0e0a\\u0e37\\u0e49\\u0e2d\\u0e27\\u0e07\\u0e29\\u0e4c\\\",\\\"tel\\\":\\\"0941520972\\\",\\\"home\\\":\\\"119 \\u0e40\\u0e21\\u0e22\\u0e4c\\u0e40\\u0e1e\\u0e25\\u0e2a 409\\\",\\\"place\\\":\\\"\\u0e1e\\u0e2b\\u0e25\\u0e42\\u0e22\\u0e18\\u0e34\\u0e1987 \\u0e0b.6 \\u0e41\\u0e22\\u0e013\\\",\\\"subdistrict\\\":\\\"\\u0e1b\\u0e23\\u0e30\\u0e0a\\u0e32\\u0e18\\u0e34\\u0e1b\\u0e31\\u0e15\\u0e22\\u0e4c\\\",\\\"district\\\":\\\"\\u0e18\\u0e31\\u0e0d\\u0e1a\\u0e38\\u0e23\\u0e35\\\",\\\"province\\\":\\\"\\u0e1b\\u0e17\\u0e38\\u0e21\\u0e18\\u0e32\\u0e19\\u0e35\\\",\\\"post\\\":\\\"12130\\\"}\",\"target_bank\":\"KBA\",\"transfer_date\":\"2018-05-22\",\"transfer_time\":\"22:58\",\"transfer_amount\":\"560.00\",\"total_price\":560}', 'EMS'),
('0522SPNUL9', 475, 'FAIL', '2018-05-22 13:42:36', NULL, 50, 0, NULL, NULL, '{\"total_price\":420}', 'EMS'),
('0522W3J02Z', 439, 'SENT', '2018-05-22 22:41:44', 'RM435622899TH', 30, 0, NULL, '0522W3J02Z.jpg', '{\"address\":\"{\\\"name\\\":\\\"Akanat Tarasantisuk\\\",\\\"tel\\\":\\\"0850856243\\\",\\\"home\\\":\\\"515\\/187 Ideo Q Ratchathewi\\\",\\\"place\\\":\\\"\\u0e16\\u0e19\\u0e19 \\u0e40\\u0e1e\\u0e0a\\u0e23\\u0e1a\\u0e38\\u0e23\\u0e35\\\",\\\"subdistrict\\\":\\\"\\u0e17\\u0e38\\u0e48\\u0e07\\u0e1e\\u0e0d\\u0e32\\u0e44\\u0e17\\\",\\\"district\\\":\\\"\\u0e23\\u0e32\\u0e0a\\u0e40\\u0e17\\u0e27\\u0e35\\\",\\\"province\\\":\\\"\\u0e01\\u0e23\\u0e38\\u0e07\\u0e40\\u0e17\\u0e1e\\\",\\\"post\\\":\\\"10400\\\"}\",\"target_bank\":\"KBA\",\"transfer_date\":\"2018-05-22\",\"transfer_time\":\"22:43\",\"transfer_amount\":\"330.00\",\"total_price\":330}', 'REG'),
('052360QT5K', 452, 'SENT', '2018-05-23 21:29:32', 'EU473616253TH', 50, 0, NULL, '052360QT5K.jpg', '{\"address\":\"{\\\"name\\\":\\\"\\u0e10\\u0e34\\u0e15\\u0e34\\u0e18\\u0e32\\u0e14\\u0e32 \\u0e19\\u0e27\\u0e25\\u0e14\\u0e35\\\",\\\"tel\\\":\\\"0994945241\\\",\\\"home\\\":\\\"9\\\",\\\"place\\\":\\\"5 \\u0e0b\\u0e2d\\u0e2235 \\u0e16\\u0e19\\u0e19\\u0e42\\u0e0a\\u0e15\\u0e19\\u0e32\\\",\\\"subdistrict\\\":\\\"\\u0e21\\u0e30\\u0e25\\u0e34\\u0e01\\u0e32\\\",\\\"district\\\":\\\"\\u0e41\\u0e21\\u0e48\\u0e2d\\u0e32\\u0e22\\\",\\\"province\\\":\\\"\\u0e40\\u0e0a\\u0e35\\u0e22\\u0e07\\u0e43\\u0e2b\\u0e21\\u0e48\\\",\\\"post\\\":\\\"50280\\\"}\",\"target_bank\":\"TRU\",\"transfer_date\":\"2561-05-23\",\"transfer_time\":\"21:30\",\"transfer_amount\":\"700.00\",\"total_price\":700}', 'EMS'),
('0523EY25NB', 23, 'SENT', '2018-05-23 13:56:43', '....', 50, 0, NULL, '0523EY25NB.jpeg', '{\"address\":\"{\\\"name\\\":\\\"Thanapath Lee\\\",\\\"tel\\\":\\\"0805928824\\\",\\\"home\\\":\\\"-\\\",\\\"place\\\":\\\"-\\\",\\\"subdistrict\\\":\\\"\\u0e1b\\u0e17\\u0e38\\u0e21\\u0e27\\u0e31\\u0e19\\\",\\\"district\\\":\\\"\\u0e1b\\u0e17\\u0e38\\u0e21\\u0e27\\u0e31\\u0e19\\\",\\\"province\\\":\\\"\\u0e01\\u0e23\\u0e38\\u0e07\\u0e40\\u0e17\\u0e1e\\u0e21\\u0e2b\\u0e32\\u0e19\\u0e04\\u0e23\\\",\\\"post\\\":\\\"10330\\\"}\",\"target_bank\":\"SCB\",\"transfer_date\":\"2018-05-23\",\"transfer_time\":\"14:05\",\"transfer_amount\":\"950.00\",\"total_price\":950}', 'EMS'),
('0523F3UOBO', 23, 'SENT', '2018-05-23 14:02:21', '....', 50, 0, NULL, '0523F3UOBO.jpeg', '{\"address\":\"{\\\"name\\\":\\\"Thanapath Lee\\\",\\\"tel\\\":\\\"0805928824\\\",\\\"home\\\":\\\"-\\\",\\\"place\\\":\\\"-\\\",\\\"subdistrict\\\":\\\"\\u0e1b\\u0e17\\u0e38\\u0e21\\u0e27\\u0e31\\u0e19\\\",\\\"district\\\":\\\"\\u0e1b\\u0e17\\u0e38\\u0e21\\u0e27\\u0e31\\u0e19\\\",\\\"province\\\":\\\"\\u0e01\\u0e23\\u0e38\\u0e07\\u0e40\\u0e17\\u0e1e\\u0e21\\u0e2b\\u0e32\\u0e19\\u0e04\\u0e23\\\",\\\"post\\\":\\\"10330\\\"}\",\"target_bank\":\"SCB\",\"transfer_date\":\"2018-05-23\",\"transfer_time\":\"14:05\",\"transfer_amount\":\"1550.00\",\"total_price\":1550}', 'EMS'),
('0524AOBH37', 492, 'FAIL', '2018-05-24 19:02:50', NULL, 50, 0, NULL, NULL, '{\"total_price\":450}', 'EMS'),
('0524B3OBTQ', 377, 'FAIL', '2018-05-24 23:25:14', NULL, 50, 0, NULL, NULL, '{\"total_price\":420}', 'EMS'),
('0524DZDKQK', 494, 'SENT', '2018-05-24 20:39:47', 'EU473556501TH', 50, 0, NULL, '0524DZDKQK.png', '{\"address\":\"{\\\"name\\\":\\\"\\u0e2a\\u0e42\\u0e23\\u0e0a\\u0e32 \\u0e28\\u0e23\\u0e35\\u0e08\\u0e23\\u0e34\\u0e22\\u0e32\\\",\\\"tel\\\":\\\"0941611711\\\",\\\"home\\\":\\\"49\\\",\\\"place\\\":\\\"5\\\",\\\"subdistrict\\\":\\\"\\u0e2b\\u0e25\\u0e48\\u0e21\\u0e40\\u0e01\\u0e48\\u0e32\\\",\\\"district\\\":\\\"\\u0e2b\\u0e25\\u0e48\\u0e21\\u0e40\\u0e01\\u0e48\\u0e32\\\",\\\"province\\\":\\\"\\u0e40\\u0e1e\\u0e0a\\u0e23\\u0e1a\\u0e39\\u0e23\\u0e13\\u0e4c\\\",\\\"post\\\":\\\"67120\\\"}\",\"target_bank\":\"SCB\",\"transfer_date\":\"2018-05-24\",\"transfer_time\":\"20:53\",\"transfer_amount\":\"180.00\",\"total_price\":180}', 'EMS'),
('0524JR1484', 484, 'SENT', '2018-05-24 22:17:55', 'RB009659974TH', 30, 0, NULL, '0524JR1484.jpg', '{\"address\":\"{\\\"name\\\":\\\"Boat Ardwong\\\",\\\"tel\\\":\\\"0625954626\\\",\\\"home\\\":\\\"33\\/228\\\",\\\"place\\\":\\\"The Key \\u0e2a\\u0e32\\u0e17\\u0e23-\\u0e23\\u0e32\\u0e0a\\u0e1e\\u0e24\\u0e01\\u0e29\\u0e4c\\\",\\\"subdistrict\\\":\\\"\\u0e1a\\u0e32\\u0e07\\u0e04\\u0e49\\u0e2d\\\",\\\"district\\\":\\\"\\u0e08\\u0e2d\\u0e21\\u0e17\\u0e2d\\u0e07\\\",\\\"province\\\":\\\"\\u0e01\\u0e23\\u0e38\\u0e07\\u0e40\\u0e17\\u0e1e\\u0e21\\u0e2b\\u0e32\\u0e19\\u0e04\\u0e23\\\",\\\"post\\\":\\\"10150\\\"}\",\"target_bank\":\"KBA\",\"transfer_date\":\"25\\/05\\/2018\",\"transfer_time\":\"22.22\",\"transfer_amount\":\"400.00\",\"total_price\":400}', 'REG'),
('0524KGI7KQ', 511, 'SENT', '2018-05-24 23:04:04', 'EU473556489', 50, 0, NULL, '0524KGI7KQ.jpg', '{\"address\":\"{\\\"name\\\":\\\"\\u0e01\\u0e34\\u0e15\\u0e15\\u0e34\\u200b \\u0e0a\\u0e38\\u0e48\\u0e21\\u0e0a\\u0e37\\u0e48\\u0e19\\u200b\\\",\\\"tel\\\":\\\"0993591212\\\",\\\"home\\\":\\\"\\u0e2d\\u0e32\\u0e04\\u0e32\\u0e23\\u0e0a\\u0e22\\u0e19\\u0e31\\u0e19\\u0e17\\u0e4c\\u200b 142\\/18\\\",\\\"place\\\":\\\"\\u0e16\\u0e19\\u0e19\\u200b \\u0e0a\\u0e19\\u0e40\\u0e01\\u0e29\\u0e21\\\",\\\"subdistrict\\\":\\\"\\u0e21\\u0e30\\u0e02\\u0e32\\u0e21\\u0e40\\u0e15\\u0e35\\u0e49\\u0e22\\\",\\\"district\\\":\\\"\\u0e40\\u0e21\\u0e37\\u0e2d\\u0e07\\u0e2a\\u0e38\\u0e23\\u0e32\\u0e29\\u0e0e\\u0e23\\u0e4c\\u0e18\\u0e32\\u0e19\\u0e35\\\",\\\"province\\\":\\\"\\u0e2a\\u0e38\\u0e23\\u0e32\\u0e29\\u0e0e\\u0e23\\u0e4c\\u0e18\\u0e32\\u0e19\\u0e35\\\",\\\"post\\\":\\\"84000\\\"}\",\"target_bank\":\"SCB\",\"transfer_date\":\"2018-05-24\",\"transfer_time\":\"23:07\",\"transfer_amount\":\"420.00\",\"total_price\":420}', 'EMS'),
('0524NJ2D2Q', 508, 'SENT', '2018-05-24 21:58:42', 'EU473556461TH', 50, 0, NULL, '0524NJ2D2Q.jpg', '{\"address\":\"{\\\"name\\\":\\\"Netipong Punturee\\\",\\\"tel\\\":\\\"099-183-2541\\\",\\\"home\\\":\\\"131\\\",\\\"place\\\":\\\"1\\\",\\\"subdistrict\\\":\\\"\\u0e14\\u0e2d\\u0e19\\u0e17\\u0e2d\\u0e07\\\",\\\"district\\\":\\\"\\u0e40\\u0e21\\u0e37\\u0e2d\\u0e07\\u0e1e\\u0e34\\u0e29\\u0e13\\u0e38\\u0e42\\u0e25\\u0e01\\\",\\\"province\\\":\\\"\\u0e1e\\u0e34\\u0e29\\u0e13\\u0e38\\u0e42\\u0e25\\u0e01\\\",\\\"post\\\":\\\"65000\\\"}\",\"target_bank\":\"SCB\",\"transfer_date\":\"2560-05-24\",\"transfer_time\":\"22:02\",\"transfer_amount\":\"420.00\",\"total_price\":420}', 'EMS'),
('0524X03MV7', 497, 'FAIL', '2018-05-24 21:19:57', NULL, 50, 0, NULL, NULL, '{\"total_price\":100}', 'EMS'),
('05253NP0S7', 523, 'FAIL', '2018-05-25 21:51:04', NULL, 50, 0, NULL, NULL, '{\"total_price\":400}', 'EMS'),
('05254DAMZS', 522, 'FAIL', '2018-05-25 21:50:00', NULL, 50, 0, NULL, NULL, '{\"total_price\":170}', 'EMS'),
('05254ZX371', 213, 'FAIL', '2018-05-25 21:53:04', NULL, 50, 0, NULL, NULL, '{\"total_price\":640}', 'EMS'),
('05255ITHVJ', 66, 'SENT', '2018-05-25 06:45:25', 'EU473556529TH', 50, 0, NULL, '05255ITHVJ.png', '{\"address\":\"{\\\"name\\\":\\\"\\u0e1e\\u0e35\\u0e23\\u0e27\\u0e34\\u0e0a\\u0e0d\\u0e4c \\u0e2a\\u0e15\\u0e34\\u0e21\\u0e31\\u0e48\\u0e19\\\",\\\"tel\\\":\\\"0918513655\\\",\\\"home\\\":\\\"62\\\",\\\"place\\\":\\\"3\\\",\\\"subdistrict\\\":\\\"\\u0e01\\u0e25\\u0e32\\u0e07\\u0e40\\u0e27\\u0e35\\u0e22\\u0e07\\\",\\\"district\\\":\\\"\\u0e40\\u0e27\\u0e35\\u0e22\\u0e07\\u0e2a\\u0e32\\\",\\\"province\\\":\\\"\\u0e19\\u0e48\\u0e32\\u0e19\\\",\\\"post\\\":\\\"55110\\\"}\",\"target_bank\":\"SCB\",\"transfer_date\":\"2018-05-25\",\"transfer_time\":\"08:45\",\"transfer_amount\":\"550.00\",\"total_price\":550}', 'EMS'),
('05255P5NOH', 536, 'SENT', '2018-05-25 21:57:43', 'EV235058752TH', 50, 0, NULL, '05255P5NOH.jpg', '{\"address\":\"{\\\"name\\\":\\\"\\u0e13\\u0e31\\u0e10\\u0e40\\u0e19\\u0e28\\u0e23\\u0e4c\\u0e1e\\u0e25 \\u0e1c\\u0e38\\u0e2a\\u0e2a\\u0e23\\u0e32\\u0e04\\u0e4c\\u0e21\\u0e32\\u0e25\\u0e31\\u0e22\\\",\\\"tel\\\":\\\"0816449799\\\",\\\"home\\\":\\\"90\\/34\\\",\\\"place\\\":\\\"\\u0e27\\u0e31\\u0e0a\\u0e23\\u0e1e\\u0e25 1\\/4 \\u0e2b\\u0e21\\u0e39\\u0e48\\u0e1a\\u0e49\\u0e32\\u0e19\\u0e42\\u0e01\\u0e25\\u0e40\\u0e14\\u0e49\\u0e19\\u0e40\\u0e1e\\u0e25\\u0e2a\\\",\\\"subdistrict\\\":\\\"\\u0e17\\u0e48\\u0e32\\u0e41\\u0e23\\u0e49\\u0e07\\\",\\\"district\\\":\\\"\\u0e1a\\u0e32\\u0e07\\u0e40\\u0e02\\u0e19\\\",\\\"province\\\":\\\"\\u0e01\\u0e23\\u0e38\\u0e07\\u0e40\\u0e17\\u0e1e\\u0e21\\u0e2b\\u0e32\\u0e19\\u0e04\\u0e23\\\",\\\"post\\\":\\\"10220\\\"}\",\"target_bank\":\"BUA\",\"transfer_date\":\"2018-05-25\",\"transfer_time\":\"22:03\",\"transfer_amount\":\"450.00\",\"total_price\":450}', 'EMS'),
('05257094A1', 524, 'SENT', '2018-05-25 21:52:18', 'EV235058721TH', 50, 0, NULL, '05257094A1.jpg', '{\"address\":\"{\\\"name\\\":\\\"\\u0e04\\u0e2d\\u0e21 \\u0e15\\u0e49\\u0e19\\u0e11\\u0e38\\u0e25\\\",\\\"tel\\\":\\\"0987466453\\\",\\\"home\\\":\\\"\\u0e42\\u0e23\\u0e07\\u0e40\\u0e23\\u0e35\\u0e22\\u0e19\\u0e0a\\u0e38\\u0e21\\u0e0a\\u0e19\\u0e1a\\u0e49\\u0e32\\u0e19\\u0e44\\u0e21\\u0e49\\u0e25\\u0e38\\u0e07\\u0e02\\u0e19\\u0e21\\u0e34\\u0e15\\u0e23\\u0e20\\u0e32\\u0e1e\\u0e17\\u0e35\\u0e48169 \\\",\\\"place\\\":\\\"\\u0e2b\\u0e21\\u0e39\\u0e4810 \\\",\\\"subdistrict\\\":\\\"\\u0e41\\u0e21\\u0e48\\u0e2a\\u0e32\\u0e22\\\",\\\"district\\\":\\\"\\u0e41\\u0e21\\u0e48\\u0e2a\\u0e32\\u0e22\\\",\\\"province\\\":\\\"\\u0e40\\u0e0a\\u0e35\\u0e22\\u0e07\\u0e23\\u0e32\\u0e22\\\",\\\"post\\\":\\\"57130\\\"}\",\"target_bank\":\"SCB\",\"transfer_date\":\"2018-05-25\",\"transfer_time\":\"21:55\",\"transfer_amount\":\"700.00\",\"total_price\":700}', 'EMS'),
('052594G9OY', 516, 'SENT', '2018-05-25 11:12:25', 'EU473556475TH', 50, 0, NULL, '052594G9OY.jpg', '{\"address\":\"{\\\"name\\\":\\\"Ati P. Raruaysong\\\",\\\"tel\\\":\\\"0923795949\\\",\\\"home\\\":\\\"\\u0e1a\\u0e23\\u0e34\\u0e29\\u0e31\\u0e17 \\u0e40\\u0e1e\\u0e2d\\u0e23\\u0e4c\\u0e40\\u0e1f\\u0e04 \\u0e04\\u0e2d\\u0e21\\u0e1e\\u0e32\\u0e40\\u0e19\\u0e35\\u0e22\\u0e19 \\u0e01\\u0e23\\u0e38\\u0e4a\\u0e1b \\u0e08\\u0e33\\u0e01\\u0e31\\u0e14 \\u0e04\\u0e25\\u0e31\\u0e07\\u0e2a\\u0e34\\u0e19\\u0e04\\u0e49\\u0e32\\u0e04\\u0e25\\u0e2d\\u0e07\\u0e2b\\u0e25\\u0e27\\u0e07 \\u0e40\\u0e25\\u0e02\\u0e17\\u0e35\\u0e48 48\\/89\\\",\\\"place\\\":\\\"\\u0e2b\\u0e21\\u0e39\\u0e48 14 \\u0e16.\\u0e1e\\u0e2b\\u0e25\\u0e42\\u0e22\\u0e18\\u0e34\\u0e19 \\u0e01\\u0e21.47\\\",\\\"subdistrict\\\":\\\"\\u0e04\\u0e25\\u0e2d\\u0e07\\u0e2b\\u0e19\\u0e36\\u0e48\\u0e07\\\",\\\"district\\\":\\\"\\u0e04\\u0e25\\u0e2d\\u0e07\\u0e2b\\u0e25\\u0e27\\u0e07\\\",\\\"province\\\":\\\"\\u0e1b\\u0e17\\u0e38\\u0e21\\u0e18\\u0e32\\u0e19\\u0e35\\\",\\\"post\\\":\\\"12120\\\"}\",\"target_bank\":\"KBA\",\"transfer_date\":\"2018-05-25\",\"transfer_time\":\"11:19\",\"transfer_amount\":\"420.00\",\"total_price\":420}', 'EMS'),
('0525GS3HKN', 530, 'FAIL', '2018-05-25 21:53:41', NULL, 50, 0, NULL, NULL, '{\"total_price\":1050}', 'EMS'),
('0525GYS1JS', 550, 'FAIL', '2018-05-25 23:37:40', NULL, 50, 0, NULL, NULL, '{\"total_price\":350}', 'EMS'),
('0525O8VFDJ', 530, 'SENT', '2018-05-25 21:55:40', 'EV235058718TH', 50, 0, NULL, '0525O8VFDJ.jpeg', '{\"address\":\"{\\\"name\\\":\\\"Noppanat Thongpradit\\\",\\\"tel\\\":\\\"0949466899\\\",\\\"home\\\":\\\"5\\/6\\\",\\\"place\\\":\\\"\\u0e0b\\u0e2d\\u0e22 \\u0e27\\u0e38\\u0e12\\u0e32\\u0e01\\u0e32\\u0e2837 \\u0e16\\u0e19\\u0e19 \\u0e23\\u0e34\\u0e21\\u0e17\\u0e32\\u0e07\\u0e23\\u0e16\\u0e44\\u0e1f\\u0e2a\\u0e32\\u0e22\\u0e41\\u0e21\\u0e48\\u0e01\\u0e25\\u0e2d\\u0e07\\\",\\\"subdistrict\\\":\\\"\\u0e1a\\u0e32\\u0e07\\u0e04\\u0e49\\u0e2d\\\",\\\"district\\\":\\\"\\u0e08\\u0e2d\\u0e21\\u0e17\\u0e2d\\u0e07\\\",\\\"province\\\":\\\"\\u0e01\\u0e23\\u0e38\\u0e07\\u0e40\\u0e17\\u0e1e\\u0e21\\u0e2b\\u0e32\\u0e19\\u0e04\\u0e23\\\",\\\"post\\\":\\\"10150\\\"}\",\"target_bank\":\"KBA\",\"transfer_date\":\"2018-05-25\",\"transfer_time\":\"21:57\",\"transfer_amount\":\"1050.00\",\"total_price\":1050}', 'EMS'),
('0525OSQ14Y', 376, 'FAIL', '2018-05-25 09:58:51', NULL, 30, 0, NULL, NULL, '{\"total_price\":400}', 'REG'),
('0525P2AQNK', 528, 'SENT', '2018-05-25 21:53:14', 'RL719938283TH', 30, 0, NULL, '0525P2AQNK.jpg', '{\"address\":\"{\\\"name\\\":\\\"Thanapat Yoteruangsak\\\",\\\"tel\\\":\\\"0864195521\\\",\\\"home\\\":\\\"9\\/1\\\",\\\"place\\\":\\\"1\\\",\\\"subdistrict\\\":\\\"\\u0e2b\\u0e49\\u0e27\\u0e22\\u0e02\\u0e49\\u0e32\\u0e27\\u0e01\\u0e48\\u0e33\\\",\\\"district\\\":\\\"\\u0e08\\u0e38\\u0e19\\\",\\\"province\\\":\\\"\\u0e1e\\u0e30\\u0e40\\u0e22\\u0e32\\\",\\\"post\\\":\\\"56150\\\"}\",\"target_bank\":\"SCB\",\"transfer_date\":\"2561-05-25\",\"transfer_time\":\"21:55\",\"transfer_amount\":\"270.00\",\"total_price\":270}', 'REG'),
('0525Q7Z9IH', 514, 'SENT', '2018-05-25 09:38:55', 'EU473556515TH,EU473556492TH', 50, 0, NULL, '0525Q7Z9IH.jpg', '{\"address\":\"{\\\"name\\\":\\\"\\u0e23\\u0e38\\u0e08\\u0e34\\u0e23\\u0e32 \\u0e2d\\u0e23\\u0e38\\u0e13\\u0e01\\u0e34\\u0e08\\\",\\\"tel\\\":\\\"0816963617\\\",\\\"home\\\":\\\"200 \\u0e01\\u0e32\\u0e23\\u0e44\\u0e1f\\u0e1f\\u0e49\\u0e32\\u0e2a\\u0e48\\u0e27\\u0e19\\u0e20\\u0e39\\u0e21\\u0e34\\u0e20\\u0e32\\u0e04 \\u0e01\\u0e2d\\u0e07\\u0e1a\\u0e31\\u0e0d\\u0e0a\\u0e35\\u0e17\\u0e23\\u0e31\\u0e1e\\u0e22\\u0e4c\\u0e2a\\u0e34\\u0e19 \\u0e15\\u0e36\\u0e01 1 \\u0e0a\\u0e31\\u0e49\\u0e19 7\\\",\\\"place\\\":\\\"\\u0e16\\u0e19\\u0e19\\u0e07\\u0e32\\u0e21\\u0e27\\u0e07\\u0e28\\u0e4c\\u0e27\\u0e32\\u0e19\\\",\\\"subdistrict\\\":\\\"\\u0e41\\u0e02\\u0e27\\u0e07\\u0e25\\u0e32\\u0e14\\u0e22\\u0e32\\u0e27\\\",\\\"district\\\":\\\"\\u0e40\\u0e02\\u0e15\\u0e08\\u0e15\\u0e38\\u0e08\\u0e31\\u0e01\\u0e23\\\",\\\"province\\\":\\\"\\u0e01\\u0e17\\u0e21.\\\",\\\"post\\\":\\\"10900\\\"}\",\"target_bank\":\"SCB\",\"transfer_date\":\"25 \\u0e1e.\\u0e04.2561\",\"transfer_time\":\"09.42\",\"transfer_amount\":\"1170.00\",\"total_price\":1170}', 'EMS'),
('0525RXHUHP', 376, 'SENT', '2018-05-25 17:21:41', 'RL719938306TH', 30, 0, NULL, '0525RXHUHP.JPG', '{\"address\":\"{\\\"name\\\":\\\"\\u0e18\\u0e19\\u0e1e\\u0e25 \\u0e0a\\u0e37\\u0e48\\u0e19\\u0e0a\\u0e21\\\",\\\"tel\\\":\\\"0841019553\\\",\\\"home\\\":\\\"426-428\\\",\\\"place\\\":\\\"1\\\",\\\"subdistrict\\\":\\\"\\u0e2d\\u0e07\\u0e04\\u0e23\\u0e31\\u0e01\\u0e29\\u0e4c\\\",\\\"district\\\":\\\"\\u0e2d\\u0e07\\u0e04\\u0e23\\u0e31\\u0e01\\u0e29\\u0e4c\\\",\\\"province\\\":\\\"\\u0e19\\u0e04\\u0e23\\u0e19\\u0e32\\u0e22\\u0e01\\\",\\\"post\\\":\\\"26120\\\"}\",\"target_bank\":\"SCB\",\"transfer_date\":\"2018-05-25\",\"transfer_time\":\"17:23\",\"transfer_amount\":\"400.00\",\"total_price\":400}', 'REG'),
('0525VNC037', 521, 'SENT', '2018-05-25 21:37:38', 'RL719938297TH', 30, 0, NULL, '0525VNC037.jpeg', '{\"address\":\"{\\\"name\\\":\\\"Anon Ubolkomut\\\",\\\"tel\\\":\\\"0970965999\\\",\\\"home\\\":\\\"58\\/40 \\u0e2b\\u0e21\\u0e39\\u0e48\\u0e1a\\u0e49\\u0e32\\u0e19\\u0e2d\\u0e32\\u0e23\\u0e35\\u0e22\\u0e32\\\",\\\"place\\\":\\\"\\u0e16\\u0e19\\u0e19 \\u0e19\\u0e32\\u0e19\\u0e34\\u0e27\\u0e32\\u0e2a \\u0e0b\\u0e2d\\u0e22\\u0e19\\u0e32\\u0e04\\u0e19\\u0e34\\u0e27\\u0e32\\u0e2a6\\\",\\\"subdistrict\\\":\\\"\\u0e25\\u0e32\\u0e14\\u0e1e\\u0e23\\u0e49\\u0e32\\u0e27\\\",\\\"district\\\":\\\"\\u0e25\\u0e32\\u0e14\\u0e1e\\u0e23\\u0e49\\u0e32\\u0e27\\\",\\\"province\\\":\\\"\\u0e01\\u0e23\\u0e38\\u0e07\\u0e40\\u0e17\\u0e1e\\u0e21\\u0e2b\\u0e32\\u0e19\\u0e04\\u0e23\\\",\\\"post\\\":\\\"10230\\\"}\",\"target_bank\":\"KBA\",\"transfer_date\":\"2018-05-25\",\"transfer_time\":\"21:43\",\"transfer_amount\":\"110.00\",\"total_price\":110}', 'REG'),
('0525VY9Y8F', 518, 'SENT', '2018-05-25 19:37:34', 'EV235058766TH', 50, 0, NULL, '0525VY9Y8F.jpg', '{\"address\":\"{\\\"name\\\":\\\"Kittichai Trongjit\\\",\\\"tel\\\":\\\"0870787075\\\",\\\"home\\\":\\\"111\\/12 \\u0e40\\u0e2d\\u0e47\\u0e19 \\u0e41\\u0e2d\\u0e19\\u0e14\\u0e4c \\u0e40\\u0e2d\\u0e47\\u0e21 \\u0e42\\u0e2e\\u0e21\\u0e40\\u0e1e\\u0e25\\u0e2a (312)\\\",\\\"place\\\":\\\"\\u0e16\\u0e19\\u0e19\\u0e40\\u0e0a\\u0e37\\u0e48\\u0e2d\\u0e21\\u0e2a\\u0e31\\u0e21\\u0e1e\\u0e31\\u0e19\\u0e18\\u0e4c \\u0e0b\\u0e2d\\u0e22 13\\\",\\\"subdistrict\\\":\\\"\\u0e01\\u0e23\\u0e30\\u0e17\\u0e38\\u0e48\\u0e21\\u0e23\\u0e32\\u0e22\\\",\\\"district\\\":\\\"\\u0e2b\\u0e19\\u0e2d\\u0e07\\u0e08\\u0e2d\\u0e01\\\",\\\"province\\\":\\\"\\u0e01\\u0e23\\u0e38\\u0e07\\u0e40\\u0e17\\u0e1e\\u0e21\\u0e2b\\u0e32\\u0e19\\u0e04\\u0e23\\\",\\\"post\\\":\\\"10530\\\"}\",\"target_bank\":\"SCB\",\"transfer_date\":\"2018-05-25\",\"transfer_time\":\"19:41\",\"transfer_amount\":\"420.00\",\"total_price\":420}', 'EMS'),
('0525WJVDRN', 47, 'SENT', '2018-05-25 22:14:50', 'ergr', 50, 0, NULL, '0525WJVDRN.jpg', '{\"address\":\"{\\\"name\\\":\\\"Ratchapon Masphol\\\",\\\"tel\\\":\\\"0830245500\\\",\\\"home\\\":\\\"660\\/45\\\",\\\"place\\\":\\\"\\u0e1e\\u0e23\\u0e30\\u0e30\\u0e23\\u0e32\\u0e21\\u0e2a\\u0e35\\u0e48\\\",\\\"subdistrict\\\":\\\"\\u0e1a\\u0e32\\u0e07\\u0e23\\u0e31\\u0e01\\\",\\\"district\\\":\\\"\\u0e1a\\u0e32\\u0e07\\u0e23\\u0e31\\u0e01\\\",\\\"province\\\":\\\"\\u0e01\\u0e23\\u0e38\\u0e07\\u0e40\\u0e17\\u0e1e\\u0e21\\u0e2b\\u0e32\\u0e19\\u0e04\\u0e23\\\",\\\"post\\\":\\\"10500\\\"}\",\"target_bank\":\"SCB\",\"transfer_date\":\"2018-05-25\",\"transfer_time\":\"22:31\",\"transfer_amount\":\"130.00\",\"total_price\":130}', 'EMS'),
('05261WXJ6Z', 555, 'SENT', '2018-05-26 10:06:37', 'EV235058735TH', 50, 0, NULL, '05261WXJ6Z.PNG', '{\"address\":\"{\\\"name\\\":\\\"Chachrit Tumthong\\\",\\\"tel\\\":\\\"0627703203\\\",\\\"home\\\":\\\"1\\/135 \\\",\\\"place\\\":\\\"\\u0e16\\u0e19\\u0e19\\u0e1e\\u0e23\\u0e30\\u0e23\\u0e32\\u0e21 4\\\",\\\"subdistrict\\\":\\\"\\u0e25\\u0e38\\u0e21\\u0e1e\\u0e34\\u0e19\\u0e35\\\",\\\"district\\\":\\\"\\u0e1b\\u0e17\\u0e38\\u0e21\\u0e27\\u0e31\\u0e19\\\",\\\"province\\\":\\\"\\u0e01\\u0e23\\u0e38\\u0e07\\u0e40\\u0e17\\u0e1e\\u0e21\\u0e2b\\u0e32\\u0e19\\u0e04\\u0e23\\\",\\\"post\\\":\\\"10330\\\"}\",\"target_bank\":\"SCB\",\"transfer_date\":\"2018-05-26\",\"transfer_time\":\"10:08\",\"transfer_amount\":\"400\",\"total_price\":400}', 'EMS'),
('05262YC792', 580, 'FAIL', '2018-05-26 22:31:11', NULL, 50, 0, NULL, NULL, '{\"total_price\":850}', 'EMS'),
('052677ZDTC', 588, 'SENT', '2018-05-26 22:54:25', 'RL719955763TH', 30, 0, NULL, '052677ZDTC.jpeg', '{\"address\":\"{\\\"name\\\":\\\"Warisara Kuruchakorn\\\",\\\"tel\\\":\\\"0859494114\\\",\\\"home\\\":\\\"156\\\",\\\"place\\\":\\\"\\u0e2b\\u0e21\\u0e39\\u0e486\\\",\\\"subdistrict\\\":\\\"\\u0e2b\\u0e49\\u0e27\\u0e22\\u0e2d\\u0e49\\u0e2d\\\",\\\"district\\\":\\\"\\u0e25\\u0e2d\\u0e07\\\",\\\"province\\\":\\\"\\u0e41\\u0e1e\\u0e23\\u0e48\\\",\\\"post\\\":\\\"54150\\\"}\",\"target_bank\":\"SCB\",\"transfer_date\":\"2018-05-26\",\"transfer_time\":\"22:56\",\"transfer_amount\":\"230.00\",\"total_price\":230}', 'REG'),
('052694M22A', 600, 'SENT', '2018-05-26 23:59:48', 'EV235052088TH', 30, 0, NULL, '052694M22A.jpeg', '{\"address\":\"{\\\"name\\\":\\\"\\u0e40\\u0e08\\u0e29\\u0e0e\\u0e32 \\u0e19\\u0e1e\\u0e23\\u0e31\\u0e15\\u0e19\\u0e4c\\\",\\\"tel\\\":\\\"0962607196\\\",\\\"home\\\":\\\"19\\/390 (\\u0e1e\\u0e39\\u0e19\\u0e2a\\u0e38\\u0e02\\u0e41\\u0e21\\u0e19\\u0e0a\\u0e31\\u0e48\\u0e19 \\u0e2b\\u0e49\\u0e2d\\u0e07309)\\\",\\\"place\\\":\\\"\\u0e2b\\u0e21\\u0e39\\u0e48.5 \\u0e16.\\u0e1e\\u0e2b\\u0e25\\u0e42\\u0e22\\u0e18\\u0e34\\u0e19\\\",\\\"subdistrict\\\":\\\"\\u0e04\\u0e25\\u0e2d\\u0e07\\u0e16\\u0e19\\u0e19\\\",\\\"district\\\":\\\"\\u0e2a\\u0e32\\u0e22\\u0e44\\u0e2b\\u0e21\\\",\\\"province\\\":\\\"\\u0e01\\u0e23\\u0e38\\u0e07\\u0e40\\u0e17\\u0e1e\\u0e21\\u0e2b\\u0e32\\u0e19\\u0e04\\u0e23\\\",\\\"post\\\":\\\"10220\\\"}\",\"target_bank\":\"TRU\",\"transfer_date\":\"2018-05-27\",\"transfer_time\":\"00:02\",\"transfer_amount\":\"230.00\",\"total_price\":230}', 'REG'),
('0526C5EH6V', 198, 'SENT', '2018-05-26 22:51:18', 'RL719955785TH', 30, 0, NULL, '0526C5EH6V.jpg', '{\"address\":\"{\\\"name\\\":\\\"\\u0e2a\\u0e34\\u0e23\\u0e27\\u0e34\\u0e0a\\u0e0d\\u0e4c \\u0e1e\\u0e48\\u0e27\\u0e07\\u0e15\\u0e23\\u0e30\\u0e01\\u0e39\\u0e25 \\\",\\\"tel\\\":\\\"0937892748\\\",\\\"home\\\":\\\"98\\/3 \\\",\\\"place\\\":\\\"\\u0e2b\\u0e21\\u0e39\\u0e48 9\\\",\\\"subdistrict\\\":\\\"\\u0e17\\u0e38\\u0e48\\u0e07\\u0e2a\\u0e07\\\",\\\"district\\\":\\\"\\u0e19\\u0e32\\u0e1a\\u0e2d\\u0e19\\\",\\\"province\\\":\\\"\\u0e19\\u0e04\\u0e23\\u0e28\\u0e23\\u0e35\\u0e18\\u0e23\\u0e23\\u0e21\\u0e23\\u0e32\\u0e0a\\\",\\\"post\\\":\\\"80220\\\"}\",\"target_bank\":\"KBA\",\"transfer_date\":\"2018-05-26\",\"transfer_time\":\"22:58\",\"transfer_amount\":\"280.00\",\"total_price\":280}', 'REG'),
('0526CB9I7S', 47, 'SENT', '2018-05-26 22:43:58', 'J', 50, 0, NULL, '0526CB9I7S.jpeg', '{\"address\":\"{\\\"name\\\":\\\"Ratchapon Masphol\\\",\\\"tel\\\":\\\"0830245500\\\",\\\"home\\\":\\\"660\\/45\\\",\\\"place\\\":\\\"\\u0e1e\\u0e23\\u0e30\\u0e30\\u0e23\\u0e32\\u0e21\\u0e2a\\u0e35\\u0e48\\\",\\\"subdistrict\\\":\\\"\\u0e1a\\u0e32\\u0e07\\u0e23\\u0e31\\u0e01\\\",\\\"district\\\":\\\"\\u0e1a\\u0e32\\u0e07\\u0e23\\u0e31\\u0e01\\\",\\\"province\\\":\\\"\\u0e01\\u0e23\\u0e38\\u0e07\\u0e40\\u0e17\\u0e1e\\u0e21\\u0e2b\\u0e32\\u0e19\\u0e04\\u0e23\\\",\\\"post\\\":\\\"10500\\\"}\",\"target_bank\":\"SCB\",\"transfer_date\":\"2018-05-26\",\"transfer_time\":\"22:50\",\"transfer_amount\":\"3050.00\",\"total_price\":3050}', 'EMS'),
('0526CVZ5M9', 578, 'SENT', '2018-05-26 22:30:24', 'EV235051785TH', 50, 0, NULL, '0526CVZ5M9.jpg', '{\"address\":\"{\\\"name\\\":\\\"\\u0e20\\u0e13\\u0e1e\\u0e23 \\u0e28\\u0e34\\u0e27\\u0e30\\u0e17\\u0e31\\u0e15\\\",\\\"tel\\\":\\\"0824464945\\\",\\\"home\\\":\\\"16\\/64\\\",\\\"place\\\":\\\"\\u0e04\\u0e2d\\u0e19\\u0e42\\u0e14\\u0e0a\\u0e32\\u0e42\\u0e15\\u0e27\\u0e4c\\u0e2d\\u0e34\\u0e19\\u0e17\\u0e32\\u0e27\\u0e19\\u0e4c \\u0e23\\u0e31\\u0e0a\\u0e14\\u0e3219 \\u0e0b\\u0e2d\\u0e22 \\u0e23\\u0e31\\u0e0a\\u0e14\\u0e32\\u0e20\\u0e34\\u0e40\\u0e29\\u0e01 19\\\",\\\"subdistrict\\\":\\\"\\u0e14\\u0e34\\u0e19\\u0e41\\u0e14\\u0e07\\\",\\\"district\\\":\\\"\\u0e14\\u0e34\\u0e19\\u0e41\\u0e14\\u0e07\\\",\\\"province\\\":\\\"\\u0e01\\u0e23\\u0e38\\u0e07\\u0e40\\u0e17\\u0e1e\\u0e21\\u0e2b\\u0e32\\u0e19\\u0e04\\u0e23\\\",\\\"post\\\":\\\"10400\\\"}\",\"target_bank\":\"TMB\",\"transfer_date\":\"2018-05-26\",\"transfer_time\":\"22:35\",\"transfer_amount\":\"450.00\",\"total_price\":450}', 'EMS'),
('0526F9SQPG', 539, 'SENT', '2018-05-26 09:34:23', 'EV235058749TH', 50, 0, NULL, '0526F9SQPG.png', '{\"address\":\"{\\\"name\\\":\\\"Win Win\\\",\\\"tel\\\":\\\"0982659725\\\",\\\"home\\\":\\\"975\\\",\\\"place\\\":\\\"\\u0e15\\u0e32\\u0e01\\u0e2a\\u0e34\\u0e1935\\/2\\\",\\\"subdistrict\\\":\\\"\\u0e1a\\u0e38\\u0e04\\u0e04\\u0e42\\u0e25\\\",\\\"district\\\":\\\"\\u0e18\\u0e19\\u0e1a\\u0e38\\u0e23\\u0e35\\\",\\\"province\\\":\\\"\\u0e01\\u0e23\\u0e38\\u0e07\\u0e40\\u0e17\\u0e1e\\u0e21\\u0e2b\\u0e32\\u0e19\\u0e04\\u0e23\\\",\\\"post\\\":\\\"10600\\\"}\",\"target_bank\":\"TRU\",\"transfer_date\":\"2018-05-26\",\"transfer_time\":\"09:40\",\"transfer_amount\":\"400.00\",\"total_price\":400}', 'EMS'),
('0526FBHPQR', 386, 'FAIL', '2018-05-26 22:42:16', NULL, 50, 0, NULL, NULL, '{\"total_price\":500}', 'EMS'),
('0526FOV1SV', 574, 'FAIL', '2018-05-26 15:24:57', NULL, 30, 0, NULL, NULL, '{\"total_price\":150}', 'REG'),
('0526GV3USA', 522, 'FAIL', '2018-05-26 22:55:04', NULL, 50, 0, NULL, NULL, '{\"total_price\":340}', 'EMS'),
('0526K1J12O', 198, 'SENT', '2018-05-26 22:07:30', 'EV235051768TH', 50, 0, NULL, '0526K1J12O.jpg', '{\"address\":\"{\\\"name\\\":\\\"\\u0e18\\u0e19\\u0e20\\u0e31\\u0e17\\u0e23 \\u0e08\\u0e34\\u0e23\\u0e40\\u0e08\\u0e23\\u0e34\\u0e0d\\u0e40\\u0e27\\u0e28\\u0e19\\u0e4c\\\",\\\"tel\\\":\\\"0921966541\\\",\\\"home\\\":\\\"9 \\\",\\\"place\\\":\\\"\\u0e2b\\u0e21\\u0e39\\u0e48 6 \\\",\\\"subdistrict\\\":\\\"\\u0e2b\\u0e19\\u0e2d\\u0e07\\u0e2b\\u0e07\\u0e2a\\u0e4c \\\",\\\"district\\\":\\\"\\u0e17\\u0e38\\u0e48\\u0e07\\u0e2a\\u0e07 \\\",\\\"province\\\":\\\"\\u0e19\\u0e04\\u0e23\\u0e28\\u0e23\\u0e35\\u0e18\\u0e23\\u0e23\\u0e21\\u0e23\\u0e32\\u0e0a\\\",\\\"post\\\":\\\"80110\\\"}\",\"target_bank\":\"TMB\",\"transfer_date\":\"2018-05-26\",\"transfer_time\":\"22:38\",\"transfer_amount\":\"350.00\",\"total_price\":350}', 'EMS'),
('0526LJ89WS', 585, 'FAIL', '2018-05-26 22:59:20', NULL, 50, 0, NULL, NULL, '{\"total_price\":340}', 'EMS'),
('0526LUKHAB', 589, 'FAIL', '2018-05-26 23:00:57', NULL, 50, 0, NULL, NULL, '{\"total_price\":1850}', 'EMS'),
('0526MQQZSV', 555, 'FAIL', '2018-05-26 01:45:13', NULL, 50, 0, NULL, NULL, '{\"total_price\":400}', 'EMS'),
('0526NK8KSD', 592, 'FAIL', '2018-05-26 23:08:23', NULL, 30, 0, NULL, NULL, '{\"total_price\":730}', 'REG'),
('0526OWNFJE', 403, 'FAIL', '2018-05-26 21:49:04', NULL, 30, 0, NULL, NULL, '{\"total_price\":980}', 'REG'),
('0526S350II', 224, 'SENT', '2018-05-26 22:22:57', 'EV235051811TH', 50, 0, NULL, '0526S350II.jpeg', '{\"address\":\"{\\\"name\\\":\\\"Xiaoxian Ng\\\",\\\"tel\\\":\\\"0992401534\\\",\\\"home\\\":\\\"A.p. Apartment (\\u0e2b\\u0e49\\u0e2d\\u0e07 209)\\\",\\\"place\\\":\\\"-\\\",\\\"subdistrict\\\":\\\"\\u0e1a\\u0e49\\u0e32\\u0e19\\u0e14\\u0e39\\u0e48\\\",\\\"district\\\":\\\"\\u0e40\\u0e21\\u0e37\\u0e2d\\u0e07\\u0e40\\u0e0a\\u0e35\\u0e22\\u0e07\\u0e23\\u0e32\\u0e22\\\",\\\"province\\\":\\\"\\u0e40\\u0e0a\\u0e35\\u0e22\\u0e07\\u0e23\\u0e32\\u0e22\\\",\\\"post\\\":\\\"57100\\\"}\",\"target_bank\":\"KTB\",\"transfer_date\":\"2018-05-26\",\"transfer_time\":\"22:25\",\"transfer_amount\":\"300.00\",\"total_price\":300}', 'EMS'),
('0526SNFKN6', 564, 'FAIL', '2018-05-26 09:35:43', NULL, 50, 0, NULL, NULL, '{\"total_price\":350}', 'EMS'),
('0526X1PQZZ', 575, 'SENT', '2018-05-26 16:51:04', 'RL719955777TH', 30, 0, NULL, '0526X1PQZZ.jpg', '{\"address\":\"{\\\"name\\\":\\\"Wannasil Surakumpeeranon\\\",\\\"tel\\\":\\\"0839732714\\\",\\\"home\\\":\\\"20\\\",\\\"place\\\":\\\"\\u0e0b.\\u0e01\\u0e23\\u0e38\\u0e07\\u0e18\\u0e19\\u0e1a\\u0e38\\u0e23\\u0e351\\\",\\\"subdistrict\\\":\\\"\\u0e04\\u0e25\\u0e2d\\u0e07\\u0e15\\u0e49\\u0e19\\u0e44\\u0e17\\u0e23\\\",\\\"district\\\":\\\"\\u0e04\\u0e25\\u0e2d\\u0e07\\u0e2a\\u0e32\\u0e19\\\",\\\"province\\\":\\\"\\u0e01\\u0e23\\u0e38\\u0e07\\u0e40\\u0e17\\u0e1e\\u0e21\\u0e2b\\u0e32\\u0e19\\u0e04\\u0e23\\\",\\\"post\\\":\\\"10600\\\"}\",\"target_bank\":\"SCB\",\"transfer_date\":\"2018-05-26\",\"transfer_time\":\"17:02\",\"transfer_amount\":\"430.00\",\"total_price\":430}', 'REG'),
('0526YDPTV0', 551, 'FAIL', '2018-05-26 00:27:29', NULL, 50, 0, NULL, NULL, '{\"total_price\":1050}', 'EMS'),
('05272WIY50', 608, 'FAIL', '2018-05-27 01:39:26', NULL, 50, 0, NULL, NULL, '{\"total_price\":750}', 'EMS'),
('0527332R4T', 584, 'SENT', '2018-05-27 09:31:38', 'EV235051754TH', 50, 0, NULL, '0527332R4T.jpeg', '{\"address\":\"{\\\"name\\\":\\\"\\u0e13\\u0e31\\u0e10\\u0e14\\u0e19\\u0e31\\u0e22 \\u0e40\\u0e02\\u0e35\\u0e22\\u0e19\\u0e2a\\u0e32\\\",\\\"tel\\\":\\\"0843238822\\\",\\\"home\\\":\\\"56\\/214 \\u0e2b\\u0e21\\u0e39\\u0e48\\u0e1a\\u0e49\\u0e32\\u0e19 \\u0e21\\u0e31\\u0e13\\u0e11\\u0e19\\u0e32\\u0e27\\u0e07\\u0e41\\u0e2b\\u0e27\\u0e19\\u0e1b\\u0e34\\u0e48\\u0e19\\u0e40\\u0e01\\u0e25\\u0e49\\u0e32\\\",\\\"place\\\":\\\"\\u0e16\\u0e19\\u0e19 \\u0e1a\\u0e32\\u0e07\\u0e21\\u0e48\\u0e27\\u0e07-\\u0e1a\\u0e32\\u0e07\\u0e04\\u0e39\\u0e25\\u0e31\\u0e14\\\",\\\"subdistrict\\\":\\\"\\u0e1b\\u0e25\\u0e32\\u0e22\\u0e1a\\u0e32\\u0e07\\\",\\\"district\\\":\\\"\\u0e1a\\u0e32\\u0e07\\u0e01\\u0e23\\u0e27\\u0e22\\\",\\\"province\\\":\\\"\\u0e19\\u0e19\\u0e17\\u0e1a\\u0e38\\u0e23\\u0e35\\\",\\\"post\\\":\\\"11130\\\"}\",\"target_bank\":\"SCB\",\"transfer_date\":\"2018-05-27\",\"transfer_time\":\"10:07\",\"transfer_amount\":\"650.00\",\"total_price\":650}', 'EMS'),
('05273QISVD', 621, 'SENT', '2018-05-27 13:01:29', '', 30, 0, NULL, '05273QISVD.jpg', '{\"address\":\"{\\\"name\\\":\\\"Jack Jakkrit\\\",\\\"tel\\\":\\\"0958916000\\\",\\\"home\\\":\\\"22\\/16\\\",\\\"place\\\":\\\"\\u0e2b\\u0e21\\u0e39\\u0e48\\u0e1a\\u0e49\\u0e32\\u0e19\\u0e20\\u0e31\\u0e2a\\u0e2a\\u0e23 \\u0e16\\u0e19\\u0e19\\u0e01\\u0e31\\u0e25\\u0e1b\\u0e1e\\u0e24\\u0e01\\u0e29\\u0e4c\\\",\\\"subdistrict\\\":\\\"\\u0e1a\\u0e32\\u0e07\\u0e02\\u0e38\\u0e19\\u0e40\\u0e17\\u0e35\\u0e22\\u0e19\\\",\\\"district\\\":\\\"\\u0e08\\u0e2d\\u0e21\\u0e17\\u0e2d\\u0e07\\\",\\\"province\\\":\\\"\\u0e01\\u0e23\\u0e38\\u0e07\\u0e40\\u0e17\\u0e1e\\u0e21\\u0e2b\\u0e32\\u0e19\\u0e04\\u0e23\\\",\\\"post\\\":\\\"10150\\\"}\",\"target_bank\":\"KBA\",\"transfer_date\":\"2018-05-27\",\"transfer_time\":\"13:06\",\"transfer_amount\":\"2130.00\",\"total_price\":2130}', 'REG'),
('052752CRTU', 602, 'SENT', '2018-05-27 10:50:44', 'EV235051799TH', 50, 0, NULL, '052752CRTU.jpeg', '{\"address\":\"{\\\"name\\\":\\\"Phu Siwakorn\\\",\\\"tel\\\":\\\"0918528562\\\",\\\"home\\\":\\\"28\\\",\\\"place\\\":\\\"\\u0e2b\\u0e21\\u0e39\\u0e48 16\\\",\\\"subdistrict\\\":\\\"\\u0e19\\u0e32\\u0e07\\u0e41\\u0e25\\\",\\\"district\\\":\\\"\\u0e40\\u0e21\\u0e37\\u0e2d\\u0e07\\u0e40\\u0e0a\\u0e35\\u0e22\\u0e07\\u0e23\\u0e32\\u0e22\\\",\\\"province\\\":\\\"\\u0e40\\u0e0a\\u0e35\\u0e22\\u0e07\\u0e23\\u0e32\\u0e22\\\",\\\"post\\\":\\\"57100\\\"}\",\"target_bank\":\"KTB\",\"transfer_date\":\"2018-05-27\",\"transfer_time\":\"10:52\",\"transfer_amount\":\"750.00\",\"total_price\":750}', 'EMS'),
('0527968QUS', 604, 'FAIL', '2018-05-27 00:17:15', NULL, 30, 0, NULL, NULL, '{\"total_price\":400}', 'REG'),
('0527CUKKNS', 625, 'SENT', '2018-05-27 12:30:42', 'EV235051808TH', 50, 0, NULL, '0527CUKKNS.jpeg', '{\"address\":\"{\\\"name\\\":\\\"Jaturong Anusri\\\",\\\"tel\\\":\\\"0909738906\\\",\\\"home\\\":\\\"52\\/15\\\",\\\"place\\\":\\\"\\u0e2b\\u0e21\\u0e39\\u0e48\\u0e1a\\u0e49\\u0e48\\u0e19\\u0e19\\u0e34\\u0e25\\u0e25\\u0e14\\u0e32 \\u0e0b.\\u0e1b\\u0e23\\u0e30\\u0e0a\\u0e32\\u0e2d\\u0e38\\u0e17\\u0e34\\u0e2872\\\",\\\"subdistrict\\\":\\\"\\u0e17\\u0e38\\u0e48\\u0e07\\u0e04\\u0e23\\u0e38\\\",\\\"district\\\":\\\"\\u0e17\\u0e38\\u0e48\\u0e07\\u0e04\\u0e23\\u0e38\\\",\\\"province\\\":\\\"\\u0e01\\u0e23\\u0e38\\u0e07\\u0e40\\u0e17\\u0e1e\\u0e21\\u0e2b\\u0e32\\u0e19\\u0e04\\u0e23\\\",\\\"post\\\":\\\"10140\\\"}\",\"target_bank\":\"SCB\",\"transfer_date\":\"2018-05-27\",\"transfer_time\":\"12:33\",\"transfer_amount\":\"850.00\",\"total_price\":850}', 'EMS'),
('0527D91QAL', 622, 'SENT', '2018-05-27 11:46:44', 'SIAM000621426', 60, 0, NULL, '0527D91QAL.jpg', '{\"address\":\"{\\\"name\\\":\\\"\\u0e19\\u0e32\\u0e22 \\u0e2a\\u0e2b\\u0e0a\\u0e32\\u0e15\\u0e34 \\u0e14\\u0e2d\\u0e01\\u0e01\\u0e38\\u0e2b\\u0e25\\u0e32\\u0e1a\\\",\\\"tel\\\":\\\"0898119421\\\",\\\"home\\\":\\\"56\\\",\\\"place\\\":\\\"14 \\u0e1a\\u0e49\\u0e32\\u0e19\\u0e28\\u0e32\\u0e25\\u0e32\\u0e27\\u0e31\\u0e07\\u0e42\\u0e04\\u0e49\\u0e07 \\u0e0b\\u0e2d\\u0e224\\\",\\\"subdistrict\\\":\\\"\\u0e1b\\u0e48\\u0e32\\u0e2b\\u0e38\\u0e48\\u0e07\\\",\\\"district\\\":\\\"\\u0e1e\\u0e32\\u0e19\\\",\\\"province\\\":\\\"\\u0e40\\u0e0a\\u0e35\\u0e22\\u0e07\\u0e23\\u0e32\\u0e22\\\",\\\"post\\\":\\\"57120\\\"}\",\"target_bank\":\"BUA\",\"transfer_date\":\"2561-05-27\",\"transfer_time\":\"11:48\",\"transfer_amount\":\"860.00\",\"total_price\":860}', 'KER'),
('0527DEEHEJ', 606, 'SENT', '2018-05-27 00:42:16', '', 60, 0, NULL, '0527DEEHEJ.jpeg', '{\"address\":\"{\\\"name\\\":\\\"Chaichana Rojanapanpat\\\",\\\"tel\\\":\\\"0638380888\\\",\\\"home\\\":\\\"1278-80\\\",\\\"place\\\":\\\"\\u0e19\\u0e04\\u0e23\\u0e44\\u0e0a\\u0e22\\u0e28\\u0e23\\u0e35\\\",\\\"subdistrict\\\":\\\"\\u0e16\\u0e19\\u0e19\\u0e19\\u0e04\\u0e23\\u0e44\\u0e0a\\u0e22\\u0e28\\u0e23\\u0e35\\\",\\\"district\\\":\\\"\\u0e14\\u0e38\\u0e2a\\u0e34\\u0e15\\\",\\\"province\\\":\\\"\\u0e01\\u0e23\\u0e38\\u0e07\\u0e40\\u0e17\\u0e1e\\u0e21\\u0e2b\\u0e32\\u0e19\\u0e04\\u0e23\\\",\\\"post\\\":\\\"10300\\\"}\",\"target_bank\":\"KTB\",\"transfer_date\":\"2018-05-27\",\"transfer_time\":\"00:45\",\"transfer_amount\":\"760.00\",\"total_price\":760}', 'KER'),
('0527EL0RMH', 609, 'SENT', '2018-05-27 02:06:33', 'EV235051771TH', 50, 0, NULL, '0527EL0RMH.jpg', '{\"address\":\"{\\\"name\\\":\\\"\\u0e01\\u0e38\\u0e25\\u0e1b\\u0e23\\u0e35\\u0e22\\u0e32 \\u0e2b\\u0e30\\u0e2b\\u0e21\\u0e32\\u0e19\\\",\\\"tel\\\":\\\"0949914900\\\",\\\"home\\\":\\\"1263\\/258. \\u0e41\\u0e1f\\u0e25\\u0e15\\u0e15\\u0e33\\u0e23\\u0e27\\u0e08\\u0e21\\u0e49\\u0e32\\\",\\\"place\\\":\\\"\\u0e2b\\u0e21\\u0e39\\u0e484. \\u0e16.\\u0e40\\u0e2d\\u0e01\\u0e0a\\u0e31\\u0e22\\\",\\\"subdistrict\\\":\\\"\\u0e1a\\u0e32\\u0e07\\u0e1a\\u0e2d\\u0e19\\\",\\\"district\\\":\\\"\\u0e1a\\u0e32\\u0e07\\u0e1a\\u0e2d\\u0e19\\\",\\\"province\\\":\\\"\\u0e01\\u0e23\\u0e38\\u0e07\\u0e40\\u0e17\\u0e1e\\u0e21\\u0e2b\\u0e32\\u0e19\\u0e04\\u0e23\\\",\\\"post\\\":\\\"10150\\\"}\",\"target_bank\":\"KBA\",\"transfer_date\":\"2018-05-27\",\"transfer_time\":\"02:02\",\"transfer_amount\":\"1000.00\",\"total_price\":950}', 'EMS'),
('0527IDMLAT', 607, 'SENT', '2018-05-27 03:45:57', 'SIAM000621425', 60, 0, NULL, '0527IDMLAT.jpeg', '{\"address\":\"{\\\"name\\\":\\\"Tam Yosakron\\\",\\\"tel\\\":\\\"0617582444\\\",\\\"home\\\":\\\"312\\/104\\\",\\\"place\\\":\\\"\\u0e0b\\u0e2d\\u0e22 1\\\",\\\"subdistrict\\\":\\\"\\u0e14\\u0e2d\\u0e19\\u0e40\\u0e21\\u0e37\\u0e2d\\u0e07\\\",\\\"district\\\":\\\"\\u0e14\\u0e2d\\u0e19\\u0e40\\u0e21\\u0e37\\u0e2d\\u0e07\\\",\\\"province\\\":\\\"\\u0e01\\u0e23\\u0e38\\u0e07\\u0e40\\u0e17\\u0e1e\\u0e21\\u0e2b\\u0e32\\u0e19\\u0e04\\u0e23\\\",\\\"post\\\":\\\"10210\\\"}\",\"target_bank\":\"KBA\",\"transfer_date\":\"2018-05-27\",\"transfer_time\":\"03:50\",\"transfer_amount\":\"760.00\",\"total_price\":760}', 'KER'),
('0527KP03Q2', 589, 'FAIL', '2018-05-27 01:15:49', NULL, 50, 0, NULL, NULL, '{\"total_price\":1850}', 'EMS'),
('0527NY3OT0', 609, 'FAIL', '2018-05-27 01:48:19', NULL, 50, 0, NULL, NULL, '{\"total_price\":950}', 'EMS'),
('0527QE5UIH', 617, 'FAIL', '2018-05-27 10:48:56', NULL, 50, 0, NULL, NULL, '{\"total_price\":170}', 'EMS'),
('0527VNX2OD', 613, 'FAIL', '2018-05-27 06:48:13', NULL, 50, 0, NULL, NULL, '{\"total_price\":650}', 'EMS'),
('0527ZPNIP0', 613, 'SENT', '2018-05-27 06:53:45', 'SIAM000621427', 60, 0, NULL, '0527ZPNIP0.jpeg', '{\"address\":\"{\\\"name\\\":\\\"Nuttiwut Ittikul\\\",\\\"tel\\\":\\\"0874103634\\\",\\\"home\\\":\\\"333 \\u0e23\\u0e38\\u0e48\\u0e07\\u0e40\\u0e08\\u0e23\\u0e34\\u0e0d\\u0e40\\u0e23\\u0e2a\\u0e2a\\u0e34\\u0e40\\u0e14\\u0e49\\u0e19\\u0e17\\u0e4c \\u0e2b\\u0e49\\u0e2d\\u0e07 501\\\",\\\"place\\\":\\\"\\u0e2b\\u0e21\\u0e39\\u0e48 7 \\\",\\\"subdistrict\\\":\\\"\\u0e17\\u0e38\\u0e48\\u0e07\\u0e2a\\u0e38\\u0e02\\u0e25\\u0e32\\\",\\\"district\\\":\\\"\\u0e28\\u0e23\\u0e35\\u0e23\\u0e32\\u0e0a\\u0e32\\\",\\\"province\\\":\\\"\\u0e0a\\u0e25\\u0e1a\\u0e38\\u0e23\\u0e35\\\",\\\"post\\\":\\\"20230\\\"}\",\"target_bank\":\"BUA\",\"transfer_date\":\"2018-05-27\",\"transfer_time\":\"06:56\",\"transfer_amount\":\"1260.00\",\"total_price\":1260}', 'KER'),
('052820SL9A', 47, 'SENT', '2018-05-28 18:53:12', 'EU57536746TH', 50, 0, NULL, '052820SL9A.jpg', '{\"address\":\"{\\\"name\\\":\\\"Ratchapon Masphol\\\",\\\"tel\\\":\\\"0830245500\\\",\\\"home\\\":\\\"660\\/45\\\",\\\"place\\\":\\\"\\u0e1e\\u0e23\\u0e30\\u0e30\\u0e23\\u0e32\\u0e21\\u0e2a\\u0e35\\u0e48\\\",\\\"subdistrict\\\":\\\"\\u0e1a\\u0e32\\u0e07\\u0e23\\u0e31\\u0e01\\\",\\\"district\\\":\\\"\\u0e1a\\u0e32\\u0e07\\u0e23\\u0e31\\u0e01\\\",\\\"province\\\":\\\"\\u0e01\\u0e23\\u0e38\\u0e07\\u0e40\\u0e17\\u0e1e\\u0e21\\u0e2b\\u0e32\\u0e19\\u0e04\\u0e23\\\",\\\"post\\\":\\\"10500\\\"}\",\"target_bank\":\"SCB\",\"transfer_date\":\"2018-01-01\",\"transfer_time\":\"00:59\",\"transfer_amount\":\"600.00\",\"total_price\":600}', 'EMS'),
('05286PKB6J', 48, 'FAIL', '2018-05-28 17:55:50', NULL, 50, 0, NULL, NULL, '{\"total_price\":600}', 'EMS'),
('0528AIPHDN', 631, 'FAIL', '2018-05-28 00:25:58', NULL, 60, 0, NULL, NULL, '{\"total_price\":360}', 'KER'),
('0528H5K3U4', 47, 'FAIL', '2018-05-28 18:28:36', NULL, 50, 0, NULL, NULL, '{\"total_price\":340}', 'EMS'),
('0528LGBL7G', 631, 'FAIL', '2018-05-28 06:29:01', NULL, 60, 0, NULL, NULL, '{\"total_price\":360}', 'KER'),
('0528LUK84A', 565, 'SENT', '2018-05-28 12:57:27', 'EU474407565TH', 50, 0, NULL, '0528LUK84A.jpg', '{\"address\":\"{\\\"name\\\":\\\"\\u0e27\\u0e31\\u0e0a\\u0e23\\u0e30 \\u0e2a\\u0e38\\u0e27\\u0e34\\u0e0a\\u0e31\\u0e22\\\",\\\"tel\\\":\\\"0806536193\\\",\\\"home\\\":\\\"101\\\",\\\"place\\\":\\\"14\\\",\\\"subdistrict\\\":\\\"\\u0e23\\u0e32\\u0e07\\u0e1a\\u0e31\\u0e27\\\",\\\"district\\\":\\\"\\u0e08\\u0e2d\\u0e21\\u0e1a\\u0e36\\u0e07\\\",\\\"province\\\":\\\"\\u0e23\\u0e32\\u0e0a\\u0e1a\\u0e38\\u0e23\\u0e35\\\",\\\"post\\\":\\\"70150\\\"}\",\"target_bank\":\"KBA\",\"transfer_date\":\"2018-05-28\",\"transfer_time\":\"13:45\",\"transfer_amount\":\"350.00\",\"total_price\":350}', 'EMS'),
('0528QFTEBQ', 48, 'FAIL', '2018-05-28 14:34:43', NULL, 50, 0, NULL, NULL, '{\"total_price\":130}', 'EMS'),
('0528QW3CSG', 634, 'SENT', '2018-05-28 01:34:42', 'EU474407557TH', 50, 0, NULL, '0528QW3CSG.jpg', '{\"address\":\"{\\\"name\\\":\\\"Pemika Pandee\\\",\\\"tel\\\":\\\"0894277707\\\",\\\"home\\\":\\\"\\u0e28\\u0e39\\u0e19\\u0e22\\u0e4c\\u0e41\\u0e1e\\u0e17\\u0e22\\u0e28\\u0e32\\u0e2a\\u0e15\\u0e23\\u0e4c\\u0e28\\u0e36\\u0e01\\u0e29\\u0e32\\u0e0a\\u0e31\\u0e49\\u0e19\\u0e04\\u0e25\\u0e34\\u0e19\\u0e34\\u0e01 \\u0e42\\u0e23\\u0e07\\u0e1e\\u0e22\\u0e32\\u0e1a\\u0e32\\u0e25\\u0e28\\u0e23\\u0e35\\u0e2a\\u0e30\\u0e40\\u0e01\\u0e29 0859\\\",\\\"place\\\":\\\"\\u0e16\\u0e19\\u0e19 \\u0e01\\u0e2a\\u0e34\\u0e01\\u0e23\\u0e23\\u0e21\\\",\\\"subdistrict\\\":\\\"\\u0e40\\u0e21\\u0e37\\u0e2d\\u0e07\\u0e43\\u0e15\\u0e49\\\",\\\"district\\\":\\\"\\u0e40\\u0e21\\u0e37\\u0e2d\\u0e07\\u0e28\\u0e23\\u0e35\\u0e2a\\u0e30\\u0e40\\u0e01\\u0e29\\\",\\\"province\\\":\\\"\\u0e28\\u0e23\\u0e35\\u0e2a\\u0e30\\u0e40\\u0e01\\u0e29\\\",\\\"post\\\":\\\"33000\\\"}\",\"target_bank\":\"KTB\",\"transfer_date\":\"2018-05-28\",\"transfer_time\":\"01:38\",\"transfer_amount\":\"550.00\",\"total_price\":550}', 'EMS'),
('0528SRE4XP', 64, 'PRINT', '2018-05-28 16:28:47', NULL, 50, 0, NULL, '0528SRE4XP.jpg', '{\"address\":\"{\\\"name\\\":\\\"\\u0e20\\u0e39\\u0e27\\u0e14\\u0e25 \\u0e17\\u0e30\\u0e27\\u0e31\\u0e19\\u0e01\\u0e38\\u0e25\\\",\\\"tel\\\":\\\"0922787504\\\",\\\"home\\\":\\\"111\\/424\\\",\\\"place\\\":\\\"\\u0e0b\\u0e2d\\u0e22\\u0e2a\\u0e32\\u0e22\\u0e44\\u0e2b\\u0e21 13 (\\u0e2b\\u0e21\\u0e39\\u0e48\\u0e1a\\u0e49\\u0e32\\u0e19\\u0e2d\\u0e31\\u0e21\\u0e23\\u0e34\\u0e19\\u0e17\\u0e23\\u0e4c 3 \\u0e1c\\u0e31\\u0e07 1)\\\",\\\"subdistrict\\\":\\\"\\u0e2a\\u0e32\\u0e22\\u0e44\\u0e2b\\u0e21\\\",\\\"district\\\":\\\"\\u0e2a\\u0e32\\u0e22\\u0e44\\u0e2b\\u0e21\\\",\\\"province\\\":\\\"\\u0e01\\u0e23\\u0e38\\u0e07\\u0e40\\u0e17\\u0e1e\\u0e21\\u0e2b\\u0e32\\u0e19\\u0e04\\u0e23\\\",\\\"post\\\":\\\"10220\\\"}\",\"target_bank\":\"KBA\",\"transfer_date\":\"2561-05-28\",\"transfer_time\":\"16:34\",\"transfer_amount\":\"500.00\",\"total_price\":500}', 'EMS'),
('0528UQP3VO', 89, 'PRINT', '2018-05-28 18:53:37', NULL, 50, 0, NULL, '0528UQP3VO.png', '{\"address\":\"{\\\"name\\\":\\\"Teerapat Somsriagsornsang\\\",\\\"tel\\\":\\\"0625478669\\\",\\\"place\\\":\\\"71\\/14 \\u0e0b.\\u0e40\\u0e1e\\u0e0a\\u0e23\\u0e40\\u0e01\\u0e29\\u0e2181\\/1\\\",\\\"subdistrict\\\":\\\"\\u0e2b\\u0e19\\u0e2d\\u0e07\\u0e04\\u0e49\\u0e32\\u0e07\\u0e1e\\u0e25\\u0e39\\\",\\\"district\\\":\\\"\\u0e2b\\u0e19\\u0e2d\\u0e07\\u0e41\\u0e02\\u0e21\\\",\\\"province\\\":\\\"\\u0e01\\u0e23\\u0e38\\u0e07\\u0e40\\u0e17\\u0e1e\\u0e21\\u0e2b\\u0e32\\u0e19\\u0e04\\u0e23\\\",\\\"post\\\":\\\"10160\\\"}\",\"target_bank\":\"TRU\",\"transfer_date\":\"2018-05-28\",\"transfer_time\":\"18:56\",\"transfer_amount\":\"340.00\",\"total_price\":340}', 'EMS'),
('0528YJJ3SI', 47, 'FAIL', '2018-05-28 17:51:34', NULL, 50, 0, NULL, NULL, '{\"total_price\":130}', 'EMS'),
('05297AZSPD', 652, 'PRINT', '2018-05-29 11:05:50', NULL, 50, 0, NULL, '05297AZSPD.jpg', '{\"address\":\"{\\\"name\\\":\\\"\\u0e2a\\u0e23\\u0e28\\u0e31\\u0e01\\u0e14\\u0e34\\u0e4c \\u0e08\\u0e48\\u0e32\\u0e40\\u0e1e\\u0e47\\u0e07\\\",\\\"tel\\\":\\\"08134770988\\\",\\\"home\\\":\\\"74\\/10\\\",\\\"place\\\":\\\"\\u0e2b\\u0e21\\u0e39\\u0e48 2\\\",\\\"subdistrict\\\":\\\"\\u0e43\\u0e19\\u0e04\\u0e25\\u0e2d\\u0e07\\u0e1a\\u0e32\\u0e07\\u0e1b\\u0e25\\u0e32\\u0e01\\u0e14\\\",\\\"district\\\":\\\"\\u0e1e\\u0e23\\u0e30\\u0e2a\\u0e21\\u0e38\\u0e17\\u0e23\\u0e40\\u0e08\\u0e14\\u0e35\\u0e22\\u0e4c\\\",\\\"province\\\":\\\"\\u0e2a\\u0e21\\u0e38\\u0e17\\u0e23\\u0e1b\\u0e23\\u0e32\\u0e01\\u0e32\\u0e23\\\",\\\"post\\\":\\\"10290\\\"}\",\"target_bank\":\"KTB\",\"transfer_date\":\"2018-05-29\",\"transfer_time\":\"11:22\",\"transfer_amount\":\"550.00\",\"total_price\":550}', 'EMS');
INSERT INTO `order` (`order_code`, `customer_id`, `status`, `order_time`, `tracking_no`, `delivery_fee`, `discount`, `expire_time`, `payment_file`, `payment_detail`, `delivery_type`) VALUES
('0529EWPFOK', 646, 'PRINT', '2018-05-29 00:32:05', NULL, 50, 0, NULL, '0529EWPFOK.jpeg', '{\"address\":\"{\\\"name\\\":\\\"\\u0e18\\u0e19\\u0e27\\u0e23\\u0e23\\u0e29 \\u0e20\\u0e39\\u0e21\\u0e34\\u0e1b\\u0e23\\u0e30\\u0e1e\\u0e31\\u0e17\\u0e18\\u0e4c\\\",\\\"tel\\\":\\\"0910308448\\\",\\\"home\\\":\\\"10\\/22\\\",\\\"place\\\":\\\"\\u0e2b\\u0e21\\u0e39\\u0e48 4\\\",\\\"subdistrict\\\":\\\"\\u0e40\\u0e17\\u0e1e\\u0e01\\u0e23\\u0e30\\u0e29\\u0e31\\u0e15\\u0e23\\u0e35\\\",\\\"district\\\":\\\"\\u0e16\\u0e25\\u0e32\\u0e07\\\",\\\"province\\\":\\\"\\u0e20\\u0e39\\u0e40\\u0e01\\u0e47\\u0e15\\\",\\\"post\\\":\\\"83110\\\"}\",\"target_bank\":\"SCB\",\"transfer_date\":\"2018-05-29\",\"transfer_time\":\"00:39\",\"transfer_amount\":\"1050.00\",\"total_price\":1050}', 'EMS'),
('0529KI772O', 539, 'PRINT', '2018-05-29 11:49:58', NULL, 50, 0, NULL, '0529KI772O.png', '{\"address\":\"{\\\"name\\\":\\\"\\u0e21\\u0e32\\u0e27\\u0e34\\u0e19 \\u0e40\\u0e02\\u0e47\\u0e21\\u0e17\\u0e2d\\u0e07\\u0e40\\u0e08\\u0e23\\u0e34\\u0e0d\\\",\\\"tel\\\":\\\"0982659725\\\",\\\"home\\\":\\\"975\\\",\\\"place\\\":\\\"\\u0e15\\u0e32\\u0e01\\u0e2a\\u0e34\\u0e1935\\/2\\\",\\\"subdistrict\\\":\\\"\\u0e1a\\u0e38\\u0e04\\u0e04\\u0e42\\u0e25\\\",\\\"district\\\":\\\"\\u0e18\\u0e19\\u0e1a\\u0e38\\u0e23\\u0e35\\\",\\\"province\\\":\\\"\\u0e01\\u0e23\\u0e38\\u0e07\\u0e40\\u0e17\\u0e1e\\u0e21\\u0e2b\\u0e32\\u0e19\\u0e04\\u0e23\\\",\\\"post\\\":\\\"10600\\\"}\",\"target_bank\":\"TRU\",\"transfer_date\":\"2018-05-29\",\"transfer_time\":\"11:52\",\"transfer_amount\":\"250.00\",\"total_price\":250}', 'EMS'),
('0529N29M3S', 649, 'FAIL', '2018-05-29 08:24:25', NULL, 50, 0, NULL, NULL, '{\"total_price\":550}', 'EMS'),
('0529PUZQZ0', 651, 'PRINT', '2018-05-29 11:04:36', NULL, 50, 0, NULL, '0529PUZQZ0.jpg', '{\"address\":\"{\\\"name\\\":\\\"Sirapat Sukarporn\\\",\\\"tel\\\":\\\"0925499514\\\",\\\"home\\\":\\\"1300\\/566\\\",\\\"place\\\":\\\"\\u0e19\\u0e23\\u0e23\\u0e32\\u0e0a\\u0e2d\\u0e38\\u0e17\\u0e34\\u0e28\\\",\\\"subdistrict\\\":\\\"\\u0e21\\u0e2b\\u0e32\\u0e0a\\u0e31\\u0e22\\\",\\\"district\\\":\\\"\\u0e40\\u0e21\\u0e37\\u0e2d\\u0e07\\u0e2a\\u0e21\\u0e38\\u0e17\\u0e23\\u0e2a\\u0e32\\u0e04\\u0e23\\\",\\\"province\\\":\\\"\\u0e2a\\u0e21\\u0e38\\u0e17\\u0e23\\u0e2a\\u0e32\\u0e04\\u0e23\\\",\\\"post\\\":\\\"74000\\\"}\",\"target_bank\":\"KBA\",\"transfer_date\":\"2018-05-29\",\"transfer_time\":\"11:06\",\"transfer_amount\":\"550.00\",\"total_price\":550}', 'EMS'),
('0529R78D8X', 651, 'FAIL', '2018-05-29 10:48:42', NULL, 50, 0, NULL, NULL, '{\"total_price\":550}', 'EMS'),
('0529VYXG3S', 650, 'PRINT', '2018-05-29 11:56:30', NULL, 50, 0, NULL, '0529VYXG3S.jpeg', '{\"address\":\"{\\\"name\\\":\\\"Athip Panpiboon\\\",\\\"tel\\\":\\\"0983422790\\\",\\\"home\\\":\\\"197\\\",\\\"place\\\":\\\"\\u0e2b\\u0e21\\u0e39\\u0e48 9\\\",\\\"subdistrict\\\":\\\"\\u0e40\\u0e21\\u0e37\\u0e2d\\u0e07\\u0e40\\u0e1e\\u0e35\\u0e22\\\",\\\"district\\\":\\\"\\u0e01\\u0e38\\u0e14\\u0e08\\u0e31\\u0e1a\\\",\\\"province\\\":\\\"\\u0e2d\\u0e38\\u0e14\\u0e23\\u0e18\\u0e32\\u0e19\\u0e35\\\",\\\"post\\\":\\\"41250\\\"}\",\"target_bank\":\"SCB\",\"transfer_date\":\"2018-05-29\",\"transfer_time\":\"12:26\",\"transfer_amount\":\"300.00\",\"total_price\":300}', 'EMS');

-- --------------------------------------------------------

--
-- Table structure for table `order_product`
--

CREATE TABLE `order_product` (
  `order_code` varchar(10) NOT NULL,
  `product_code` varchar(30) NOT NULL,
  `price` int(11) DEFAULT NULL,
  `amount` int(11) DEFAULT NULL,
  `create_time` datetime DEFAULT CURRENT_TIMESTAMP
) ENGINE=InnoDB DEFAULT CHARSET=utf8;

--
-- Dumping data for table `order_product`
--

INSERT INTO `order_product` (`order_code`, `product_code`, `price`, `amount`, `create_time`) VALUES
('0510GTJDBZ', 'PT3RDKAEW', 400, 1, '2018-05-10 23:49:36'),
('0510OVCDC0', 'PT3RDCHER', 800, 1, '2018-05-10 23:39:55'),
('0510VQDSEQ', 'PT3RDCHER', 800, 1, '2018-05-10 23:53:51'),
('051165CF2V', 'PT3RDTW', 200, 1, '2018-05-11 22:30:20'),
('05119OSORJ', 'PT3RDMOBI', 250, 1, '2018-05-11 23:49:52'),
('0511ECX0YK', 'PT3RDCAN', 250, 1, '2018-05-11 01:27:39'),
('0511GIBDHY', 'PT3RDORN', 400, 1, '2018-05-11 22:32:42'),
('0511RB1HLS', 'PT3RDMOBI', 250, 1, '2018-05-11 23:45:44'),
('0511U5OEZD', 'PT3RDNS', 150, 1, '2018-05-11 23:28:28'),
('0511U5OEZD', 'PT3RDPUN', 450, 1, '2018-05-11 23:28:28'),
('0511X6ZFH4', 'PT3RDMOBI', 250, 1, '2018-05-11 23:11:24'),
('0511Y11DJD', 'PT3RDPUN', 450, 1, '2018-05-11 22:23:58'),
('0511Y6WLYQ', 'PT3RDNS', 150, 1, '2018-05-11 22:33:34'),
('0512787J6L', 'PT3RDPUPE', 200, 1, '2018-05-12 00:08:02'),
('0512KO0QO1', 'CD2NDEMP', 250, 1, '2018-05-12 13:51:17'),
('0512MX92H7', 'PT3RDORN', 400, 1, '2018-05-12 01:22:42'),
('05137BA80Z', 'PT3RDKORN', 100, 1, '2018-05-13 19:58:41'),
('051410TXWI', 'WRISCAMP', 190, 1, '2018-05-14 23:34:01'),
('051418SP7K', 'WRISCAMP', 190, 1, '2018-05-14 22:54:43'),
('05142E3NYA', 'CD2NDEMP', 250, 1, '2018-05-14 23:37:07'),
('05143Y6RGY', 'WRISCAMP', 190, 1, '2018-05-14 22:56:22'),
('05147ZM7E2', 'WRISCAMP', 190, 1, '2018-05-14 22:54:37'),
('0514B2RETW', 'WRISCAMP', 190, 1, '2018-05-14 23:00:10'),
('0514E0A0FC', 'WRISCAMP', 190, 1, '2018-05-14 22:56:42'),
('0514I6Y3KQ', 'WRISCAMP', 190, 1, '2018-05-14 23:01:09'),
('0514JJWVP7', 'SHRTBNKWH', 480, 1, '2018-05-14 23:35:52'),
('0514NI4HFX', 'YAYOCARDMUSI', 600, 1, '2018-05-14 11:39:38'),
('0514NI4HFX', 'YAYOGLASJENN', 550, 1, '2018-05-14 11:39:38'),
('0514PKHCXG', 'PT3RDNS', 150, 1, '2018-05-14 23:21:16'),
('0514S9MF5L', 'WRISCAMP', 190, 1, '2018-05-14 22:57:45'),
('0514X80T1H', 'WRISCAMP', 190, 1, '2018-05-14 22:59:47'),
('0514YGUU0G', 'WRISCAMP', 190, 1, '2018-05-14 22:58:42'),
('051507YCRX', 'WRISCAMP', 190, 1, '2018-05-15 08:20:32'),
('05150DKGYK', 'WRISCAMP', 190, 1, '2018-05-15 16:46:27'),
('05150IXUGF', 'WRISCAMP', 190, 1, '2018-05-15 22:37:22'),
('05151I3F83', 'WRISCAMP', 190, 1, '2018-05-15 08:23:23'),
('05151T340N', 'CD2NDEMP', 250, 1, '2018-05-15 22:24:04'),
('051532BSK9', 'CD2NDEMP', 250, 1, '2018-05-15 00:07:34'),
('051532BSK9', 'PT3RDKORN', 100, 1, '2018-05-15 00:07:34'),
('05153EIJVH', 'PT3RDMIND', 150, 1, '2018-05-15 23:14:16'),
('05154792V6', 'WRISCAMP', 190, 1, '2018-05-15 06:40:08'),
('05155MS4FT', 'WRISCAMP', 190, 1, '2018-05-15 22:29:07'),
('051584BBE7', 'WRISCAMP', 190, 1, '2018-05-15 22:25:03'),
('05158HA7WB', 'WRISCAMP', 190, 1, '2018-05-15 22:37:07'),
('0515A312SC', 'WRISCAMP', 190, 1, '2018-05-15 22:28:34'),
('0515B18OSU', 'WRISCAMP', 190, 1, '2018-05-15 10:29:10'),
('0515BYGXU0', 'WRISCAMP', 190, 1, '2018-05-15 22:22:32'),
('0515C0O70P', 'WRISCAMP', 190, 1, '2018-05-15 22:29:55'),
('0515C170GW', 'WRISCAMP', 190, 1, '2018-05-15 02:06:15'),
('0515C2V8N1', 'WRISCAMP', 190, 1, '2018-05-15 22:33:56'),
('0515C3AEUE', 'WRISCAMP', 190, 1, '2018-05-15 22:33:52'),
('0515DLIZ06', 'WRISCAMP', 190, 2, '2018-05-15 22:34:29'),
('0515DTOFOJ', 'CD2NDEMP', 250, 1, '2018-05-15 22:24:24'),
('0515DW1TXU', 'CD2NDEMP', 250, 2, '2018-05-15 23:25:48'),
('0515E2IE7B', 'WRISCAMP', 190, 1, '2018-05-15 22:40:48'),
('0515E6MLFM', 'WRISCAMP', 190, 1, '2018-05-15 20:15:53'),
('0515EKNPUF', 'WRISCAMP', 190, 1, '2018-05-15 22:34:56'),
('0515ENNGHK', 'PT3RDNS', 150, 1, '2018-05-15 01:18:49'),
('0515ENNGHK', 'WRISCAMP', 190, 1, '2018-05-15 01:18:49'),
('0515ESXGJQ', 'WRISCAMP', 190, 1, '2018-05-15 22:17:37'),
('0515FX8L7G', 'WRISCAMP', 190, 1, '2018-05-15 22:25:26'),
('0515G4BXHJ', 'WRISCAMP', 190, 1, '2018-05-15 10:39:02'),
('0515GA1WVX', 'WRISCAMP', 190, 1, '2018-05-15 22:18:31'),
('0515GNDUVC', 'WRISCAMP', 190, 3, '2018-05-15 22:38:45'),
('0515H7GDE6', 'WRISCAMP', 190, 5, '2018-05-15 22:25:13'),
('0515HGJAJT', 'WRISCAMP', 190, 1, '2018-05-15 22:26:58'),
('0515J7OHPM', 'WRISCAMP', 190, 1, '2018-05-15 22:33:14'),
('0515JVENBR', 'WRISCAMP', 190, 1, '2018-05-15 22:19:52'),
('0515KM09TT', 'PT3RDNOEY', 400, 1, '2018-05-15 22:53:21'),
('0515M8K3RY', 'WRISCAMP', 190, 1, '2018-05-15 22:21:06'),
('0515ND8IU9', 'PT3RDMAYS', 50, 1, '2018-05-15 23:08:46'),
('0515NS243H', 'WRISCAMP', 190, 1, '2018-05-15 22:37:20'),
('0515OIFNIJ', 'WRISCAMP', 190, 1, '2018-05-15 20:07:21'),
('0515RC9LRE', 'WRISCAMP', 190, 1, '2018-05-15 22:22:39'),
('0515RGMPJN', 'WRISCAMP', 190, 1, '2018-05-15 22:35:55'),
('0515RW831F', 'WRISCAMP', 190, 1, '2018-05-15 22:39:37'),
('0515S0D5WL', 'WRISCAMP', 190, 1, '2018-05-15 22:26:51'),
('0515S91KV9', 'WRISCAMP', 190, 1, '2018-05-15 22:29:53'),
('0515VIZ222', 'WRISCAMP', 190, 1, '2018-05-15 22:30:14'),
('0515VNABCA', 'WRISCAMP', 190, 1, '2018-05-15 22:32:18'),
('0515XS4IA5', 'WRISCAMP', 190, 1, '2018-05-15 22:20:20'),
('0515YQDAF6', 'PT3RDJAA', 70, 7, '2018-05-15 22:18:49'),
('0515YV99I4', 'WRISCAMP', 190, 1, '2018-05-15 01:30:58'),
('0515Z1A5GG', 'WRISCAMP', 190, 1, '2018-05-15 22:19:25'),
('0515Z1OL30', 'WRISCAMP', 190, 1, '2018-05-15 22:24:19'),
('0515ZAMMN7', 'WRISCAMP', 190, 1, '2018-05-15 22:18:37'),
('05164PNJ22', 'WRISCAMP', 190, 1, '2018-05-16 06:43:59'),
('05165PY5X0', 'WRISCAMP', 190, 2, '2018-05-16 00:41:02'),
('05165Q3N7Q', 'CD2NDEMP', 250, 1, '2018-05-16 11:32:02'),
('05167F9HY1', 'WRISCAMP', 190, 1, '2018-05-16 06:13:26'),
('0516B6TAP4', 'WRISCAMP', 190, 1, '2018-05-16 06:42:38'),
('0516BMK5YV', 'WRISCAMP', 190, 1, '2018-05-16 08:13:23'),
('0516BUQN1G', 'WRISCAMP', 190, 1, '2018-05-16 06:28:11'),
('0516CMNHRM', 'WRISCAMP', 190, 1, '2018-05-16 08:22:22'),
('0516ET40IB', 'CD2NDEMP', 250, 1, '2018-05-16 12:06:33'),
('0516NKPIB5', 'WRISCAMP', 190, 1, '2018-05-16 02:03:23'),
('0516O581BF', 'WRISCAMP', 190, 2, '2018-05-16 01:11:11'),
('0516QUQ7VO', 'WRISCAMP', 190, 1, '2018-05-16 01:19:20'),
('0516S24TM0', 'WRISCAMP', 190, 1, '2018-05-16 05:52:41'),
('0516SAFESK', 'WRISCAMP', 190, 1, '2018-05-16 06:40:54'),
('0516VIZSZR', 'WRISCAMP', 190, 1, '2018-05-16 11:24:03'),
('0516WD9QA7', 'PT3RDNN', 200, 1, '2018-05-16 15:32:09'),
('0516YMHF1D', 'WRISCAMP', 190, 1, '2018-05-16 01:20:31'),
('05175MTD2U', 'PT3RDPUPE', 200, 1, '2018-05-17 07:09:50'),
('0517BCTZNR', 'PT3RDNN', 200, 1, '2018-05-17 14:30:36'),
('0517BCTZNR', 'PT3RDPUPE', 200, 1, '2018-05-17 14:30:36'),
('0517EB2XUX', 'CD2NDEMP', 250, 1, '2018-05-17 19:49:03'),
('0517EB2XUX', 'PT3RDCHER', 650, 1, '2018-05-17 19:49:03'),
('0517EB2XUX', 'PT3RDKATE', 50, 1, '2018-05-17 19:49:03'),
('0517EB2XUX', 'PT3RDMOBI', 250, 1, '2018-05-17 19:49:03'),
('0517EB2XUX', 'PT3RDMUSI', 450, 1, '2018-05-17 19:49:03'),
('0517EB2XUX', 'PT3RDPUN', 450, 1, '2018-05-17 19:49:03'),
('0517EB2XUX', 'PT3RDRINA', 70, 1, '2018-05-17 19:49:03'),
('051800EVHW', 'WRISCOOKIE', 140, 1, '2018-05-18 21:50:20'),
('051800EVHW', 'WRISDEBUT', 150, 1, '2018-05-18 21:50:20'),
('0518058HRF', 'WRISDEBUT', 150, 1, '2018-05-18 22:50:42'),
('0518156OMB', 'WRISDEBUT', 150, 1, '2018-05-18 22:50:12'),
('05184NXUK4', 'HS3RD', 550, 3, '2018-05-18 21:55:05'),
('05184ZYD5C', 'PT3RDKORN', 100, 1, '2018-05-18 22:46:12'),
('05186UQGL5', 'PT3RDPUPE', 200, 1, '2018-05-18 12:25:41'),
('05187HSBK7', 'WRIS365', 140, 1, '2018-05-18 22:39:49'),
('05187HSBK7', 'WRISCOOKIE', 140, 1, '2018-05-18 22:39:49'),
('05187HSBK7', 'WRISDEBUT', 150, 1, '2018-05-18 22:39:49'),
('05187QE2UD', 'WRISDEBUT', 150, 1, '2018-05-18 22:56:57'),
('05187T5SN4', 'WRIS365', 140, 1, '2018-05-18 22:44:48'),
('05187T5SN4', 'WRISDEBUT', 150, 1, '2018-05-18 22:44:48'),
('051888H0TB', 'WRIS365', 140, 1, '2018-05-18 22:48:50'),
('051888H0TB', 'WRISCOOKIE', 140, 1, '2018-05-18 22:48:50'),
('051888H0TB', 'WRISDEBUT', 150, 1, '2018-05-18 22:48:50'),
('0518892EBD', 'WRISCOOKIE', 140, 1, '2018-05-18 22:48:09'),
('0518ARWV9G', 'WRIS365', 140, 1, '2018-05-18 22:39:18'),
('0518ARWV9G', 'WRISCOOKIE', 140, 1, '2018-05-18 22:39:18'),
('0518ARWV9G', 'WRISDEBUT', 150, 1, '2018-05-18 22:39:18'),
('0518BVP9IH', 'WRIS365', 140, 1, '2018-05-18 22:30:19'),
('0518BVP9IH', 'WRISCAMP', 190, 1, '2018-05-18 22:30:19'),
('0518DYMVDB', 'WRIS365', 140, 1, '2018-05-18 22:05:06'),
('0518DYMVDB', 'WRISCOOKIE', 140, 1, '2018-05-18 22:05:06'),
('0518EGY0ZD', 'WRISDEBUT', 150, 1, '2018-05-18 22:40:59'),
('0518G2LHMA', 'WRISDEBUT', 150, 1, '2018-05-18 22:58:20'),
('0518HYJ3ZF', 'WRIS365', 140, 2, '2018-05-18 22:53:33'),
('0518HYJ3ZF', 'WRISDEBUT', 150, 1, '2018-05-18 22:53:33'),
('0518IDX12F', 'CD2NDEMP', 250, 1, '2018-05-18 22:19:27'),
('0518IDX12F', 'HS3RD', 550, 1, '2018-05-18 22:19:27'),
('0518J30JOF', 'WRIS365', 140, 1, '2018-05-18 22:48:45'),
('0518JM9V95', 'WRIS365', 140, 1, '2018-05-18 22:39:27'),
('0518LOFOSV', 'WRISDEBUT', 150, 1, '2018-05-18 22:53:31'),
('0518LUUNVJ', 'WRIS365', 140, 4, '2018-05-18 22:49:16'),
('0518LUUNVJ', 'WRISCOOKIE', 140, 1, '2018-05-18 22:49:16'),
('0518LUUNVJ', 'WRISDEBUT', 150, 4, '2018-05-18 22:49:16'),
('0518MEEEND', 'WRISDEBUT', 150, 1, '2018-05-18 22:50:07'),
('0518MQZ0XK', 'WRISDEBUT', 150, 1, '2018-05-18 22:42:37'),
('0518NN3RZH', 'CD2NDEMP', 250, 3, '2018-05-18 22:20:18'),
('0518NN3RZH', 'HS3RD', 550, 1, '2018-05-18 22:20:18'),
('0518O3S995', 'WRIS365', 140, 1, '2018-05-18 22:17:26'),
('0518O3S995', 'WRISCOOKIE', 140, 1, '2018-05-18 22:17:26'),
('0518O3S995', 'WRISDEBUT', 150, 1, '2018-05-18 22:17:26'),
('0518S9PCPW', 'PT3RDORN', 400, 1, '2018-05-18 22:53:04'),
('0518S9PCPW', 'WRIS365', 140, 3, '2018-05-18 22:53:04'),
('0518U7JJSI', 'WRISCOOKIE', 140, 1, '2018-05-18 22:44:23'),
('0518UXR9CH', 'CD2NDEMP', 250, 1, '2018-05-18 23:22:07'),
('0518VI3L8X', 'WRIS365', 140, 1, '2018-05-18 22:48:52'),
('0518VI3L8X', 'WRISCOOKIE', 140, 1, '2018-05-18 22:48:52'),
('0518VI3L8X', 'WRISDEBUT', 150, 1, '2018-05-18 22:48:52'),
('0518ZEQ1BU', 'WRIS365', 140, 1, '2018-05-18 22:48:23'),
('051910J04D', 'FRAMEL1ST', 80, 5, '2018-05-19 21:40:02'),
('051910J04D', 'POST1ST', 370, 1, '2018-05-19 21:40:02'),
('051910J04D', 'STICCAMPUS', 130, 1, '2018-05-19 21:40:02'),
('051914D6L8', 'PT3RDMOBI', 250, 1, '2018-05-19 13:22:01'),
('051934GNWI', 'POST1ST', 370, 1, '2018-05-19 22:45:18'),
('05195MMVGW', 'WRIS365', 140, 1, '2018-05-19 02:48:30'),
('05195MMVGW', 'WRISDEBUT', 150, 1, '2018-05-19 02:48:30'),
('051964V2OX', 'WRIS365', 140, 1, '2018-05-19 06:43:21'),
('051964V2OX', 'WRISDEBUT', 150, 1, '2018-05-19 06:43:21'),
('05196CVPL1', 'POST1ST', 370, 1, '2018-05-19 22:44:57'),
('05196KMWC4', 'WRISDEBUT', 150, 1, '2018-05-19 08:51:56'),
('05198KQ6Q1', 'WRIS365', 140, 1, '2018-05-19 06:48:31'),
('05198KQ6Q1', 'WRISCOOKIE', 140, 1, '2018-05-19 06:48:31'),
('05198KQ6Q1', 'WRISDEBUT', 150, 1, '2018-05-19 06:48:31'),
('05198M1231', 'POST1ST', 370, 1, '2018-05-19 23:56:20'),
('05199S33XW', 'CD2NDEMP', 250, 1, '2018-05-19 15:13:21'),
('0519AFNGI7', 'POST1ST', 370, 1, '2018-05-19 23:02:52'),
('0519B03EW5', 'WRIS365', 140, 1, '2018-05-19 01:48:23'),
('0519BQ7NGG', 'POST1ST', 370, 1, '2018-05-19 23:08:23'),
('0519C4ACR3', 'WRIS365', 140, 1, '2018-05-19 03:06:41'),
('0519C4ACR3', 'WRISDEBUT', 150, 1, '2018-05-19 03:06:41'),
('0519C6VTQ8', 'WRISCOOKIE', 140, 1, '2018-05-19 09:59:54'),
('0519CSNCA0', 'WRIS365', 140, 1, '2018-05-19 08:12:29'),
('0519CSNCA0', 'WRISDEBUT', 150, 1, '2018-05-19 08:12:29'),
('0519EOBQ25', 'WRISCOOKIE', 140, 1, '2018-05-19 01:05:19'),
('0519EWYIES', 'WRIS365', 140, 1, '2018-05-19 09:41:57'),
('0519FADYJ5', 'WRIS365', 140, 1, '2018-05-19 13:54:24'),
('0519HMCYVJ', 'POST1ST', 370, 1, '2018-05-19 22:51:29'),
('0519JCFZFD', 'POST1ST', 370, 1, '2018-05-19 22:47:47'),
('0519JRL5AY', 'WRISDEBUT', 150, 1, '2018-05-19 11:05:06'),
('0519K2L93G', 'PT3RDJIB', 50, 1, '2018-05-19 14:24:19'),
('0519K2L93G', 'PT3RDMIND', 150, 1, '2018-05-19 14:24:19'),
('0519K2L93G', 'PT3RDNS', 150, 1, '2018-05-19 14:24:19'),
('0519MGGYVV', 'WRISDEBUT', 150, 1, '2018-05-19 01:47:19'),
('0519NQC8EY', 'FRAMEL1ST', 80, 1, '2018-05-19 21:19:20'),
('0519OI1QQT', 'PT3RDNOEY', 400, 1, '2018-05-19 00:01:38'),
('0519OI1QQT', 'PT3RDORN', 400, 1, '2018-05-19 00:01:38'),
('0519OI1QQT', 'YAYOGLASNOEY', 650, 1, '2018-05-19 00:01:38'),
('0519P5RJ0J', 'HS3RD', 550, 10, '2018-05-19 13:31:31'),
('0519PTR970', 'WRISDEBUT', 150, 1, '2018-05-19 00:54:23'),
('0519QP9SR9', 'PT3RDMAYS', 50, 1, '2018-05-19 00:28:16'),
('0519SGR2PD', 'POST1ST', 370, 1, '2018-05-19 23:14:32'),
('0519VIKZ93', 'PT3RDMUSI', 450, 1, '2018-05-19 11:18:04'),
('0519VIKZ93', 'SHRTBNKWH', 480, 1, '2018-05-19 11:18:04'),
('0519VR71AE', 'WRISDEBUT', 150, 1, '2018-05-19 13:28:47'),
('0519XY0YD2', 'POST1ST', 370, 1, '2018-05-19 23:40:21'),
('0519YEFHY5', 'POST1ST', 370, 1, '2018-05-19 23:24:42'),
('0519YW7WJK', 'POST1ST', 370, 1, '2018-05-19 23:09:22'),
('0519Z3357W', 'POST1ST', 370, 1, '2018-05-19 23:31:12'),
('0519Z6A3NA', 'PT3RDMOBI', 250, 1, '2018-05-19 07:21:50'),
('0520762GJ1', 'POST1ST', 370, 1, '2018-05-20 11:07:58'),
('05208DET60', 'PT3RDCHER', 650, 1, '2018-05-20 18:01:14'),
('05208DET60', 'PT3RDMUSI', 450, 1, '2018-05-20 18:01:14'),
('052095QL4K', 'CD2NDEMP', 250, 1, '2018-05-20 22:32:45'),
('0520AJMW8C', 'SHRTCAMPBK2XL', 510, 1, '2018-05-20 22:09:53'),
('0520CE0Z1H', 'POST1ST', 370, 1, '2018-05-20 13:09:56'),
('0520LX5QQG', 'CD2NDEMP', 250, 1, '2018-05-20 23:07:38'),
('0520LX5QQG', 'SHRTCAMPBKXL', 510, 1, '2018-05-20 23:07:38'),
('0520LX5QQG', 'STICCAMPUS', 130, 1, '2018-05-20 23:07:38'),
('0520ONWUTP', 'POST1ST', 370, 1, '2018-05-20 11:55:05'),
('0520REV5AB', 'POST1ST', 370, 1, '2018-05-20 00:53:42'),
('0520RFIKJN', 'FRAMEL1ST', 80, 1, '2018-05-20 19:57:57'),
('0520SC1SUF', 'POST1ST', 370, 1, '2018-05-20 02:44:32'),
('0520TSZRSR', 'CD2NDEMP', 250, 1, '2018-05-20 22:33:12'),
('0520TSZRSR', 'POST1ST', 370, 1, '2018-05-20 22:33:12'),
('0520WCX3T1', 'PT3RDJIB', 50, 1, '2018-05-20 15:05:09'),
('0520WCX3T1', 'PT3RDKATE', 50, 1, '2018-05-20 15:05:09'),
('0520X5BUIU', 'CD2NDEMP', 250, 1, '2018-05-20 23:10:36'),
('0520X5BUIU', 'SHRTCAMPBKXL', 510, 1, '2018-05-20 23:10:36'),
('0520YDYCD9', 'POST1ST', 370, 1, '2018-05-20 00:20:32'),
('0520ZM78LP', 'POST1ST', 370, 1, '2018-05-20 00:30:39'),
('05211CHZBD', 'PT3RDCHER', 650, 1, '2018-05-21 18:43:13'),
('052124D0C4', 'POST1ST', 370, 1, '2018-05-21 05:51:41'),
('05213YRPRT', 'PT3RDPUN', 450, 1, '2018-05-21 18:34:03'),
('05214H36T7', 'PT3RDJENN', 300, 1, '2018-05-21 22:41:37'),
('05214H36T7', 'PT3RDJIB', 50, 1, '2018-05-21 22:41:37'),
('05215INRKA', 'CD2NDEMP', 250, 1, '2018-05-21 10:34:54'),
('05215IQZ6E', 'PT3RDTW', 200, 1, '2018-05-21 19:58:24'),
('05215LFJGU', 'PT3RDCAN', 150, 1, '2018-05-21 19:55:34'),
('05215LFJGU', 'PT3RDTW', 200, 1, '2018-05-21 19:55:34'),
('05216BUX8I', 'PT3RDJANE', 100, 1, '2018-05-21 19:30:11'),
('05216BUX8I', 'PT3RDKAI', 150, 1, '2018-05-21 19:30:11'),
('05216ZNUM9', 'PT3RDPUN', 450, 1, '2018-05-21 18:14:53'),
('05217JQYL4', 'PT3RDNOEY', 400, 1, '2018-05-21 20:25:03'),
('05217L32SY', 'PT3RDKAEW', 300, 1, '2018-05-21 23:16:29'),
('05217L32SY', 'PT3RDNN', 200, 1, '2018-05-21 23:16:29'),
('05219DL8T3', 'PT3RDKAI', 150, 1, '2018-05-21 20:04:09'),
('0521GBJU1H', 'PT3RDKAI', 150, 1, '2018-05-21 20:16:16'),
('0521JYF1Z7', 'SHRTCAMPBKL', 510, 1, '2018-05-21 14:18:07'),
('0521L976XY', 'PT3RDNOEY', 400, 1, '2018-05-21 18:28:19'),
('0521LZSEME', 'PT3RDMAYS', 50, 3, '2018-05-21 22:18:12'),
('0521M6BI92', 'PT3RDSAT', 150, 1, '2018-05-21 18:53:42'),
('0521N4MEY5', 'CD2NDEMP', 250, 1, '2018-05-21 11:03:17'),
('0521NUFFCS', 'FRAMEL1ST', 80, 2, '2018-05-21 18:05:17'),
('0521NUFFCS', 'PT3RDCAN', 150, 1, '2018-05-21 18:05:17'),
('0521NUFFCS', 'PT3RDMIND', 150, 1, '2018-05-21 18:05:17'),
('0521O250ES', 'PT3RDCHER', 650, 1, '2018-05-21 18:56:48'),
('0521PAXVUH', 'PT3RDCAN', 150, 2, '2018-05-21 18:20:28'),
('0521PAXVUH', 'PT3RDJIB', 50, 1, '2018-05-21 18:20:28'),
('0521QC6URQ', 'POST1ST', 370, 1, '2018-05-21 23:14:31'),
('0521QC6URQ', 'PT3RDJENN', 300, 1, '2018-05-21 23:14:31'),
('0521RIHNSE', 'PT3RDMAYS', 50, 1, '2018-05-21 01:53:32'),
('0521RIHNSE', 'PT3RDNN', 200, 1, '2018-05-21 01:53:32'),
('0521RPTWXW', 'PT3RDMAYS', 50, 1, '2018-05-21 22:17:16'),
('0521U05ZQ3', 'CD2NDEMP', 250, 1, '2018-05-21 11:01:51'),
('0521U670T1', 'PT3RDTW', 200, 1, '2018-05-21 20:04:00'),
('0521UN1G9F', 'SHRTCAMPBKM', 510, 1, '2018-05-21 05:50:26'),
('0521USF3RQ', 'PT3RDJANE', 100, 1, '2018-05-21 19:55:01'),
('0521XVBVZK', 'PT3RDCHER', 650, 1, '2018-05-21 19:37:48'),
('0522F89F61', 'PT3RDTW', 200, 1, '2018-05-22 16:57:42'),
('0522HIJK23', 'SHRTCAMPBK2XL', 510, 1, '2018-05-22 22:10:33'),
('0522HIZBTO', 'SHIRTBNKL', 510, 1, '2018-05-22 22:52:54'),
('0522SPNUL9', 'POST1ST', 370, 1, '2018-05-22 13:42:36'),
('0522W3J02Z', 'PT3RDKAI', 150, 2, '2018-05-22 22:41:44'),
('052360QT5K', 'PT3RDCHER', 650, 1, '2018-05-23 21:29:32'),
('0523EY25NB', 'PT3RDKORN', 100, 5, '2018-05-23 13:56:43'),
('0523EY25NB', 'PT3RDNOEY', 400, 1, '2018-05-23 13:56:43'),
('0523F3UOBO', 'PT3RDNS', 150, 10, '2018-05-23 14:02:21'),
('0524AOBH37', 'PT3RDORN', 400, 1, '2018-05-24 19:02:50'),
('0524B3OBTQ', 'POST1ST', 370, 1, '2018-05-24 23:25:14'),
('0524DZDKQK', 'PT3RDJANE', 80, 1, '2018-05-24 20:39:47'),
('0524DZDKQK', 'PT3RDMAYS', 50, 1, '2018-05-24 20:39:47'),
('0524JR1484', 'POST1ST', 370, 1, '2018-05-24 22:17:55'),
('0524KGI7KQ', 'POST1ST', 370, 1, '2018-05-24 23:04:04'),
('0524NJ2D2Q', 'POST1ST', 370, 1, '2018-05-24 21:58:42'),
('0524X03MV7', 'PT3RDNINK', 50, 1, '2018-05-24 21:19:57'),
('05253NP0S7', 'PS9SEMJENN', 350, 1, '2018-05-25 21:51:04'),
('05254DAMZS', 'PS9COMKATE', 120, 1, '2018-05-25 21:50:00'),
('05254ZX371', 'CD2NDEMP', 290, 1, '2018-05-25 21:53:04'),
('05254ZX371', 'PS9COMKAI', 300, 1, '2018-05-25 21:53:04'),
('05255ITHVJ', 'PS9COMMOBI', 500, 1, '2018-05-25 06:45:25'),
('05255P5NOH', 'PS9COMJAN', 400, 1, '2018-05-25 21:57:43'),
('05257094A1', 'PS9COMORN', 650, 1, '2018-05-25 21:52:18'),
('052594G9OY', 'POST1ST', 370, 1, '2018-05-25 11:12:25'),
('0525GS3HKN', 'PS9COMCHER', 1000, 1, '2018-05-25 21:53:41'),
('0525GYS1JS', 'PS9COMNN', 300, 1, '2018-05-25 23:37:40'),
('0525O8VFDJ', 'PS9COMCHER', 1000, 1, '2018-05-25 21:55:40'),
('0525OSQ14Y', 'POST1ST', 370, 1, '2018-05-25 09:58:51'),
('0525P2AQNK', 'FRAMEL1ST', 80, 3, '2018-05-25 21:53:14'),
('0525Q7Z9IH', 'POST1ST', 370, 1, '2018-05-25 09:38:55'),
('0525Q7Z9IH', 'PS9COMPUN', 750, 1, '2018-05-25 09:38:55'),
('0525RXHUHP', 'POST1ST', 370, 1, '2018-05-25 17:21:41'),
('0525VNC037', 'FRAMEL1ST', 80, 1, '2018-05-25 21:37:38'),
('0525VY9Y8F', 'CD2NDEMP', 290, 1, '2018-05-25 19:37:34'),
('0525VY9Y8F', 'FRAMEL1ST', 80, 1, '2018-05-25 19:37:34'),
('0525WJVDRN', 'FRAMEL1ST', 80, 1, '2018-05-25 22:14:50'),
('05261WXJ6Z', 'PS9SEMJENN', 350, 1, '2018-05-26 10:06:37'),
('05262YC792', 'BDGERSNN', 800, 1, '2018-05-26 22:31:11'),
('052677ZDTC', 'BDGERSRINA', 200, 1, '2018-05-26 22:54:25'),
('052694M22A', 'BDGERSPIAM', 200, 1, '2018-05-26 23:59:48'),
('0526C5EH6V', 'PS9COMMIND', 250, 1, '2018-05-26 22:51:18'),
('0526CB9I7S', 'BDGERSCHER', 3000, 1, '2018-05-26 22:43:58'),
('0526CVZ5M9', 'BDGERSJANE', 400, 1, '2018-05-26 22:30:24'),
('0526F9SQPG', 'PS9COMPUPE', 350, 1, '2018-05-26 09:34:23'),
('0526FBHPQR', 'BDGERSMII', 450, 1, '2018-05-26 22:42:16'),
('0526FOV1SV', 'PS9COMNINK', 120, 1, '2018-05-26 15:24:57'),
('0526GV3USA', 'CD2NDEMP', 290, 1, '2018-05-26 22:55:04'),
('0526K1J12O', 'BDGERSJAA', 300, 1, '2018-05-26 22:07:30'),
('0526LJ89WS', 'CD2NDEMP', 290, 1, '2018-05-26 22:59:20'),
('0526LUKHAB', 'BDGERSSAT', 600, 3, '2018-05-26 23:00:57'),
('0526MQQZSV', 'PS9SEMJENN', 350, 1, '2018-05-26 01:45:13'),
('0526NK8KSD', 'BDGERSKAI', 700, 1, '2018-05-26 23:08:23'),
('0526OWNFJE', 'BDGERSKORN', 500, 1, '2018-05-26 21:49:04'),
('0526OWNFJE', 'BDGERSMII', 450, 1, '2018-05-26 21:49:04'),
('0526S350II', 'BDGERSMAYS', 250, 1, '2018-05-26 22:22:57'),
('0526SNFKN6', 'PS9COMKAI', 300, 1, '2018-05-26 09:35:43'),
('0526X1PQZZ', 'PS9SEMNOEY', 400, 1, '2018-05-26 16:51:04'),
('0526YDPTV0', 'PS9COMCHER', 1000, 1, '2018-05-26 00:27:29'),
('05272WIY50', 'BDGERSKAI', 700, 1, '2018-05-27 01:39:26'),
('0527332R4T', 'BDGERSSAT', 600, 1, '2018-05-27 09:31:38'),
('05273QISVD', 'BDGERSJAN', 900, 1, '2018-05-27 13:01:29'),
('05273QISVD', 'BDGERSKAEW', 1200, 1, '2018-05-27 13:01:29'),
('052752CRTU', 'BDGERSKAI', 700, 1, '2018-05-27 10:50:44'),
('0527968QUS', 'POST1ST', 370, 1, '2018-05-27 00:17:15'),
('0527CUKKNS', 'BDGERSNN', 800, 1, '2018-05-27 12:30:42'),
('0527D91QAL', 'BDGERSNN', 800, 1, '2018-05-27 11:46:44'),
('0527DEEHEJ', 'BDGERSKAI', 700, 1, '2018-05-27 00:42:16'),
('0527EL0RMH', 'BDGERSJAN', 900, 1, '2018-05-27 02:06:33'),
('0527IDMLAT', 'BDGERSKAI', 700, 1, '2018-05-27 03:45:57'),
('0527KP03Q2', 'BDGERSSAT', 600, 3, '2018-05-27 01:15:49'),
('0527NY3OT0', 'BDGERSJAN', 900, 1, '2018-05-27 01:48:19'),
('0527QE5UIH', 'PT3RDSAT', 120, 1, '2018-05-27 10:48:56'),
('0527VNX2OD', 'BDGERSSAT', 600, 1, '2018-05-27 06:48:13'),
('0527ZPNIP0', 'BDGERSSAT', 600, 2, '2018-05-27 06:53:45'),
('052820SL9A', 'HS3RD', 550, 1, '2018-05-28 18:53:12'),
('05286PKB6J', 'HS3RD', 550, 1, '2018-05-28 17:55:50'),
('0528AIPHDN', 'PS9COMKAI', 300, 1, '2018-05-28 00:25:58'),
('0528H5K3U4', 'CD2NDEMP', 290, 1, '2018-05-28 18:28:36'),
('0528LGBL7G', 'PS9COMKAI', 300, 1, '2018-05-28 06:29:01'),
('0528LUK84A', 'PS9COMKAI', 300, 1, '2018-05-28 12:57:27'),
('0528QFTEBQ', 'FRAMEL1ST', 80, 1, '2018-05-28 14:34:43'),
('0528QW3CSG', 'SHIRTBNKXL', 500, 1, '2018-05-28 01:34:42'),
('0528SRE4XP', 'FRAMEL1ST', 80, 1, '2018-05-28 16:28:47'),
('0528SRE4XP', 'POST1ST', 370, 1, '2018-05-28 16:28:47'),
('0528UQP3VO', 'CD2NDEMP', 290, 1, '2018-05-28 18:53:37'),
('0528YJJ3SI', 'FRAMEL1ST', 80, 1, '2018-05-28 17:51:34'),
('05297AZSPD', 'SHRTCAMPBK2XL', 500, 1, '2018-05-29 11:05:50'),
('0529EWPFOK', 'PS9COMCHER', 1000, 1, '2018-05-29 00:32:05'),
('0529KI772O', 'PT3RDPUPE', 200, 1, '2018-05-29 11:49:58'),
('0529N29M3S', 'SHRTCAMPBKM', 500, 1, '2018-05-29 08:24:25'),
('0529PUZQZ0', 'SHIRTBNKL', 500, 1, '2018-05-29 11:04:36'),
('0529R78D8X', 'SHIRTBNKL', 500, 1, '2018-05-29 10:48:42'),
('0529VYXG3S', 'PS9COMNS', 250, 1, '2018-05-29 11:56:30');

-- --------------------------------------------------------

--
-- Table structure for table `picture`
--

CREATE TABLE `picture` (
  `picture_id` int(11) NOT NULL,
  `product_code` varchar(30) DEFAULT NULL,
  `picture_file` varchar(100) DEFAULT NULL
) ENGINE=InnoDB DEFAULT CHARSET=utf8;

--
-- Dumping data for table `picture`
--

INSERT INTO `picture` (`picture_id`, `product_code`, `picture_file`) VALUES
(1, 'PT3RDCHER', 'PT3RDCHER_0.JPG'),
(2, 'PT3RDMUSI', 'PT3RDMUSI_0.JPG'),
(3, 'PT3RDORN', 'PT3RDORN_0.JPG'),
(4, 'PT3RDNOEY', 'PT3RDNOEY_0.JPG'),
(5, 'PT3RDPUN', 'PT3RDPUN_0.JPG'),
(6, 'PT3RDTW', 'PT3RDTW_0.JPG'),
(7, 'PT3RDNN', 'PT3RDNN_0.JPG'),
(8, 'PT3RDKAEW', 'PT3RDKAEW_0.JPG'),
(9, 'PT3RDMOBI', 'PT3RDMOBI_0.JPG'),
(10, 'PT3RDKAI', 'PT3RDKAI_0.JPG'),
(11, 'PT3RDPUPE', 'PT3RDPUPE_0.JPG'),
(12, 'PT3RDCAN', 'PT3RDCAN_0.JPG'),
(13, 'PT3RDKORN', 'PT3RDKORN_0.JPG'),
(14, 'PT3RDSAT', 'PT3RDSAT_0.JPG'),
(15, 'PT3RDJANE', 'PT3RDJANE_0.JPG'),
(16, 'PT3RDMIND', 'PT3RDMIND_0.JPG'),
(17, 'PT3RDMII', 'PT3RDMII_0.JPG'),
(18, 'PT3RDNS', 'PT3RDNS_0.JPG'),
(19, 'PT3RDJAA', 'PT3RDJAA_0.JPG'),
(20, 'PT3RDRINA', 'PT3RDRINA_0.JPG'),
(21, 'PT3RDNINK', 'PT3RDNINK_0.JPG'),
(22, 'PT3RDPIAM', 'PT3RDPIAM_0.JPG'),
(23, 'PT3RDJIB', 'PT3RDJIB_0.JPG'),
(24, 'PT3RDKATE', 'PT3RDKATE_0.JPG'),
(25, 'PT3RDMAYS', 'PT3RDMAYS_0.JPG'),
(26, 'HS3RD', 'HS3RD_0.JPG'),
(27, 'PT3RDJENN', 'PT3RDJENN_0.JPG'),
(28, 'CD2NDEMP', 'CD2NDEMP_0.JPG'),
(29, 'CD2NDEMP', 'CD2NDEMP_1.JPG'),
(30, 'CD2NDEMP', 'CD2NDEMP_2.JPG'),
(31, 'YAYOCARDJANE', 'YAYOCARDJANE_0.JPG'),
(32, 'YAYOCARDJANE', 'YAYOCARDJANE_1.JPG'),
(33, 'YAYOCARDMUSI', 'YAYOCARDMUSI_0.JPG'),
(34, 'YAYOCARDMUSI', 'YAYOCARDMUSI_1.JPG'),
(35, 'YAYOCARDKORN', 'YAYOCARDKORN_0.JPG'),
(36, 'YAYOCARDKORN', 'YAYOCARDKORN_1.JPG'),
(37, 'YAYOCARDSAT', 'YAYOCARDSAT_0.JPG'),
(38, 'YAYOCARDSAT', 'YAYOCARDSAT_1.JPG'),
(39, 'YAYOGLASJENN', 'GLAYOIJENNIS_0.jpeg'),
(40, 'YAYOGLASNOEY', 'GLAYOINOEY_0.jpeg'),
(41, 'WRISCAMP', 'WRISCAMP_0.jpg'),
(42, 'SHRTBNKWH', 'SHRTBNKWH_0.jpg'),
(43, 'WRISDEBUT', 'WISHDEBUT_0.jpeg'),
(44, 'WRIS365', 'WISH365_0.jpeg'),
(45, 'WRISCOOKIE', 'WISHCOOKIE_0.jpeg'),
(46, 'FRAMEL1ST', 'FRAMEL1ST_0.JPG'),
(47, 'FRAMEL1ST', 'FRAMEL1ST_1.JPG'),
(48, 'STICCAMPUS', 'STICCAMPUS_0.JPG'),
(49, 'POST1ST', 'POST1ST_0.JPG'),
(50, 'SHRTCAMPBKM', 'SHRTCAMPBKM_0.JPG'),
(51, 'SHRTCAMPBKL', 'SHRTCAMPBKL_0.JPG'),
(52, 'SHRTCAMPBKXL', 'SHRTCAMPBKXL_0.JPG'),
(53, 'SHRTCAMPBK2XL', 'SHRTCAMPBK2XL_0.JPG'),
(54, 'SHIRTBNKXL', 'SHIRTBNKXL_0.jpeg'),
(55, 'SHIRTBNKL', 'SHIRTBNKL_0.jpeg'),
(67, 'PS9COMCHER', 'PS9COMCHER_0.JPG'),
(68, 'PS9COMORN', 'PS9COMORN_0.JPG'),
(69, 'PS9COMPUN', 'PS9COMPUN_0.JPG'),
(70, 'PS9COMNN', 'PS9COMNN_0.JPG'),
(71, 'PS9COMKAEW', 'PS9COMKAEW_0.JPG'),
(72, 'PS9COMMOBI', 'PS9COMMOBI_0.JPG'),
(73, 'PS9COMKAI', 'PS9COMKAI_0.JPG'),
(74, 'PS9COMPUPE', 'PS9COMPUPE_0.JPG'),
(75, 'PS9COMCAN', 'PS9COMCAN_0.JPG'),
(76, 'PS9COMKORN', 'PS9COMKORN_0.JPG'),
(77, 'PS9COMJANE', 'PS9COMJANE_0.JPG'),
(78, 'PS9COMMIND', 'PS9COMMIND_0.JPG'),
(79, 'PS9COMMII', 'PS9COMMII_0.JPG'),
(80, 'PS9COMNS', 'PS9COMNS_0.JPG'),
(81, 'PS9COMJAA', 'PS9COMJAA_0.JPG'),
(82, 'PS9COMRINA', 'PS9COMRINA_0.JPG'),
(83, 'PS9COMNINK', 'PS9COMNINK_0.JPG'),
(84, 'PS9COMPIAM', 'PS9COMPIAM_0.JPG'),
(85, 'PS9COMJIB', 'PS9COMJIB_0.JPG'),
(86, 'PS9COMKATE', 'PS9COMKATE_0.JPG'),
(87, 'PS9COMMAYS', 'PS9COMMAYS_0.JPG'),
(88, 'PS9COMJAN', 'PS9COMJAN_0.JPG'),
(89, 'PS9SEMKAI', 'PS9SEMKAI_0.JPG'),
(90, 'PS9SEMNOEY', 'PS9SEMNOEY_0.JPG'),
(91, 'PS9SEMJENN', 'PS9SEMJENN_0.JPG'),
(92, 'PS9SEMCAN', 'PS9SEMCAN_0.JPG'),
(93, 'BDGERSCHER', 'BDGERSCHER_0.JPG'),
(94, 'BDGERSMUSI', 'BDGERSMUSI_0.JPG'),
(95, 'BDGERSPUN', 'BDGERSPUN_0.JPG'),
(96, 'BDGERSJENN', 'BDGERSJENNIS_0.JPG'),
(97, 'BDGERSORN', 'BDGERSORN_0.JPG'),
(98, 'BDGERSNOEY', 'BDGERSNOEY_0.JPG'),
(99, 'BDGERSKAEW', 'BDGERSKAEW_0.JPG'),
(100, 'BDGERSJAN', 'BDGERSJAN_0.JPG'),
(101, 'BDGERSNN', 'BDGERSNN_0.JPG'),
(102, 'BDGERSTW', 'BDGERSTW_0.JPG'),
(103, 'BDGERSKAI', 'BDGERSKAI_0.JPG'),
(104, 'BDGERSMII', 'BDGERSMII_0.JPG'),
(105, 'BDGERSMIND', 'BDGERSMIND_0.JPG'),
(106, 'BDGERSKORN', 'BDGERSKORN_0.JPG'),
(107, 'BDGERSSAT', 'BDGERSSAT_0.JPG'),
(108, 'BDGERSJAA', 'BDGERSJAA_0.JPG'),
(109, 'BDGERSPIAM', 'BDGERSPIAM_0.JPG'),
(110, 'BDGERSRINA', 'BDGERSRINA_0.JPG'),
(111, 'BDGERSNINK', 'BDGERSNINK_0.JPG'),
(112, 'BDGERSMAYS', 'BDGERSMAYS_0.JPG'),
(113, 'BDGERSJANE', 'BDGERSJANE_0.JPG');

-- --------------------------------------------------------

--
-- Table structure for table `product`
--

CREATE TABLE `product` (
  `product_code` varchar(30) NOT NULL,
  `category_code` varchar(10) DEFAULT NULL,
  `amount` int(11) DEFAULT NULL,
  `hide_amount` int(11) DEFAULT NULL,
  `price` int(11) DEFAULT NULL,
  `old_price` int(11) DEFAULT NULL,
  `product_name` varchar(100) DEFAULT NULL,
  `product_description` text
) ENGINE=InnoDB DEFAULT CHARSET=utf8;

--
-- Dumping data for table `product`
--

INSERT INTO `product` (`product_code`, `category_code`, `amount`, `hide_amount`, `price`, `old_price`, `product_name`, `product_description`) VALUES
('BDGERSCHER', NULL, 0, 1, 3000, NULL, ' ', '    10,000 '),
('BDGERSJAA', NULL, 0, 0, 300, NULL, ' ', '    10,000 '),
('BDGERSJAN', NULL, 0, 0, 900, NULL, ' ', '    10,000 '),
('BDGERSJANE', NULL, 0, 0, 400, NULL, ' ', '    10,000 '),
('BDGERSJENN', NULL, 2, 0, 1800, NULL, ' ', '    10,000 '),
('BDGERSKAEW', NULL, 0, 0, 1200, NULL, ' ', '    10,000 '),
('BDGERSKAI', NULL, 0, 0, 700, NULL, ' ', '    10,000 '),
('BDGERSKORN', NULL, 2, 0, 500, NULL, ' ', '    10,000 '),
('BDGERSMAYS', NULL, 0, 0, 250, NULL, ' ', '    10,000 '),
('BDGERSMII', NULL, 3, 0, 450, NULL, ' ', '    10,000 '),
('BDGERSMIND', NULL, 4, 0, 700, NULL, ' ', '    10,000 '),
('BDGERSMUSI', NULL, 1, 1, 2500, NULL, ' ', '    10,000 '),
('BDGERSNINK', NULL, 2, 0, 200, NULL, ' ', '    10,000 '),
('BDGERSNN', NULL, 2, 0, 800, NULL, ' ', '    10,000 '),
('BDGERSNOEY', NULL, 2, 0, 2000, NULL, ' ', '    10,000 '),
('BDGERSORN', NULL, 1, 0, 2000, NULL, ' ', '    10,000 '),
('BDGERSPIAM', NULL, 0, 0, 200, NULL, ' ', '    10,000 '),
('BDGERSPUN', NULL, 1, 0, 2500, NULL, ' ', '    10,000 '),
('BDGERSRINA', NULL, 0, 0, 200, NULL, ' ', '    10,000 '),
('BDGERSSAT', NULL, 0, 0, 600, NULL, ' ', '    10,000 '),
('BDGERSTW', NULL, 3, 0, 1100, NULL, ' ', '    10,000 '),
('CD2NDEMP', NULL, 10, 0, 290, NULL, '', ' 1    <br>\r\n-  6  <br>\r\n1. Koisuru Fortune Cookie - <br>\r\n2. BNK48<br>\r\n3. Skirt, Hirari - <br>\r\n4. Koisuru Fortune Cookie -  (Off Vocal Version)<br>\r\n5. BNK48 (Off Vocal Version)<br>\r\n6. Skirt, Hirari -  (Off Vocal Version)'),
('FRAMEL1ST', NULL, 1, 0, 80, NULL, ' ', '  DAISO  L (3.5 x 5 )  BNK48 \r\n<br><b>:</b> '),
('HS3RD', NULL, 14, 10, 550, NULL, '  Shonichi', '  1   BNK48 3rd Single Shonichi Handshake Event  2 ,  3 ,  18 ,  19 '),
('POST1ST', NULL, 2, 0, 370, NULL, ' Aitakatta', ' Aitakatta   16   A1\r\n<br><b>:</b>   '),
('PS9COMCAN', NULL, 1, 0, 250, NULL, '  9', ' 9 Memorial Handshake  '),
('PS9COMCHER', NULL, 0, 0, 1000, NULL, '  9', ' 9 Memorial Handshake  '),
('PS9COMJAA', NULL, 1, 0, 200, NULL, '  9', ' 9 Memorial Handshake  '),
('PS9COMJAN', NULL, 0, 0, 400, NULL, '  9', ' 9 Memorial Handshake  '),
('PS9COMJANE', NULL, 1, 0, 200, NULL, '  9', ' 9 Memorial Handshake  '),
('PS9COMJIB', NULL, 2, 0, 120, NULL, '  9', ' 9 Memorial Handshake  '),
('PS9COMKAEW', NULL, 1, 0, 450, NULL, '  9', ' 9 Memorial Handshake  '),
('PS9COMKAI', NULL, 0, 0, 300, NULL, '  9', ' 9 Memorial Handshake  '),
('PS9COMKATE', NULL, 1, 0, 120, NULL, '  9', ' 9 Memorial Handshake  '),
('PS9COMKORN', NULL, 1, 0, 250, NULL, '  9', ' 9 Memorial Handshake  '),
('PS9COMMAYS', NULL, 1, 0, 150, NULL, '  9', ' 9 Memorial Handshake  '),
('PS9COMMII', NULL, 1, 0, 200, NULL, '  9', ' 9 Memorial Handshake  '),
('PS9COMMIND', NULL, 0, 0, 250, NULL, '  9', ' 9 Memorial Handshake  '),
('PS9COMMOBI', NULL, 0, 0, 500, NULL, '  9', ' 9 Memorial Handshake  '),
('PS9COMNINK', NULL, 1, 0, 120, NULL, '  9', ' 9 Memorial Handshake  '),
('PS9COMNN', NULL, 1, 0, 300, NULL, '  9', ' 9 Memorial Handshake  '),
('PS9COMNS', NULL, 1, 0, 250, NULL, '  9', ' 9 Memorial Handshake  '),
('PS9COMORN', NULL, 0, 0, 650, NULL, '  9', ' 9 Memorial Handshake  '),
('PS9COMPIAM', NULL, 1, 0, 120, NULL, '  9', ' 9 Memorial Handshake  '),
('PS9COMPUN', NULL, 0, 0, 750, NULL, '  9', ' 9 Memorial Handshake  '),
('PS9COMPUPE', NULL, 0, 0, 350, NULL, '  9', ' 9 Memorial Handshake  '),
('PS9COMRINA', NULL, 1, 0, 150, NULL, '  9', ' 9 Memorial Handshake  '),
('PS9SEMCAN', NULL, 1, 0, 150, NULL, '  9', ' 9 Memorial Handshake   ( 1   1 )'),
('PS9SEMJENN', NULL, 0, 0, 350, NULL, '  9', ' 9 Memorial Handshake   ( 1   1 )'),
('PS9SEMKAI', NULL, 1, 0, 200, NULL, '  9', ' 9 Memorial Handshake   ( 1   1 )						'),
('PS9SEMNOEY', NULL, 0, 0, 400, NULL, '  9', ' 9 Memorial Handshake   ( 1   1 )'),
('PT3RDCAN', NULL, 3, 0, 150, NULL, '  Shonichi', '  Shonichi 1 '),
('PT3RDCHER', NULL, 2, 0, 650, NULL, '  Shonichi', '  Shonichi 1 '),
('PT3RDJAA', NULL, 0, 0, 70, NULL, '  Shonichi', '  Shonichi 1 '),
('PT3RDJANE', NULL, 6, 0, 80, NULL, '  Shonichi', '  Shonichi 1 '),
('PT3RDJENN', NULL, 7, 0, 300, NULL, '  Shonichi', '  Shonichi 1 '),
('PT3RDJIB', NULL, 3, 0, 50, NULL, '  Shonichi', '  Shonichi 1 '),
('PT3RDKAEW', NULL, 5, 0, 250, NULL, '  Shonichi', '  Shonichi 1 '),
('PT3RDKAI', NULL, 5, 0, 150, NULL, '  Shonichi', '  Shonichi 1 '),
('PT3RDKATE', NULL, 4, 0, 50, NULL, '  Shonichi', '  Shonichi 1 '),
('PT3RDKORN', NULL, 0, 0, 100, NULL, '  Shonichi', '  Shonichi 1 '),
('PT3RDMAYS', NULL, 0, 0, 50, NULL, '  Shonichi', '  Shonichi 1 '),
('PT3RDMII', NULL, 7, 0, 100, NULL, '  Shonichi', '  Shonichi 1 '),
('PT3RDMIND', NULL, 4, 0, 150, NULL, '  Shonichi', '  Shonichi 1 '),
('PT3RDMOBI', NULL, 0, 0, 250, NULL, '  Shonichi', '  Shonichi 1 '),
('PT3RDMUSI', NULL, 0, 0, 450, NULL, '  Shonichi', '  Shonichi 1 '),
('PT3RDNINK', NULL, 6, 0, 50, NULL, '  Shonichi', '  Shonichi 1 '),
('PT3RDNN', NULL, 4, 0, 200, NULL, '  Shonichi', '  Shonichi 1 '),
('PT3RDNOEY', NULL, 2, 0, 400, NULL, '  Shonichi', '  Shonichi 1 '),
('PT3RDNS', NULL, 0, 0, 150, NULL, '  Shonichi', '  Shonichi 1 '),
('PT3RDORN', NULL, 6, 0, 400, NULL, '  Shonichi', '  Shonichi 1 '),
('PT3RDPIAM', NULL, 4, 0, 50, NULL, '  Shonichi', '  Shonichi 1 '),
('PT3RDPUN', NULL, 4, 0, 450, NULL, '  Shonichi', '  Shonichi 1 '),
('PT3RDPUPE', NULL, 0, 1, 200, NULL, '  Shonichi', '  Shonichi 1 '),
('PT3RDRINA', NULL, 5, 0, 50, NULL, '  Shonichi', '  Shonichi 1 '),
('PT3RDSAT', NULL, 7, 0, 120, NULL, '  Shonichi', '  Shonichi 1 '),
('PT3RDTW', NULL, 5, 0, 200, NULL, '  Shonichi', '  Shonichi 1 '),
('SHIRTBNKL', NULL, 1, 0, 500, NULL, 'BNK48L', ' '),
('SHIRTBNKXL', NULL, 1, 0, 500, NULL, 'BNK48 XL', ' '),
('SHRTBNKWH', NULL, 0, 0, 480, NULL, ' BNK48  L ', ' The Campus  480    '),
('SHRTCAMPBK2XL', NULL, 0, 0, 500, NULL, '   2XL ', ' The Campus  480   '),
('SHRTCAMPBKL', NULL, 4, 0, 500, NULL, '   L ', ' The Campus  480   '),
('SHRTCAMPBKM', NULL, 1, 0, 500, NULL, '   M ', ' The Campus  480   '),
('SHRTCAMPBKXL', NULL, 4, 0, 500, NULL, '   XL ', ' The Campus  480   '),
('STICCAMPUS', NULL, 9, 0, 130, NULL, ' BNK48 The Campus', ' BNK48 Shop  1  \r\n<ul>\r\n<li>  BNK48 The Campus</li>\r\n<li> #BNK48TheCAMPUS</li>\r\n<li> #WeLoveBNK48</li>\r\n<li>  </li>\r\n<li> BNK48 The Campus  </li>\r\n<li></li>\r\n<li></li>\r\n<li> 26  </li>\r\n</ul>'),
('WRIS365', NULL, 0, 0, 140, NULL, '', ' '),
('WRISCAMP', NULL, 0, 0, 190, NULL, '', ' The Campus  180    190  '),
('WRISCOOKIE', NULL, 0, 0, 140, NULL, '', ' '),
('WRISDEBUT', NULL, 0, 0, 150, NULL, '', ' BNK48  '),
('YAYOCARDJANE', NULL, 1, 0, 350, NULL, ' ', ' 1  '),
('YAYOCARDKORN', NULL, 1, 0, 350, NULL, ' ', ' 1  '),
('YAYOCARDMUSI', NULL, 0, 0, 600, NULL, ' ', ' 1  '),
('YAYOCARDSAT', NULL, 1, 0, 350, NULL, ' ', ' 1  '),
('YAYOGLASJENN', NULL, 0, 0, 550, NULL, ' ', ' BNK48 x Yayoi'),
('YAYOGLASNOEY', NULL, 0, 0, 650, NULL, ' ', ' BNK48 x Yayoi ');

-- --------------------------------------------------------

--
-- Table structure for table `product_member`
--

CREATE TABLE `product_member` (
  `product_code` varchar(30) NOT NULL,
  `member_code` varchar(10) NOT NULL
) ENGINE=InnoDB DEFAULT CHARSET=utf8;

-- --------------------------------------------------------

--
-- Table structure for table `sell`
--

CREATE TABLE `sell` (
  `customer__id` int(11) NOT NULL,
  `product_code` varchar(10) NOT NULL,
  `amount` int(11) DEFAULT NULL,
  `create_time` datetime DEFAULT NULL
) ENGINE=InnoDB DEFAULT CHARSET=utf8;

--
-- Dumping data for table `sell`
--

INSERT INTO `sell` (`customer__id`, `product_code`, `amount`, `create_time`) VALUES
(48, 'HS3RD', 2, '2018-05-28 00:00:00');

-- --------------------------------------------------------

--
-- Table structure for table `tag_product`
--

CREATE TABLE `tag_product` (
  `tag_name` varchar(50) NOT NULL,
  `product_code` varchar(30) NOT NULL
) ENGINE=InnoDB DEFAULT CHARSET=utf8;

--
-- Dumping data for table `tag_product`
--

INSERT INTO `tag_product` (`tag_name`, `product_code`) VALUES
('', 'BDGERSCHER'),
('BNK48', 'BDGERSCHER'),
('Cherprang', 'BDGERSCHER'),
('Chiangmai', 'BDGERSCHER'),
('RoadShow', 'BDGERSCHER'),
('', 'BDGERSCHER'),
('', 'BDGERSCHER'),
('', 'BDGERSCHER'),
('', 'BDGERSCHER'),
('', 'BDGERSCHER'),
('', 'BDGERSJAA'),
('BNK48', 'BDGERSJAA'),
('Chiangmai', 'BDGERSJAA'),
('Jaa', 'BDGERSJAA'),
('RoadShow', 'BDGERSJAA'),
('', 'BDGERSJAA'),
('', 'BDGERSJAA'),
('', 'BDGERSJAA'),
('', 'BDGERSJAA'),
('', 'BDGERSJAA'),
('', 'BDGERSJAN'),
('BNK48', 'BDGERSJAN'),
('Chiangmai', 'BDGERSJAN'),
('Jan', 'BDGERSJAN'),
('RoadShow', 'BDGERSJAN'),
('', 'BDGERSJAN'),
('', 'BDGERSJAN'),
('', 'BDGERSJAN'),
('', 'BDGERSJAN'),
('', 'BDGERSJAN'),
('', 'BDGERSJANE'),
('BNK48', 'BDGERSJANE'),
('Chiangmai', 'BDGERSJANE'),
('Jane', 'BDGERSJANE'),
('RoadShow', 'BDGERSJANE'),
('', 'BDGERSJANE'),
('', 'BDGERSJANE'),
('', 'BDGERSJANE'),
('', 'BDGERSJANE'),
('', 'BDGERSJANE'),
('', 'BDGERSJENN'),
('BNK48', 'BDGERSJENN'),
('Chiangmai', 'BDGERSJENN'),
('Jennis', 'BDGERSJENN'),
('RoadShow', 'BDGERSJENN'),
('', 'BDGERSJENN'),
('', 'BDGERSJENN'),
('', 'BDGERSJENN'),
('', 'BDGERSJENN'),
('', 'BDGERSJENN'),
('', 'BDGERSKAEW'),
('BNK48', 'BDGERSKAEW'),
('Chiangmai', 'BDGERSKAEW'),
('Kaew', 'BDGERSKAEW'),
('RoadShow', 'BDGERSKAEW'),
('', 'BDGERSKAEW'),
('', 'BDGERSKAEW'),
('', 'BDGERSKAEW'),
('', 'BDGERSKAEW'),
('', 'BDGERSKAEW'),
('', 'BDGERSKAI'),
('BNK48', 'BDGERSKAI'),
('Chiangmai', 'BDGERSKAI'),
('Kaimook', 'BDGERSKAI'),
('RoadShow', 'BDGERSKAI'),
('', 'BDGERSKAI'),
('', 'BDGERSKAI'),
('', 'BDGERSKAI'),
('', 'BDGERSKAI'),
('', 'BDGERSKAI'),
('', 'BDGERSKORN'),
('BNK48', 'BDGERSKORN'),
('Chiangmai', 'BDGERSKORN'),
('Korn', 'BDGERSKORN'),
('RoadShow', 'BDGERSKORN'),
('', 'BDGERSKORN'),
('', 'BDGERSKORN'),
('', 'BDGERSKORN'),
('', 'BDGERSKORN'),
('', 'BDGERSKORN'),
('', 'BDGERSMAYS'),
('BNK48', 'BDGERSMAYS'),
('Chiangmai', 'BDGERSMAYS'),
('Maysa', 'BDGERSMAYS'),
('RoadShow', 'BDGERSMAYS'),
('', 'BDGERSMAYS'),
('', 'BDGERSMAYS'),
('', 'BDGERSMAYS'),
('', 'BDGERSMAYS'),
('', 'BDGERSMAYS'),
('', 'BDGERSMII'),
('BNK48', 'BDGERSMII'),
('Chiangmai', 'BDGERSMII'),
('Miori', 'BDGERSMII'),
('RoadShow', 'BDGERSMII'),
('', 'BDGERSMII'),
('', 'BDGERSMII'),
('', 'BDGERSMII'),
('', 'BDGERSMII'),
('', 'BDGERSMII'),
('', 'BDGERSMIND'),
('BNK48', 'BDGERSMIND'),
('Chiangmai', 'BDGERSMIND'),
('Mind', 'BDGERSMIND'),
('RoadShow', 'BDGERSMIND'),
('', 'BDGERSMIND'),
('', 'BDGERSMIND'),
('', 'BDGERSMIND'),
('', 'BDGERSMIND'),
('', 'BDGERSMIND'),
('', 'BDGERSMUSI'),
('BNK48', 'BDGERSMUSI'),
('Chiangmai', 'BDGERSMUSI'),
('Music', 'BDGERSMUSI'),
('RoadShow', 'BDGERSMUSI'),
('', 'BDGERSMUSI'),
('', 'BDGERSMUSI'),
('', 'BDGERSMUSI'),
('', 'BDGERSMUSI'),
('', 'BDGERSMUSI'),
('', 'BDGERSNINK'),
('BNK48', 'BDGERSNINK'),
('Chiangmai', 'BDGERSNINK'),
('Nink', 'BDGERSNINK'),
('RoadShow', 'BDGERSNINK'),
('', 'BDGERSNINK'),
('', 'BDGERSNINK'),
('', 'BDGERSNINK'),
('', 'BDGERSNINK'),
('', 'BDGERSNINK'),
('', 'BDGERSNN'),
('BNK48', 'BDGERSNN'),
('Chiangmai', 'BDGERSNN'),
('Namneung', 'BDGERSNN'),
('RoadShow', 'BDGERSNN'),
('', 'BDGERSNN'),
('', 'BDGERSNN'),
('', 'BDGERSNN'),
('', 'BDGERSNN'),
('', 'BDGERSNN'),
('', 'BDGERSNOEY'),
('BNK48', 'BDGERSNOEY'),
('Chiangmai', 'BDGERSNOEY'),
('Noey', 'BDGERSNOEY'),
('RoadShow', 'BDGERSNOEY'),
('', 'BDGERSNOEY'),
('', 'BDGERSNOEY'),
('', 'BDGERSNOEY'),
('', 'BDGERSNOEY'),
('', 'BDGERSNOEY'),
('', 'BDGERSORN'),
('BNK48', 'BDGERSORN'),
('Chiangmai', 'BDGERSORN'),
('Orn', 'BDGERSORN'),
('RoadShow', 'BDGERSORN'),
('', 'BDGERSORN'),
('', 'BDGERSORN'),
('', 'BDGERSORN'),
('', 'BDGERSORN'),
('', 'BDGERSORN'),
('', 'BDGERSPIAM'),
('BNK48', 'BDGERSPIAM'),
('Chiangmai', 'BDGERSPIAM'),
('Piam', 'BDGERSPIAM'),
('RoadShow', 'BDGERSPIAM'),
('', 'BDGERSPIAM'),
('', 'BDGERSPIAM'),
('', 'BDGERSPIAM'),
('', 'BDGERSPIAM'),
('', 'BDGERSPIAM'),
('', 'BDGERSPUN'),
('BNK48', 'BDGERSPUN'),
('Chiangmai', 'BDGERSPUN'),
('Pun', 'BDGERSPUN'),
('RoadShow', 'BDGERSPUN'),
('', 'BDGERSPUN'),
('', 'BDGERSPUN'),
('', 'BDGERSPUN'),
('', 'BDGERSPUN'),
('', 'BDGERSPUN'),
('', 'BDGERSRINA'),
('BNK48', 'BDGERSRINA'),
('Chiangmai', 'BDGERSRINA'),
('Izurina', 'BDGERSRINA'),
('RoadShow', 'BDGERSRINA'),
('', 'BDGERSRINA'),
('', 'BDGERSRINA'),
('', 'BDGERSRINA'),
('', 'BDGERSRINA'),
('', 'BDGERSRINA'),
('', 'BDGERSSAT'),
('BNK48', 'BDGERSSAT'),
('Chiangmai', 'BDGERSSAT'),
('RoadShow', 'BDGERSSAT'),
('Satchan', 'BDGERSSAT'),
('', 'BDGERSSAT'),
('', 'BDGERSSAT'),
('', 'BDGERSSAT'),
('', 'BDGERSSAT'),
('', 'BDGERSSAT'),
('', 'BDGERSTW'),
('BNK48', 'BDGERSTW'),
('Chiangmai', 'BDGERSTW'),
('RoadShow', 'BDGERSTW'),
('Tarwaan', 'BDGERSTW'),
('', 'BDGERSTW'),
('', 'BDGERSTW'),
('', 'BDGERSTW'),
('', 'BDGERSTW'),
('', 'BDGERSTW'),
('2nd', 'CD2NDEMP'),
('BNK48', 'CD2NDEMP'),
('CD', 'CD2NDEMP'),
('Cookie', 'CD2NDEMP'),
('Koisuru', 'CD2NDEMP'),
('Single', 'CD2NDEMP'),
('Skirt', 'CD2NDEMP'),
('', 'CD2NDEMP'),
('', 'CD2NDEMP'),
('', 'CD2NDEMP'),
('', 'CD2NDEMP'),
('', 'CD2NDEMP'),
('BNK48', 'FRAMEL1ST'),
('frame', 'FRAMEL1ST'),
('', 'FRAMEL1ST'),
('3rd', 'HS3RD'),
('BNK48', 'HS3RD'),
('Shonichi', 'HS3RD'),
('Single', 'HS3RD'),
('', 'HS3RD'),
('', 'HS3RD'),
('', 'HS3RD'),
('1st', 'POST1ST'),
('A1', 'POST1ST'),
('Aitakatta', 'POST1ST'),
('BNK48', 'POST1ST'),
('Poster', 'POST1ST'),
('Single', 'POST1ST'),
('', 'POST1ST'),
('', 'POST1ST'),
('BNK48', 'PS9COMCAN'),
('Can', 'PS9COMCAN'),
('Comp', 'PS9COMCAN'),
('Complete', 'PS9COMCAN'),
('Photoset', 'PS9COMCAN'),
('Set9', 'PS9COMCAN'),
('', 'PS9COMCAN'),
('', 'PS9COMCAN'),
('', 'PS9COMCAN'),
('9', 'PS9COMCAN'),
('', 'PS9COMCAN'),
('', 'PS9COMCAN'),
('BNK48', 'PS9COMCHER'),
('Cherprang', 'PS9COMCHER'),
('Comp', 'PS9COMCHER'),
('Complete', 'PS9COMCHER'),
('Photoset', 'PS9COMCHER'),
('Set9', 'PS9COMCHER'),
('', 'PS9COMCHER'),
('', 'PS9COMCHER'),
('', 'PS9COMCHER'),
('9', 'PS9COMCHER'),
('', 'PS9COMCHER'),
('', 'PS9COMCHER'),
('BNK48', 'PS9COMJAA'),
('Comp', 'PS9COMJAA'),
('Complete', 'PS9COMJAA'),
('Jaa', 'PS9COMJAA'),
('Photoset', 'PS9COMJAA'),
('Set9', 'PS9COMJAA'),
('', 'PS9COMJAA'),
('', 'PS9COMJAA'),
('', 'PS9COMJAA'),
('', 'PS9COMJAA'),
('9', 'PS9COMJAA'),
('', 'PS9COMJAA'),
('BNK48', 'PS9COMJAN'),
('Comp', 'PS9COMJAN'),
('Complete', 'PS9COMJAN'),
('Jan', 'PS9COMJAN'),
('Photoset', 'PS9COMJAN'),
('Set9', 'PS9COMJAN'),
('', 'PS9COMJAN'),
('', 'PS9COMJAN'),
('', 'PS9COMJAN'),
('9', 'PS9COMJAN'),
('', 'PS9COMJAN'),
('', 'PS9COMJAN'),
('BNK48', 'PS9COMJANE'),
('Comp', 'PS9COMJANE'),
('Complete', 'PS9COMJANE'),
('Jane', 'PS9COMJANE'),
('Photoset', 'PS9COMJANE'),
('Set9', 'PS9COMJANE'),
('', 'PS9COMJANE'),
('', 'PS9COMJANE'),
('', 'PS9COMJANE'),
('', 'PS9COMJANE'),
('9', 'PS9COMJANE'),
('', 'PS9COMJANE'),
('BNK48', 'PS9COMJIB'),
('Comp', 'PS9COMJIB'),
('Complete', 'PS9COMJIB'),
('Jib', 'PS9COMJIB'),
('Photoset', 'PS9COMJIB'),
('Set9', 'PS9COMJIB'),
('', 'PS9COMJIB'),
('', 'PS9COMJIB'),
('', 'PS9COMJIB'),
('', 'PS9COMJIB'),
('9', 'PS9COMJIB'),
('', 'PS9COMJIB'),
('BNK48', 'PS9COMKAEW'),
('Comp', 'PS9COMKAEW'),
('Complete', 'PS9COMKAEW'),
('Kaew', 'PS9COMKAEW'),
('Photoset', 'PS9COMKAEW'),
('Set9', 'PS9COMKAEW'),
('', 'PS9COMKAEW'),
('', 'PS9COMKAEW'),
('', 'PS9COMKAEW'),
('9', 'PS9COMKAEW'),
('', 'PS9COMKAEW'),
('', 'PS9COMKAEW'),
('BNK48', 'PS9COMKAI'),
('Comp', 'PS9COMKAI'),
('Complete', 'PS9COMKAI'),
('Kaimook', 'PS9COMKAI'),
('Photoset', 'PS9COMKAI'),
('Set9', 'PS9COMKAI'),
('', 'PS9COMKAI'),
('', 'PS9COMKAI'),
('', 'PS9COMKAI'),
('9', 'PS9COMKAI'),
('', 'PS9COMKAI'),
('', 'PS9COMKAI'),
('BNK48', 'PS9COMKATE'),
('Comp', 'PS9COMKATE'),
('Complete', 'PS9COMKATE'),
('Kate', 'PS9COMKATE'),
('Photoset', 'PS9COMKATE'),
('Set9', 'PS9COMKATE'),
('', 'PS9COMKATE'),
('', 'PS9COMKATE'),
('', 'PS9COMKATE'),
('', 'PS9COMKATE'),
('9', 'PS9COMKATE'),
('', 'PS9COMKATE'),
('BNK48', 'PS9COMKORN'),
('Comp', 'PS9COMKORN'),
('Complete', 'PS9COMKORN'),
('Korn', 'PS9COMKORN'),
('Photoset', 'PS9COMKORN'),
('Set9', 'PS9COMKORN'),
('', 'PS9COMKORN'),
('', 'PS9COMKORN'),
('', 'PS9COMKORN'),
('', 'PS9COMKORN'),
('9', 'PS9COMKORN'),
('', 'PS9COMKORN'),
('BNK48', 'PS9COMMAYS'),
('Comp', 'PS9COMMAYS'),
('Complete', 'PS9COMMAYS'),
('Maysa', 'PS9COMMAYS'),
('Photoset', 'PS9COMMAYS'),
('Set9', 'PS9COMMAYS'),
('', 'PS9COMMAYS'),
('', 'PS9COMMAYS'),
('', 'PS9COMMAYS'),
('9', 'PS9COMMAYS'),
('', 'PS9COMMAYS'),
('', 'PS9COMMAYS'),
('BNK48', 'PS9COMMII'),
('Comp', 'PS9COMMII'),
('Complete', 'PS9COMMII'),
('Miori', 'PS9COMMII'),
('Photoset', 'PS9COMMII'),
('Set9', 'PS9COMMII'),
('', 'PS9COMMII'),
('', 'PS9COMMII'),
('', 'PS9COMMII'),
('', 'PS9COMMII'),
('9', 'PS9COMMII'),
('', 'PS9COMMII'),
('BNK48', 'PS9COMMIND'),
('Comp', 'PS9COMMIND'),
('Complete', 'PS9COMMIND'),
('Mind', 'PS9COMMIND'),
('Photoset', 'PS9COMMIND'),
('Set9', 'PS9COMMIND'),
('', 'PS9COMMIND'),
('', 'PS9COMMIND'),
('', 'PS9COMMIND'),
('', 'PS9COMMIND'),
('9', 'PS9COMMIND'),
('', 'PS9COMMIND'),
('BNK48', 'PS9COMMOBI'),
('Comp', 'PS9COMMOBI'),
('Complete', 'PS9COMMOBI'),
('Mobile', 'PS9COMMOBI'),
('Photoset', 'PS9COMMOBI'),
('Set9', 'PS9COMMOBI'),
('', 'PS9COMMOBI'),
('', 'PS9COMMOBI'),
('', 'PS9COMMOBI'),
('9', 'PS9COMMOBI'),
('', 'PS9COMMOBI'),
('', 'PS9COMMOBI'),
('BNK48', 'PS9COMNINK'),
('Comp', 'PS9COMNINK'),
('Complete', 'PS9COMNINK'),
('Nink', 'PS9COMNINK'),
('Photoset', 'PS9COMNINK'),
('Set9', 'PS9COMNINK'),
('', 'PS9COMNINK'),
('', 'PS9COMNINK'),
('', 'PS9COMNINK'),
('', 'PS9COMNINK'),
('9', 'PS9COMNINK'),
('', 'PS9COMNINK'),
('BNK48', 'PS9COMNN'),
('Comp', 'PS9COMNN'),
('Complete', 'PS9COMNN'),
('Namneung', 'PS9COMNN'),
('Photoset', 'PS9COMNN'),
('Set9', 'PS9COMNN'),
('', 'PS9COMNN'),
('', 'PS9COMNN'),
('', 'PS9COMNN'),
('', 'PS9COMNN'),
('9', 'PS9COMNN'),
('', 'PS9COMNN'),
('BNK48', 'PS9COMNS'),
('Comp', 'PS9COMNS'),
('Complete', 'PS9COMNS'),
('Namsai', 'PS9COMNS'),
('Photoset', 'PS9COMNS'),
('Set9', 'PS9COMNS'),
('', 'PS9COMNS'),
('', 'PS9COMNS'),
('', 'PS9COMNS'),
('', 'PS9COMNS'),
('9', 'PS9COMNS'),
('', 'PS9COMNS'),
('BNK48', 'PS9COMORN'),
('Comp', 'PS9COMORN'),
('Complete', 'PS9COMORN'),
('Orn', 'PS9COMORN'),
('Photoset', 'PS9COMORN'),
('Set9', 'PS9COMORN'),
('', 'PS9COMORN'),
('', 'PS9COMORN'),
('', 'PS9COMORN'),
('', 'PS9COMORN'),
('9', 'PS9COMORN'),
('', 'PS9COMORN'),
('BNK48', 'PS9COMPIAM'),
('Comp', 'PS9COMPIAM'),
('Complete', 'PS9COMPIAM'),
('Photoset', 'PS9COMPIAM'),
('Piam', 'PS9COMPIAM'),
('Set9', 'PS9COMPIAM'),
('', 'PS9COMPIAM'),
('', 'PS9COMPIAM'),
('', 'PS9COMPIAM'),
('9', 'PS9COMPIAM'),
('', 'PS9COMPIAM'),
('', 'PS9COMPIAM'),
('BNK48', 'PS9COMPUN'),
('Comp', 'PS9COMPUN'),
('Complete', 'PS9COMPUN'),
('Photoset', 'PS9COMPUN'),
('Pun', 'PS9COMPUN'),
('Set9', 'PS9COMPUN'),
('', 'PS9COMPUN'),
('', 'PS9COMPUN'),
('', 'PS9COMPUN'),
('', 'PS9COMPUN'),
('9', 'PS9COMPUN'),
('', 'PS9COMPUN'),
('BNK48', 'PS9COMPUPE'),
('Comp', 'PS9COMPUPE'),
('Complete', 'PS9COMPUPE'),
('Photoset', 'PS9COMPUPE'),
('Pupe', 'PS9COMPUPE'),
('Set9', 'PS9COMPUPE'),
('', 'PS9COMPUPE'),
('', 'PS9COMPUPE'),
('', 'PS9COMPUPE'),
('', 'PS9COMPUPE'),
('9', 'PS9COMPUPE'),
('', 'PS9COMPUPE'),
('BNK48', 'PS9COMRINA'),
('Comp', 'PS9COMRINA'),
('Complete', 'PS9COMRINA'),
('Izurina', 'PS9COMRINA'),
('Photoset', 'PS9COMRINA'),
('Set9', 'PS9COMRINA'),
('', 'PS9COMRINA'),
('', 'PS9COMRINA'),
('', 'PS9COMRINA'),
('', 'PS9COMRINA'),
('9', 'PS9COMRINA'),
('', 'PS9COMRINA'),
('BNK48', 'PS9SEMCAN'),
('Can', 'PS9SEMCAN'),
('Photoset', 'PS9SEMCAN'),
('Semi', 'PS9SEMCAN'),
('Set9', 'PS9SEMCAN'),
('', 'PS9SEMCAN'),
('', 'PS9SEMCAN'),
('', 'PS9SEMCAN'),
('9', 'PS9SEMCAN'),
('', 'PS9SEMCAN'),
('', 'PS9SEMCAN'),
('BNK48', 'PS9SEMJENN'),
('Jennis', 'PS9SEMJENN'),
('Photoset', 'PS9SEMJENN'),
('Semi', 'PS9SEMJENN'),
('Set9', 'PS9SEMJENN'),
('', 'PS9SEMJENN'),
('', 'PS9SEMJENN'),
('', 'PS9SEMJENN'),
('', 'PS9SEMJENN'),
('9', 'PS9SEMJENN'),
('', 'PS9SEMJENN'),
('BNK48', 'PS9SEMKAI'),
('Kaimook', 'PS9SEMKAI'),
('Photoset', 'PS9SEMKAI'),
('Semi', 'PS9SEMKAI'),
('Set9', 'PS9SEMKAI'),
('', 'PS9SEMKAI'),
('', 'PS9SEMKAI'),
('', 'PS9SEMKAI'),
('9', 'PS9SEMKAI'),
('', 'PS9SEMKAI'),
('', 'PS9SEMKAI'),
('BNK48', 'PS9SEMNOEY'),
('Noey', 'PS9SEMNOEY'),
('Photoset', 'PS9SEMNOEY'),
('Semi', 'PS9SEMNOEY'),
('Set9', 'PS9SEMNOEY'),
('', 'PS9SEMNOEY'),
('', 'PS9SEMNOEY'),
('', 'PS9SEMNOEY'),
('9', 'PS9SEMNOEY'),
('', 'PS9SEMNOEY'),
('', 'PS9SEMNOEY'),
('3rd', 'PT3RDCAN'),
('BNK48', 'PT3RDCAN'),
('Can', 'PT3RDCAN'),
('Shonichi', 'PT3RDCAN'),
('Single', 'PT3RDCAN'),
('', 'PT3RDCAN'),
('', 'PT3RDCAN'),
('', 'PT3RDCAN'),
('', 'PT3RDCAN'),
('3rd', 'PT3RDCHER'),
('BNK48', 'PT3RDCHER'),
('Cherprang', 'PT3RDCHER'),
('Shonichi', 'PT3RDCHER'),
('Single', 'PT3RDCHER'),
('', 'PT3RDCHER'),
('', 'PT3RDCHER'),
('', 'PT3RDCHER'),
('', 'PT3RDCHER'),
('3rd', 'PT3RDJAA'),
('BNK48', 'PT3RDJAA'),
('Jaa', 'PT3RDJAA'),
('Shonichi', 'PT3RDJAA'),
('Single', 'PT3RDJAA'),
('', 'PT3RDJAA'),
('', 'PT3RDJAA'),
('', 'PT3RDJAA'),
('', 'PT3RDJAA'),
('3rd', 'PT3RDJANE'),
('BNK48', 'PT3RDJANE'),
('Jane', 'PT3RDJANE'),
('Shonichi', 'PT3RDJANE'),
('Single', 'PT3RDJANE'),
('', 'PT3RDJANE'),
('', 'PT3RDJANE'),
('', 'PT3RDJANE'),
('', 'PT3RDJANE'),
('3rd', 'PT3RDJENN'),
('BNK48', 'PT3RDJENN'),
('Jennis', 'PT3RDJENN'),
('Shonichi', 'PT3RDJENN'),
('Single', 'PT3RDJENN'),
('', 'PT3RDJENN'),
('', 'PT3RDJENN'),
('', 'PT3RDJENN'),
('', 'PT3RDJENN'),
('3rd', 'PT3RDJIB'),
('BNK48', 'PT3RDJIB'),
('Jib', 'PT3RDJIB'),
('Shonichi', 'PT3RDJIB'),
('Single', 'PT3RDJIB'),
('', 'PT3RDJIB'),
('', 'PT3RDJIB'),
('', 'PT3RDJIB'),
('', 'PT3RDJIB'),
('3rd', 'PT3RDKAEW'),
('BNK48', 'PT3RDKAEW'),
('Kaew', 'PT3RDKAEW'),
('Shonichi', 'PT3RDKAEW'),
('Single', 'PT3RDKAEW'),
('', 'PT3RDKAEW'),
('', 'PT3RDKAEW'),
('', 'PT3RDKAEW'),
('', 'PT3RDKAEW'),
('3rd', 'PT3RDKAI'),
('BNK48', 'PT3RDKAI'),
('Kaimook', 'PT3RDKAI'),
('Shonichi', 'PT3RDKAI'),
('Single', 'PT3RDKAI'),
('', 'PT3RDKAI'),
('', 'PT3RDKAI'),
('', 'PT3RDKAI'),
('', 'PT3RDKAI'),
('3rd', 'PT3RDKATE'),
('BNK48', 'PT3RDKATE'),
('Kate', 'PT3RDKATE'),
('Shonichi', 'PT3RDKATE'),
('Single', 'PT3RDKATE'),
('', 'PT3RDKATE'),
('', 'PT3RDKATE'),
('', 'PT3RDKATE'),
('', 'PT3RDKATE'),
('3rd', 'PT3RDKORN'),
('BNK48', 'PT3RDKORN'),
('Korn', 'PT3RDKORN'),
('Shonichi', 'PT3RDKORN'),
('Single', 'PT3RDKORN'),
('', 'PT3RDKORN'),
('', 'PT3RDKORN'),
('', 'PT3RDKORN'),
('', 'PT3RDKORN'),
('3rd', 'PT3RDMAYS'),
('BNK48', 'PT3RDMAYS'),
('Maysa', 'PT3RDMAYS'),
('Shonichi', 'PT3RDMAYS'),
('Single', 'PT3RDMAYS'),
('', 'PT3RDMAYS'),
('', 'PT3RDMAYS'),
('', 'PT3RDMAYS'),
('', 'PT3RDMAYS'),
('3rd', 'PT3RDMII'),
('BNK48', 'PT3RDMII'),
('Miori', 'PT3RDMII'),
('Shonichi', 'PT3RDMII'),
('Single', 'PT3RDMII'),
('', 'PT3RDMII'),
('', 'PT3RDMII'),
('', 'PT3RDMII'),
('', 'PT3RDMII'),
('3rd', 'PT3RDMIND'),
('BNK48', 'PT3RDMIND'),
('Mind', 'PT3RDMIND'),
('Shonichi', 'PT3RDMIND'),
('Single', 'PT3RDMIND'),
('', 'PT3RDMIND'),
('', 'PT3RDMIND'),
('', 'PT3RDMIND'),
('', 'PT3RDMIND'),
('3rd', 'PT3RDMOBI'),
('BNK48', 'PT3RDMOBI'),
('Mobile', 'PT3RDMOBI'),
('Shonichi', 'PT3RDMOBI'),
('Single', 'PT3RDMOBI'),
('', 'PT3RDMOBI'),
('', 'PT3RDMOBI'),
('', 'PT3RDMOBI'),
('', 'PT3RDMOBI'),
('3rd', 'PT3RDMUSI'),
('BNK48', 'PT3RDMUSI'),
('Music', 'PT3RDMUSI'),
('Shonichi', 'PT3RDMUSI'),
('Single', 'PT3RDMUSI'),
('', 'PT3RDMUSI'),
('', 'PT3RDMUSI'),
('', 'PT3RDMUSI'),
('', 'PT3RDMUSI'),
('3rd', 'PT3RDNINK'),
('BNK48', 'PT3RDNINK'),
('Nink', 'PT3RDNINK'),
('Shonichi', 'PT3RDNINK'),
('Single', 'PT3RDNINK'),
('', 'PT3RDNINK'),
('', 'PT3RDNINK'),
('', 'PT3RDNINK'),
('', 'PT3RDNINK'),
('3rd', 'PT3RDNN'),
('BNK48', 'PT3RDNN'),
('Namneung', 'PT3RDNN'),
('Shonichi', 'PT3RDNN'),
('Single', 'PT3RDNN'),
('', 'PT3RDNN'),
('', 'PT3RDNN'),
('', 'PT3RDNN'),
('', 'PT3RDNN'),
('3rd', 'PT3RDNOEY'),
('BNK48', 'PT3RDNOEY'),
('Noey', 'PT3RDNOEY'),
('Shonichi', 'PT3RDNOEY'),
('Single', 'PT3RDNOEY'),
('', 'PT3RDNOEY'),
('', 'PT3RDNOEY'),
('', 'PT3RDNOEY'),
('', 'PT3RDNOEY'),
('3rd', 'PT3RDNS'),
('BNK48', 'PT3RDNS'),
('Namsai', 'PT3RDNS'),
('Shonichi', 'PT3RDNS'),
('Single', 'PT3RDNS'),
('', 'PT3RDNS'),
('', 'PT3RDNS'),
('', 'PT3RDNS'),
('', 'PT3RDNS'),
('3rd', 'PT3RDORN'),
('BNK48', 'PT3RDORN'),
('Orn', 'PT3RDORN'),
('Shonichi', 'PT3RDORN'),
('Single', 'PT3RDORN'),
('', 'PT3RDORN'),
('', 'PT3RDORN'),
('', 'PT3RDORN'),
('', 'PT3RDORN'),
('3rd', 'PT3RDPIAM'),
('BNK48', 'PT3RDPIAM'),
('Piam', 'PT3RDPIAM'),
('Shonichi', 'PT3RDPIAM'),
('Single', 'PT3RDPIAM'),
('', 'PT3RDPIAM'),
('', 'PT3RDPIAM'),
('', 'PT3RDPIAM'),
('', 'PT3RDPIAM'),
('3rd', 'PT3RDPUN'),
('BNK48', 'PT3RDPUN'),
('Pun', 'PT3RDPUN'),
('Shonichi', 'PT3RDPUN'),
('Single', 'PT3RDPUN'),
('', 'PT3RDPUN'),
('', 'PT3RDPUN'),
('', 'PT3RDPUN'),
('', 'PT3RDPUN'),
('3rd', 'PT3RDPUPE'),
('BNK48', 'PT3RDPUPE'),
('Pupe', 'PT3RDPUPE'),
('Shonichi', 'PT3RDPUPE'),
('Single', 'PT3RDPUPE'),
('', 'PT3RDPUPE'),
('', 'PT3RDPUPE'),
('', 'PT3RDPUPE'),
('', 'PT3RDPUPE'),
('3rd', 'PT3RDRINA'),
('BNK48', 'PT3RDRINA'),
('Izurina', 'PT3RDRINA'),
('Shonichi', 'PT3RDRINA'),
('Single', 'PT3RDRINA'),
('', 'PT3RDRINA'),
('', 'PT3RDRINA'),
('', 'PT3RDRINA'),
('', 'PT3RDRINA'),
('3rd', 'PT3RDSAT'),
('BNK48', 'PT3RDSAT'),
('Satchan', 'PT3RDSAT'),
('Shonichi', 'PT3RDSAT'),
('Single', 'PT3RDSAT'),
('', 'PT3RDSAT'),
('', 'PT3RDSAT'),
('', 'PT3RDSAT'),
('', 'PT3RDSAT'),
('3rd', 'PT3RDTW'),
('BNK48', 'PT3RDTW'),
('Shonichi', 'PT3RDTW'),
('Single', 'PT3RDTW'),
('Tarwaan', 'PT3RDTW'),
('', 'PT3RDTW'),
('', 'PT3RDTW'),
('', 'PT3RDTW'),
('', 'PT3RDTW'),
('BNK48', 'SHIRTBNKL'),
('shirt', 'SHIRTBNKL'),
('', 'SHIRTBNKL'),
('', 'SHIRTBNKL'),
('BNK48', 'SHIRTBNKXL'),
('Shirt', 'SHIRTBNKXL'),
('', 'SHIRTBNKXL'),
('', 'SHIRTBNKXL'),
('BNK48', 'SHRTBNKWH'),
('Shirt', 'SHRTBNKWH'),
('', 'SHRTBNKWH'),
('', 'SHRTBNKWH'),
('', 'SHRTBNKWH'),
('', 'SHRTBNKWH'),
('2XL', 'SHRTCAMPBK2XL'),
('BNK48', 'SHRTCAMPBK2XL'),
('Campus', 'SHRTCAMPBK2XL'),
('Shirt', 'SHRTCAMPBK2XL'),
('', 'SHRTCAMPBK2XL'),
('', 'SHRTCAMPBK2XL'),
('', 'SHRTCAMPBK2XL'),
('', 'SHRTCAMPBK2XL'),
('BNK48', 'SHRTCAMPBKL'),
('Campus', 'SHRTCAMPBKL'),
('L', 'SHRTCAMPBKL'),
('Shirt', 'SHRTCAMPBKL'),
('', 'SHRTCAMPBKL'),
('', 'SHRTCAMPBKL'),
('', 'SHRTCAMPBKL'),
('', 'SHRTCAMPBKL'),
('BNK48', 'SHRTCAMPBKM'),
('Campus', 'SHRTCAMPBKM'),
('M', 'SHRTCAMPBKM'),
('Shirt', 'SHRTCAMPBKM'),
('', 'SHRTCAMPBKM'),
('', 'SHRTCAMPBKM'),
('', 'SHRTCAMPBKM'),
('', 'SHRTCAMPBKM'),
('BNK48', 'SHRTCAMPBKXL'),
('Campus', 'SHRTCAMPBKXL'),
('Shirt', 'SHRTCAMPBKXL'),
('XL', 'SHRTCAMPBKXL'),
('', 'SHRTCAMPBKXL'),
('', 'SHRTCAMPBKXL'),
('', 'SHRTCAMPBKXL'),
('', 'SHRTCAMPBKXL'),
('BNK48', 'STICCAMPUS'),
('BNK48TheCAMPUS', 'STICCAMPUS'),
('Campus', 'STICCAMPUS'),
('Sticker', 'STICCAMPUS'),
('', 'STICCAMPUS'),
('', 'STICCAMPUS'),
('365', 'WRIS365'),
('BNK48', 'WRIS365'),
('Wristband', 'WRIS365'),
('', 'WRIS365'),
('', 'WRIS365'),
('BNK48', 'WRISCAMP'),
('Campus', 'WRISCAMP'),
('Wristband', 'WRISCAMP'),
('', 'WRISCAMP'),
('', 'WRISCAMP'),
('BNK48', 'WRISCOOKIE'),
('Wristband', 'WRISCOOKIE'),
('', 'WRISCOOKIE'),
('', 'WRISCOOKIE'),
('', 'WRISCOOKIE'),
('BNK48', 'WRISDEBUT'),
('debut', 'WRISDEBUT'),
('Wristband', 'WRISDEBUT'),
('', 'WRISDEBUT'),
('', 'WRISDEBUT'),
('BNK48', 'YAYOCARDJANE'),
('Jane', 'YAYOCARDJANE'),
('Shonichi', 'YAYOCARDJANE'),
('Yayoi', 'YAYOCARDJANE'),
('', 'YAYOCARDJANE'),
('', 'YAYOCARDJANE'),
('', 'YAYOCARDJANE'),
('', 'YAYOCARDJANE'),
('BNK48', 'YAYOCARDKORN'),
('Korn', 'YAYOCARDKORN'),
('Shonichi', 'YAYOCARDKORN'),
('Yayoi', 'YAYOCARDKORN'),
('', 'YAYOCARDKORN'),
('', 'YAYOCARDKORN'),
('', 'YAYOCARDKORN'),
('', 'YAYOCARDKORN'),
('BNK48', 'YAYOCARDMUSI'),
('Music', 'YAYOCARDMUSI'),
('Shonichi', 'YAYOCARDMUSI'),
('Yayoi', 'YAYOCARDMUSI'),
('', 'YAYOCARDMUSI'),
('', 'YAYOCARDMUSI'),
('', 'YAYOCARDMUSI'),
('', 'YAYOCARDMUSI'),
('BNK48', 'YAYOCARDSAT'),
('Satchan', 'YAYOCARDSAT'),
('Shonichi', 'YAYOCARDSAT'),
('Yayoi', 'YAYOCARDSAT'),
('', 'YAYOCARDSAT'),
('', 'YAYOCARDSAT'),
('', 'YAYOCARDSAT'),
('', 'YAYOCARDSAT'),
('yayoi', 'YAYOGLASJENN'),
('', 'YAYOGLASJENN'),
('', 'YAYOGLASJENN'),
('', 'YAYOGLASJENN'),
('', 'YAYOGLASJENN'),
('noey', 'YAYOGLASNOEY'),
('yayoi', 'YAYOGLASNOEY'),
('', 'YAYOGLASNOEY'),
('', 'YAYOGLASNOEY'),
('', 'YAYOGLASNOEY');

-- --------------------------------------------------------

--
-- Table structure for table `unit`
--

CREATE TABLE `unit` (
  `unit_id` int(11) NOT NULL,
  `picture` varchar(100) DEFAULT NULL,
  `name` varchar(100) DEFAULT NULL,
  `description` text
) ENGINE=InnoDB DEFAULT CHARSET=utf8;

--
-- Dumping data for table `unit`
--

INSERT INTO `unit` (`unit_id`, `picture`, `name`, `description`) VALUES
(1, 'charaline.png', 'Charaline', 'Charaline is the unit that members are born before June 1997.'),
(2, 'harajuku1.png', 'Harajuku', 'Harajuku is the unit that members like shopping especially at Harajuku.'),
(3, 'single_1.png', 'Aitakatta', 'Aitakatta is the unit that members are the senbatsu in Aitakatta single'),
(4, 'single_2.png', 'Koisuru Fortune Cookie', 'Koisuru Fortune Cookie is the unit that members are the senbatsu in Koisuru Fortune Cookie single'),
(5, 'single_3.png', 'Shonichi', 'Shonichi is the unit that members are the senbatsu in Shonichi single');

-- --------------------------------------------------------

--
-- Table structure for table `unit_member`
--

CREATE TABLE `unit_member` (
  `unit_id` int(11) NOT NULL,
  `member_code` varchar(10) NOT NULL
) ENGINE=InnoDB DEFAULT CHARSET=utf8;

--
-- Dumping data for table `unit_member`
--

INSERT INTO `unit_member` (`unit_id`, `member_code`) VALUES
(3, 'Can'),
(3, 'Cherprang'),
(4, 'Cherprang'),
(5, 'Cherprang'),
(4, 'Izurina'),
(3, 'Jaa'),
(5, 'Jaa'),
(5, 'Jane'),
(3, 'Jennis'),
(4, 'Jennis'),
(5, 'Jennis'),
(1, 'Kaew'),
(3, 'Kaew'),
(4, 'Kaew'),
(5, 'Kaew'),
(2, 'Kaimook'),
(3, 'Kaimook'),
(4, 'Kaimook'),
(5, 'Kaimook'),
(3, 'Miori'),
(4, 'Miori'),
(2, 'Mobile'),
(4, 'Mobile'),
(5, 'Mobile'),
(3, 'Music'),
(4, 'Music'),
(5, 'Music'),
(1, 'Namneung'),
(3, 'Namneung'),
(4, 'Namneung'),
(5, 'Namneung'),
(1, 'Noey'),
(3, 'Noey'),
(4, 'Noey'),
(5, 'Noey'),
(1, 'Orn'),
(3, 'Orn'),
(4, 'Orn'),
(5, 'Orn'),
(3, 'Pun'),
(4, 'Pun'),
(5, 'Pun'),
(2, 'Pupe'),
(4, 'Pupe'),
(5, 'Pupe'),
(3, 'Satchan'),
(4, 'Satchan'),
(5, 'Satchan'),
(1, 'Tarwaan'),
(3, 'Tarwaan'),
(4, 'Tarwaan'),
(5, 'Tarwaan');

--
-- Indexes for dumped tables
--

--
-- Indexes for table `admin`
--
ALTER TABLE `admin`
  ADD PRIMARY KEY (`admin_user`);

--
-- Indexes for table `cart`
--
ALTER TABLE `cart`
  ADD PRIMARY KEY (`product_code`,`customer_id`),
  ADD KEY `cart_customer_id_idx` (`customer_id`);

--
-- Indexes for table `category`
--
ALTER TABLE `category`
  ADD PRIMARY KEY (`category_code`),
  ADD KEY `category_supercat_idx` (`supercat_code`);

--
-- Indexes for table `cookie`
--
ALTER TABLE `cookie`
  ADD PRIMARY KEY (`cookie_key`),
  ADD KEY `cookie_customer_id_idx` (`customer_id`);

--
-- Indexes for table `customer`
--
ALTER TABLE `customer`
  ADD PRIMARY KEY (`customer_id`),
  ADD UNIQUE KEY `fbid_UNIQUE` (`fbid`),
  ADD KEY `fbid_INDEX` (`fbid`);

--
-- Indexes for table `election`
--
ALTER TABLE `election`
  ADD PRIMARY KEY (`election_id`),
  ADD KEY `election_customer_id` (`customer_id`),
  ADD KEY `election_from` (`from`);

--
-- Indexes for table `event`
--
ALTER TABLE `event`
  ADD PRIMARY KEY (`event_id`);

--
-- Indexes for table `event_member`
--
ALTER TABLE `event_member`
  ADD PRIMARY KEY (`event_id`,`member_code`),
  ADD KEY `event_member_member_code_idx` (`member_code`);

--
-- Indexes for table `event_product`
--
ALTER TABLE `event_product`
  ADD PRIMARY KEY (`event_id`,`product_code`),
  ADD KEY `event_product_product_code_idx` (`product_code`);

--
-- Indexes for table `log`
--
ALTER TABLE `log`
  ADD PRIMARY KEY (`log_id`),
  ADD KEY `log_admin_user_idx` (`admin_user`),
  ADD KEY `customer_id_idx` (`customer_id`);

--
-- Indexes for table `member`
--
ALTER TABLE `member`
  ADD PRIMARY KEY (`member_code`);

--
-- Indexes for table `order`
--
ALTER TABLE `order`
  ADD PRIMARY KEY (`order_code`),
  ADD KEY `order_customer_id_idx` (`customer_id`);

--
-- Indexes for table `order_product`
--
ALTER TABLE `order_product`
  ADD PRIMARY KEY (`order_code`,`product_code`),
  ADD KEY `order_product_product_code_idx` (`product_code`);

--
-- Indexes for table `picture`
--
ALTER TABLE `picture`
  ADD PRIMARY KEY (`picture_id`),
  ADD KEY `picture_product_code_idx` (`product_code`);

--
-- Indexes for table `product`
--
ALTER TABLE `product`
  ADD PRIMARY KEY (`product_code`),
  ADD KEY `product_category_code_idx` (`category_code`);
ALTER TABLE `product` ADD FULLTEXT KEY `product_fulltext` (`product_name`,`product_description`,`product_code`);

--
-- Indexes for table `product_member`
--
ALTER TABLE `product_member`
  ADD PRIMARY KEY (`product_code`,`member_code`),
  ADD KEY `product_member_member_code_idx` (`member_code`);

--
-- Indexes for table `sell`
--
ALTER TABLE `sell`
  ADD PRIMARY KEY (`customer__id`,`product_code`),
  ADD KEY `sale_product_code_idx` (`product_code`);

--
-- Indexes for table `tag_product`
--
ALTER TABLE `tag_product`
  ADD PRIMARY KEY (`tag_name`,`product_code`),
  ADD KEY `tag_product_product_code_idx` (`product_code`);
ALTER TABLE `tag_product` ADD FULLTEXT KEY `tag_product_fulltext` (`tag_name`);

--
-- Indexes for table `unit`
--
ALTER TABLE `unit`
  ADD PRIMARY KEY (`unit_id`);

--
-- Indexes for table `unit_member`
--
ALTER TABLE `unit_member`
  ADD PRIMARY KEY (`unit_id`,`member_code`),
  ADD KEY `unit_member_member_code_idx` (`member_code`);

--
-- AUTO_INCREMENT for dumped tables
--

--
-- AUTO_INCREMENT for table `customer`
--
ALTER TABLE `customer`
  MODIFY `customer_id` int(11) NOT NULL AUTO_INCREMENT, AUTO_INCREMENT=654;

--
-- AUTO_INCREMENT for table `election`
--
ALTER TABLE `election`
  MODIFY `election_id` int(11) NOT NULL AUTO_INCREMENT, AUTO_INCREMENT=25;

--
-- AUTO_INCREMENT for table `event`
--
ALTER TABLE `event`
  MODIFY `event_id` int(11) NOT NULL AUTO_INCREMENT, AUTO_INCREMENT=9;

--
-- AUTO_INCREMENT for table `event_member`
--
ALTER TABLE `event_member`
  MODIFY `event_id` int(11) NOT NULL AUTO_INCREMENT, AUTO_INCREMENT=7;

--
-- AUTO_INCREMENT for table `event_product`
--
ALTER TABLE `event_product`
  MODIFY `event_id` int(11) NOT NULL AUTO_INCREMENT;

--
-- AUTO_INCREMENT for table `log`
--
ALTER TABLE `log`
  MODIFY `log_id` int(11) NOT NULL AUTO_INCREMENT, AUTO_INCREMENT=455;

--
-- AUTO_INCREMENT for table `picture`
--
ALTER TABLE `picture`
  MODIFY `picture_id` int(11) NOT NULL AUTO_INCREMENT, AUTO_INCREMENT=114;

--
-- AUTO_INCREMENT for table `unit`
--
ALTER TABLE `unit`
  MODIFY `unit_id` int(11) NOT NULL AUTO_INCREMENT, AUTO_INCREMENT=6;

--
-- AUTO_INCREMENT for table `unit_member`
--
ALTER TABLE `unit_member`
  MODIFY `unit_id` int(11) NOT NULL AUTO_INCREMENT, AUTO_INCREMENT=6;

--
-- Constraints for dumped tables
--

--
-- Constraints for table `cart`
--
ALTER TABLE `cart`
  ADD CONSTRAINT `cart_customer_id` FOREIGN KEY (`customer_id`) REFERENCES `customer` (`customer_id`) ON DELETE CASCADE ON UPDATE CASCADE,
  ADD CONSTRAINT `cart_product_code` FOREIGN KEY (`product_code`) REFERENCES `product` (`product_code`) ON DELETE CASCADE ON UPDATE CASCADE;

--
-- Constraints for table `category`
--
ALTER TABLE `category`
  ADD CONSTRAINT `category_supercat` FOREIGN KEY (`supercat_code`) REFERENCES `category` (`category_code`) ON DELETE CASCADE ON UPDATE CASCADE;

--
-- Constraints for table `cookie`
--
ALTER TABLE `cookie`
  ADD CONSTRAINT `cookie_customer_id` FOREIGN KEY (`customer_id`) REFERENCES `customer` (`customer_id`) ON DELETE CASCADE ON UPDATE CASCADE;

--
-- Constraints for table `election`
--
ALTER TABLE `election`
  ADD CONSTRAINT `election_customer_id_customer` FOREIGN KEY (`customer_id`) REFERENCES `customer` (`customer_id`) ON DELETE NO ACTION ON UPDATE CASCADE;

--
-- Constraints for table `event_member`
--
ALTER TABLE `event_member`
  ADD CONSTRAINT `event_member_event_id` FOREIGN KEY (`event_id`) REFERENCES `event` (`event_id`) ON DELETE CASCADE ON UPDATE CASCADE,
  ADD CONSTRAINT `event_member_member_code` FOREIGN KEY (`member_code`) REFERENCES `member` (`member_code`) ON DELETE CASCADE ON UPDATE CASCADE;

--
-- Constraints for table `event_product`
--
ALTER TABLE `event_product`
  ADD CONSTRAINT `event_product_event_id` FOREIGN KEY (`event_id`) REFERENCES `event` (`event_id`) ON DELETE CASCADE ON UPDATE CASCADE,
  ADD CONSTRAINT `event_product_product_code` FOREIGN KEY (`product_code`) REFERENCES `product` (`product_code`) ON DELETE CASCADE ON UPDATE CASCADE;

--
-- Constraints for table `log`
--
ALTER TABLE `log`
  ADD CONSTRAINT `log_admin_user` FOREIGN KEY (`admin_user`) REFERENCES `admin` (`admin_user`) ON DELETE NO ACTION ON UPDATE NO ACTION,
  ADD CONSTRAINT `log_customer_id` FOREIGN KEY (`customer_id`) REFERENCES `customer` (`customer_id`) ON DELETE NO ACTION ON UPDATE NO ACTION;

--
-- Constraints for table `order`
--
ALTER TABLE `order`
  ADD CONSTRAINT `order_customer_id` FOREIGN KEY (`customer_id`) REFERENCES `customer` (`customer_id`) ON DELETE CASCADE ON UPDATE CASCADE;

--
-- Constraints for table `order_product`
--
ALTER TABLE `order_product`
  ADD CONSTRAINT `order_product_order_code` FOREIGN KEY (`order_code`) REFERENCES `order` (`order_code`) ON DELETE CASCADE ON UPDATE CASCADE,
  ADD CONSTRAINT `order_product_product_code` FOREIGN KEY (`product_code`) REFERENCES `product` (`product_code`) ON DELETE CASCADE ON UPDATE CASCADE;

--
-- Constraints for table `picture`
--
ALTER TABLE `picture`
  ADD CONSTRAINT `picture_product_code` FOREIGN KEY (`product_code`) REFERENCES `product` (`product_code`) ON DELETE CASCADE ON UPDATE CASCADE;

--
-- Constraints for table `product`
--
ALTER TABLE `product`
  ADD CONSTRAINT `product_category_code` FOREIGN KEY (`category_code`) REFERENCES `category` (`category_code`) ON DELETE CASCADE ON UPDATE CASCADE;

--
-- Constraints for table `product_member`
--
ALTER TABLE `product_member`
  ADD CONSTRAINT `product_member_member_code` FOREIGN KEY (`member_code`) REFERENCES `member` (`member_code`) ON DELETE CASCADE ON UPDATE CASCADE,
  ADD CONSTRAINT `product_member_product_code` FOREIGN KEY (`product_code`) REFERENCES `product` (`product_code`) ON DELETE CASCADE ON UPDATE CASCADE;

--
-- Constraints for table `sell`
--
ALTER TABLE `sell`
  ADD CONSTRAINT `sale_customer_id` FOREIGN KEY (`customer__id`) REFERENCES `customer` (`customer_id`) ON DELETE CASCADE ON UPDATE CASCADE,
  ADD CONSTRAINT `sale_product_code` FOREIGN KEY (`product_code`) REFERENCES `product` (`product_code`) ON DELETE CASCADE ON UPDATE CASCADE;

--
-- Constraints for table `tag_product`
--
ALTER TABLE `tag_product`
  ADD CONSTRAINT `tag_product_product_code` FOREIGN KEY (`product_code`) REFERENCES `product` (`product_code`) ON DELETE CASCADE ON UPDATE CASCADE;

--
-- Constraints for table `unit_member`
--
ALTER TABLE `unit_member`
  ADD CONSTRAINT `unit_member_member_code` FOREIGN KEY (`member_code`) REFERENCES `member` (`member_code`) ON DELETE CASCADE ON UPDATE CASCADE,
  ADD CONSTRAINT `unit_member_unit_id` FOREIGN KEY (`unit_id`) REFERENCES `unit` (`unit_id`) ON DELETE CASCADE ON UPDATE CASCADE;
COMMIT;

/*!40101 SET CHARACTER_SET_CLIENT=@OLD_CHARACTER_SET_CLIENT */;
/*!40101 SET CHARACTER_SET_RESULTS=@OLD_CHARACTER_SET_RESULTS */;
/*!40101 SET COLLATION_CONNECTION=@OLD_COLLATION_CONNECTION */;
